<?xml version="1.0" encoding="UTF-8"?><!--
		Taxonomy: 2017-03-09 (Final)
		********************** 
        Copyright (c) 2017 IFRS Foundation
        All rights reserved. Reproduction and use rights are strictly limited. For more information on the IFRS Foundation's copyright and the terms and conditions of use for these files, please refer to http://go.ifrs.org/IFRSTterms.
        The IFRS Foundation has trade marks registered around the world (Marks) including ‘IAS’, ‘IASB’, ‘IFRIC’, ‘IFRS’, the IFRS logo, ‘IFRS for SMEs’, IFRS for SMEs logo, the ‘Hexagon Device’, ‘International Accounting Standards’, ‘International Financial Reporting Standards’, ‘IFRS Taxonomy’ and ‘SIC’. Further details of the IFRS Foundation’s Marks are available from the Licensor on request.
        **********************
-->
<link:linkbase xmlns:link="http://www.xbrl.org/2003/linkbase" xmlns:ref="http://www.xbrl.org/2006/ref" xmlns:xlink="http://www.w3.org/1999/xlink" xmlns:xsi="http://www.w3.org/2001/XMLSchema-instance" xsi:schemaLocation="http://www.xbrl.org/2006/ref http://www.xbrl.org/2006/ref-2006-02-27.xsd http://www.xbrl.org/2003/linkbase http://www.xbrl.org/2003/xbrl-linkbase-2003-12-31.xsd">
  <link:referenceLink xlink:role="http://www.xbrl.org/2003/role/link" xlink:type="extended">
    <link:reference xlink:label="res_1" xlink:role="http://www.xbrl.org/2003/role/disclosureRef" xlink:type="resource">
      <ref:Name>MC</ref:Name>
      <ref:IssueDate>2017-01-01</ref:IssueDate>
      <ref:Section>Framework for the presentation of management commentary</ref:Section>
      <ref:URI>http://eifrs.ifrs.org/eifrs/XBRL?type=IFRS&amp;num=0&amp;date=2017-03-01&amp;anchor=sect_Frameworkforthepresentationofmanagementcommentary</ref:URI>
      <ref:URIDate>2017-03-09</ref:URIDate>
    </link:reference>
    <link:loc xlink:href="../mc-cor_2017-03-09.xsd#ifrs-mc_ManagementCommentaryExplanatory" xlink:label="loc_1" xlink:type="locator"/>
    <link:referenceArc xlink:arcrole="http://www.xbrl.org/2003/arcrole/concept-reference" xlink:from="loc_1" xlink:to="res_1" xlink:type="arc"/>
    <link:reference xlink:label="res_2" xlink:role="http://www.xbrl.org/2003/role/disclosureRef" xlink:type="resource">
      <ref:Name>MC</ref:Name>
      <ref:IssueDate>2017-01-01</ref:IssueDate>
      <ref:Paragraph>24</ref:Paragraph>
      <ref:Subparagraph>a</ref:Subparagraph>
      <ref:URI>http://eifrs.ifrs.org/eifrs/XBRL?type=IFRS&amp;num=0&amp;date=2017-03-01&amp;anchor=para_24_a&amp;doctype=Handbook</ref:URI>
      <ref:URIDate>2017-03-09</ref:URIDate>
    </link:reference>
    <link:loc xlink:href="../mc-cor_2017-03-09.xsd#ifrs-mc_DisclosureOfNatureOfBusinessExplanatory" xlink:label="loc_2" xlink:type="locator"/>
    <link:referenceArc xlink:arcrole="http://www.xbrl.org/2003/arcrole/concept-reference" xlink:from="loc_2" xlink:to="res_2" xlink:type="arc"/>
    <link:reference xlink:label="res_3" xlink:role="http://www.xbrl.org/2003/role/disclosureRef" xlink:type="resource">
      <ref:Name>MC</ref:Name>
      <ref:IssueDate>2017-01-01</ref:IssueDate>
      <ref:Paragraph>24</ref:Paragraph>
      <ref:Subparagraph>b</ref:Subparagraph>
      <ref:URI>http://eifrs.ifrs.org/eifrs/XBRL?type=IFRS&amp;num=0&amp;date=2017-03-01&amp;anchor=para_24_b&amp;doctype=Handbook</ref:URI>
      <ref:URIDate>2017-03-09</ref:URIDate>
    </link:reference>
    <link:loc xlink:href="../mc-cor_2017-03-09.xsd#ifrs-mc_DisclosureOfManagementsObjectivesAndItsStrategiesForMeetingThoseObjectivesExplanatory" xlink:label="loc_3" xlink:type="locator"/>
    <link:referenceArc xlink:arcrole="http://www.xbrl.org/2003/arcrole/concept-reference" xlink:from="loc_3" xlink:to="res_3" xlink:type="arc"/>
    <link:reference xlink:label="res_4" xlink:role="http://www.xbrl.org/2003/role/disclosureRef" xlink:type="resource">
      <ref:Name>MC</ref:Name>
      <ref:IssueDate>2017-01-01</ref:IssueDate>
      <ref:Paragraph>24</ref:Paragraph>
      <ref:Subparagraph>c</ref:Subparagraph>
      <ref:URI>http://eifrs.ifrs.org/eifrs/XBRL?type=IFRS&amp;num=0&amp;date=2017-03-01&amp;anchor=para_24_c&amp;doctype=Handbook</ref:URI>
      <ref:URIDate>2017-03-09</ref:URIDate>
    </link:reference>
    <link:loc xlink:href="../mc-cor_2017-03-09.xsd#ifrs-mc_DisclosureOfEntitysMostSignificantResourcesRisksAndRelationshipsExplanatory" xlink:label="loc_4" xlink:type="locator"/>
    <link:referenceArc xlink:arcrole="http://www.xbrl.org/2003/arcrole/concept-reference" xlink:from="loc_4" xlink:to="res_4" xlink:type="arc"/>
    <link:reference xlink:label="res_5" xlink:role="http://www.xbrl.org/2003/role/disclosureRef" xlink:type="resource">
      <ref:Name>MC</ref:Name>
      <ref:IssueDate>2017-01-01</ref:IssueDate>
      <ref:Paragraph>24</ref:Paragraph>
      <ref:Subparagraph>d</ref:Subparagraph>
      <ref:URI>http://eifrs.ifrs.org/eifrs/XBRL?type=IFRS&amp;num=0&amp;date=2017-03-01&amp;anchor=para_24_d&amp;doctype=Handbook</ref:URI>
      <ref:URIDate>2017-03-09</ref:URIDate>
    </link:reference>
    <link:loc xlink:href="../mc-cor_2017-03-09.xsd#ifrs-mc_DisclosureOfResultsOfOperationsAndProspectsExplanatory" xlink:label="loc_5" xlink:type="locator"/>
    <link:referenceArc xlink:arcrole="http://www.xbrl.org/2003/arcrole/concept-reference" xlink:from="loc_5" xlink:to="res_5" xlink:type="arc"/>
    <link:reference xlink:label="res_6" xlink:role="http://www.xbrl.org/2003/role/disclosureRef" xlink:type="resource">
      <ref:Name>MC</ref:Name>
      <ref:IssueDate>2017-01-01</ref:IssueDate>
      <ref:Paragraph>24</ref:Paragraph>
      <ref:Subparagraph>e</ref:Subparagraph>
      <ref:URI>http://eifrs.ifrs.org/eifrs/XBRL?type=IFRS&amp;num=0&amp;date=2017-03-01&amp;anchor=para_24_e&amp;doctype=Handbook</ref:URI>
      <ref:URIDate>2017-03-09</ref:URIDate>
    </link:reference>
    <link:loc xlink:href="../mc-cor_2017-03-09.xsd#ifrs-mc_DisclosureOfCriticalPerformanceMeasuresAndIndicatorsThatManagementUsesToEvaluateEntitysPerformanceAgainstStatedObjectivesExplanatory" xlink:label="loc_6" xlink:type="locator"/>
    <link:referenceArc xlink:arcrole="http://www.xbrl.org/2003/arcrole/concept-reference" xlink:from="loc_6" xlink:to="res_6" xlink:type="arc"/>
  </link:referenceLink>
</link:linkbase>
  
