<?xml version="1.0" encoding="UTF-8"?><!--
		Taxonomy: 2017-03-09 (Final)
		********************** 
        Copyright (c) 2017 IFRS Foundation
        All rights reserved. Reproduction and use rights are strictly limited. For more information on the IFRS Foundation's copyright and the terms and conditions of use for these files, please refer to http://go.ifrs.org/IFRSTterms.
        The IFRS Foundation has trade marks registered around the world (Marks) including ‘IAS’, ‘IASB’, ‘IFRIC’, ‘IFRS’, the IFRS logo, ‘IFRS for SMEs’, IFRS for SMEs logo, the ‘Hexagon Device’, ‘International Accounting Standards’, ‘International Financial Reporting Standards’, ‘IFRS Taxonomy’ and ‘SIC’. Further details of the IFRS Foundation’s Marks are available from the Licensor on request.
        **********************
-->
<link:linkbase xml:lang="en-US" xmlns:link="http://www.xbrl.org/2003/linkbase" xmlns:xlink="http://www.w3.org/1999/xlink" xmlns:xsi="http://www.w3.org/2001/XMLSchema-instance" xsi:schemaLocation="http://www.xbrl.org/2003/linkbase http://www.xbrl.org/2003/xbrl-linkbase-2003-12-31.xsd">
  <link:labelLink xlink:role="http://www.xbrl.org/2003/role/link" xlink:type="extended">
    <link:label id="ifrs-smes_DescriptionOfReasonWhyReliableMeasureOfFairValueForEquityInstrumentMeasuredAtFairValueThroughProfitOrLossIsNoLongerAvailable_documentation" xlink:label="res_1" xlink:role="http://www.xbrl.org/2003/role/documentation" xlink:type="resource" xml:lang="en">The description of the reason why the reliable measure of fair value for an equity instrument measured at fair value through profit or loss is no longer available. [Refer: At fair value [member]]</link:label>
    <link:loc xlink:href="ifrs_for_smes-depr_2017-03-09.xsd#ifrs-smes_DescriptionOfReasonWhyReliableMeasureOfFairValueForEquityInstrumentMeasuredAtFairValueThroughProfitOrLossIsNoLongerAvailable" xlink:label="loc_1" xlink:type="locator"/>
    <link:labelArc xlink:arcrole="http://www.xbrl.org/2003/arcrole/concept-label" xlink:from="loc_1" xlink:to="res_1" xlink:type="arc"/>
    <link:label id="ifrs-smes_DisclosureOfInvestmentPropertyLineItems_documentation" xlink:label="res_2" xlink:role="http://www.xbrl.org/2003/role/documentation" xlink:type="resource" xml:lang="en">Line items represent concepts included in a table. These concepts are used to disclose reportable information associated with domain members defined in one or many axes of the table.</link:label>
    <link:loc xlink:href="ifrs_for_smes-depr_2017-03-09.xsd#ifrs-smes_DisclosureOfInvestmentPropertyLineItems" xlink:label="loc_2" xlink:type="locator"/>
    <link:labelArc xlink:arcrole="http://www.xbrl.org/2003/arcrole/concept-label" xlink:from="loc_2" xlink:to="res_2" xlink:type="arc"/>
    <link:label id="ifrs-smes_DisclosureOfInvestmentPropertyTable_documentation" xlink:label="res_3" xlink:role="http://www.xbrl.org/2003/role/documentation" xlink:type="resource" xml:lang="en">Schedule disclosing information related to details of investment property.</link:label>
    <link:loc xlink:href="ifrs_for_smes-depr_2017-03-09.xsd#ifrs-smes_DisclosureOfInvestmentPropertyTable" xlink:label="loc_3" xlink:type="locator"/>
    <link:labelArc xlink:arcrole="http://www.xbrl.org/2003/arcrole/concept-label" xlink:from="loc_3" xlink:to="res_3" xlink:type="arc"/>
    <link:label id="ifrs-smes_DisclosureOfDetailedInformationAboutInvestmentPropertyExplanatory_documentation" xlink:label="res_4" xlink:role="http://www.xbrl.org/2003/role/documentation" xlink:type="resource" xml:lang="en">The disclosure of detailed information about investment property. [Refer: Investment property]</link:label>
    <link:loc xlink:href="ifrs_for_smes-depr_2017-03-09.xsd#ifrs-smes_DisclosureOfDetailedInformationAboutInvestmentPropertyExplanatory" xlink:label="loc_4" xlink:type="locator"/>
    <link:labelArc xlink:arcrole="http://www.xbrl.org/2003/arcrole/concept-label" xlink:from="loc_4" xlink:to="res_4" xlink:type="arc"/>
    <link:label id="ifrs-smes_IncreaseDecreaseThroughExpectedReturnReimbursementRightsAtFairValue_documentation" xlink:label="res_5" xlink:role="http://www.xbrl.org/2003/role/documentation" xlink:type="resource" xml:lang="en">The increase (decrease) in the fair value of reimbursement rights resulting from the expected return on reimbursement rights. [Refer: At fair value [member]; Reimbursement rights, at fair value]</link:label>
    <link:loc xlink:href="ifrs_for_smes-depr_2017-03-09.xsd#ifrs-smes_IncreaseDecreaseThroughExpectedReturnReimbursementRightsAtFairValue" xlink:label="loc_5" xlink:type="locator"/>
    <link:labelArc xlink:arcrole="http://www.xbrl.org/2003/arcrole/concept-label" xlink:from="loc_5" xlink:to="res_5" xlink:type="arc"/>
    <link:label id="ifrs-smes_IncreaseDecreaseThroughExpectedReturnPlanAssetsAtFairValue_documentation" xlink:label="res_6" xlink:role="http://www.xbrl.org/2003/role/documentation" xlink:type="resource" xml:lang="en">The increase (decrease) in the fair value of defined benefit plan assets resulting from the expected return on plan assets. [Refer: At fair value [member]; Plan assets, at fair value; Defined benefit plans [member]]</link:label>
    <link:loc xlink:href="ifrs_for_smes-depr_2017-03-09.xsd#ifrs-smes_IncreaseDecreaseThroughExpectedReturnPlanAssetsAtFairValue" xlink:label="loc_6" xlink:type="locator"/>
    <link:labelArc xlink:arcrole="http://www.xbrl.org/2003/arcrole/concept-label" xlink:from="loc_6" xlink:to="res_6" xlink:type="arc"/>
    <link:label id="ifrs-smes_StatementThatReliableMeasureOfFairValueForEquityInstrumentsMeasuredAtFairValueThroughProfitOrLossIsNoLongerAvailable_documentation" xlink:label="res_7" xlink:role="http://www.xbrl.org/2003/role/documentation" xlink:type="resource" xml:lang="en">The statement that a reliable measure of fair value for equity instruments measured at fair value through profit or loss is no longer available.</link:label>
    <link:loc xlink:href="ifrs_for_smes-depr_2017-03-09.xsd#ifrs-smes_StatementThatReliableMeasureOfFairValueForEquityInstrumentsMeasuredAtFairValueThroughProfitOrLossIsNoLongerAvailable" xlink:label="loc_7" xlink:type="locator"/>
    <link:labelArc xlink:arcrole="http://www.xbrl.org/2003/arcrole/concept-label" xlink:from="loc_7" xlink:to="res_7" xlink:type="arc"/>
    <link:label id="ifrs-smes_InformationAboutContingentAssetsThatDisclosureIsNotPracticable_documentation" xlink:label="res_8" xlink:role="http://www.xbrl.org/2003/role/documentation" xlink:type="resource" xml:lang="en">Information about the fact that the disclosure of information related to possible assets that arise from past events and whose existence will be confirmed only by the occurrence or non-occurrence of one or more uncertain future events not wholly within control of the entity is not practicable.</link:label>
    <link:loc xlink:href="ifrs_for_smes-depr_2017-03-09.xsd#ifrs-smes_InformationAboutContingentAssetsThatDisclosureIsNotPracticable" xlink:label="loc_8" xlink:type="locator"/>
    <link:labelArc xlink:arcrole="http://www.xbrl.org/2003/arcrole/concept-label" xlink:from="loc_8" xlink:to="res_8" xlink:type="arc"/>
    <link:label id="ifrs-smes_DescriptionOfAccountingPolicyForTerminationBenefits_documentation" xlink:label="res_9" xlink:role="http://www.xbrl.org/2003/role/documentation" xlink:type="resource" xml:lang="en">The description of the entity's accounting policy for termination benefits. [Refer: Termination benefits [member]]</link:label>
    <link:loc xlink:href="ifrs_for_smes-depr_2017-03-09.xsd#ifrs-smes_DescriptionOfAccountingPolicyForTerminationBenefits" xlink:label="loc_9" xlink:type="locator"/>
    <link:labelArc xlink:arcrole="http://www.xbrl.org/2003/arcrole/concept-label" xlink:from="loc_9" xlink:to="res_9" xlink:type="arc"/>
    <link:label id="ifrs-smes_TransferToPropertyPlantAndEquipmentInvestmentProperty_documentation" xlink:label="res_10" xlink:role="http://www.xbrl.org/2003/role/documentation" xlink:type="resource" xml:lang="en">The decrease in investment property at fair value through profit or loss relating to transfers to property, plant and equipment when a reliable measure of fair value is no longer available without undue cost or effort. [Refer: Investment property [member]; Property, plant and equipment]</link:label>
    <link:loc xlink:href="ifrs_for_smes-depr_2017-03-09.xsd#ifrs-smes_TransferToPropertyPlantAndEquipmentInvestmentProperty" xlink:label="loc_10" xlink:type="locator"/>
    <link:labelArc xlink:arcrole="http://www.xbrl.org/2003/arcrole/concept-label" xlink:from="loc_10" xlink:to="res_10" xlink:type="arc"/>
    <link:label id="ifrs-smes_InvestmentPropertyWhoseFairValueCannotBeMeasuredReliablyWithoutUndueCostOrEffortOnOngoingBasisMember_documentation" xlink:label="res_11" xlink:role="http://www.xbrl.org/2003/role/documentation" xlink:type="resource" xml:lang="en">This member stands for a class of property, plant and equipment representing investment property at cost less accumulated depreciation and impairment because the fair value cannot be measured reliably without undue cost or effort on an ongoing basis. [Refer: Investment property [member]; Property, plant and equipment]</link:label>
    <link:loc xlink:href="ifrs_for_smes-depr_2017-03-09.xsd#ifrs-smes_InvestmentPropertyWhoseFairValueCannotBeMeasuredReliablyWithoutUndueCostOrEffortOnOngoingBasisMember" xlink:label="loc_11" xlink:type="locator"/>
    <link:labelArc xlink:arcrole="http://www.xbrl.org/2003/arcrole/concept-label" xlink:from="loc_11" xlink:to="res_11" xlink:type="arc"/>
    <link:label id="ifrs-smes_TransfersToInvestmentPropertyAtFairValuePropertyPlantAndEquipment_documentation" xlink:label="res_12" xlink:role="http://www.xbrl.org/2003/role/documentation" xlink:type="resource" xml:lang="en">The decrease in property, plant and equipment relating to transfers to investment property when a reliable measure of fair value becomes available. [Refer: Investment property [member]; Property, plant and equipment]</link:label>
    <link:loc xlink:href="ifrs_for_smes-depr_2017-03-09.xsd#ifrs-smes_TransfersToInvestmentPropertyAtFairValuePropertyPlantAndEquipment" xlink:label="loc_12" xlink:type="locator"/>
    <link:labelArc xlink:arcrole="http://www.xbrl.org/2003/arcrole/concept-label" xlink:from="loc_12" xlink:to="res_12" xlink:type="arc"/>
    <link:label id="ifrs-smes_AnalysisOfChangeInValuationAllowancesExplanatory_documentation" xlink:label="res_13" xlink:role="http://www.xbrl.org/2003/role/documentation" xlink:type="resource" xml:lang="en">Analysis of the change in valuation allowances against deferred tax assets. [Refer: Valuation allowance against deferred tax assets]</link:label>
    <link:loc xlink:href="ifrs_for_smes-depr_2017-03-09.xsd#ifrs-smes_AnalysisOfChangeInValuationAllowancesExplanatory" xlink:label="loc_13" xlink:type="locator"/>
    <link:labelArc xlink:arcrole="http://www.xbrl.org/2003/arcrole/concept-label" xlink:from="loc_13" xlink:to="res_13" xlink:type="arc"/>
    <link:label id="ifrs-smes_EffectOnDeferredTaxExpenseArisingFromReviewByTaxAuthorities_documentation" xlink:label="res_14" xlink:role="http://www.xbrl.org/2003/role/documentation" xlink:type="resource" xml:lang="en">The effect on deferred tax expense of the review of tax returns by tax authorities. Deferred tax is income tax payable (recoverable) in respect of the taxable profit (tax loss) for future reporting periods as a result of past transactions or events.</link:label>
    <link:loc xlink:href="ifrs_for_smes-depr_2017-03-09.xsd#ifrs-smes_EffectOnDeferredTaxExpenseArisingFromReviewByTaxAuthorities" xlink:label="loc_14" xlink:type="locator"/>
    <link:labelArc xlink:arcrole="http://www.xbrl.org/2003/arcrole/concept-label" xlink:from="loc_14" xlink:to="res_14" xlink:type="arc"/>
    <link:label id="ifrs-smes_ExplanationOfSignificantDifferencesInAmountPresentedInStatementOfComprehensiveIncomeAndAmountsReportedToTaxAuthorities_documentation" xlink:label="res_15" xlink:role="http://www.xbrl.org/2003/role/documentation" xlink:type="resource" xml:lang="en">The explanation of significant differences in the amount presented in the statement of comprehensive income and amounts reported to tax authorities.</link:label>
    <link:loc xlink:href="ifrs_for_smes-depr_2017-03-09.xsd#ifrs-smes_ExplanationOfSignificantDifferencesInAmountPresentedInStatementOfComprehensiveIncomeAndAmountsReportedToTaxAuthorities" xlink:label="loc_15" xlink:type="locator"/>
    <link:labelArc xlink:arcrole="http://www.xbrl.org/2003/arcrole/concept-label" xlink:from="loc_15" xlink:to="res_15" xlink:type="arc"/>
    <link:label id="ifrs-smes_TaxExpenseIncomeFromChangeInValuationAllowance_documentation" xlink:label="res_16" xlink:role="http://www.xbrl.org/2003/role/documentation" xlink:type="resource" xml:lang="en">The amount of tax expense or income resulting from a change in the valuation allowance against deferred tax assets. [Refer: Valuation allowance against deferred tax assets]</link:label>
    <link:loc xlink:href="ifrs_for_smes-depr_2017-03-09.xsd#ifrs-smes_TaxExpenseIncomeFromChangeInValuationAllowance" xlink:label="loc_16" xlink:type="locator"/>
    <link:labelArc xlink:arcrole="http://www.xbrl.org/2003/arcrole/concept-label" xlink:from="loc_16" xlink:to="res_16" xlink:type="arc"/>
    <link:label id="ifrs-smes_ValuationAllowance2011_documentation" xlink:label="res_17" xlink:role="http://www.xbrl.org/2003/role/documentation" xlink:type="resource" xml:lang="en">The amount recognised against deferred tax assets so that the net carrying amount equals the highest amount that is more likely than not to be recovered based on current or future taxable profit. [Refer: Deferred tax assets]</link:label>
    <link:loc xlink:href="ifrs_for_smes-depr_2017-03-09.xsd#ifrs-smes_ValuationAllowance2011" xlink:label="loc_17" xlink:type="locator"/>
    <link:labelArc xlink:arcrole="http://www.xbrl.org/2003/arcrole/concept-label" xlink:from="loc_17" xlink:to="res_17" xlink:type="arc"/>
  </link:labelLink>
</link:linkbase>
