<?xml version="1.0" encoding="UTF-8"?><!--
		Taxonomy: 2017-03-09 (Final)
		********************** 
        Copyright (c) 2017 IFRS Foundation
        All rights reserved. Reproduction and use rights are strictly limited. For more information on the IFRS Foundation's copyright and the terms and conditions of use for these files, please refer to http://go.ifrs.org/IFRSTterms.
        The IFRS Foundation has trade marks registered around the world (Marks) including ‘IAS’, ‘IASB’, ‘IFRIC’, ‘IFRS’, the IFRS logo, ‘IFRS for SMEs’, IFRS for SMEs logo, the ‘Hexagon Device’, ‘International Accounting Standards’, ‘International Financial Reporting Standards’, ‘IFRS Taxonomy’ and ‘SIC’. Further details of the IFRS Foundation’s Marks are available from the Licensor on request.
        **********************
-->
<link:linkbase xmlns:link="http://www.xbrl.org/2003/linkbase" xmlns:xbrldt="http://xbrl.org/2005/xbrldt" xmlns:xlink="http://www.w3.org/1999/xlink" xmlns:xsi="http://www.w3.org/2001/XMLSchema-instance" xsi:schemaLocation="http://www.xbrl.org/2003/linkbase http://www.xbrl.org/2003/xbrl-linkbase-2003-12-31.xsd">
  <link:roleRef roleURI="http://www.xbrl.org/2009/role/deprecatedDateLabel" xlink:href="http://www.xbrl.org/lrr/role/deprecated-2009-12-16.xsd#deprecatedDateLabel" xlink:type="simple"/>
  <link:roleRef roleURI="http://www.xbrl.org/2009/role/deprecatedLabel" xlink:href="http://www.xbrl.org/lrr/role/deprecated-2009-12-16.xsd#deprecatedLabel" xlink:type="simple"/>
  <link:labelLink xlink:role="http://www.xbrl.org/2003/role/link" xlink:type="extended">
    <link:label id="ifrs-smes_DescriptionOfReasonWhyReliableMeasureOfFairValueForEquityInstrumentMeasuredAtFairValueThroughProfitOrLossIsNoLongerAvailable_label" xlink:label="res_1" xlink:role="http://www.xbrl.org/2003/role/label" xlink:type="resource" xml:lang="en">Description of reason why reliable measure of fair value for equity instrument measured at fair value through profit or loss is no longer available</link:label>
    <link:loc xlink:href="ifrs_for_smes-depr_2017-03-09.xsd#ifrs-smes_DescriptionOfReasonWhyReliableMeasureOfFairValueForEquityInstrumentMeasuredAtFairValueThroughProfitOrLossIsNoLongerAvailable" xlink:label="loc_1" xlink:type="locator"/>
    <link:labelArc xlink:arcrole="http://www.xbrl.org/2003/arcrole/concept-label" xlink:from="loc_1" xlink:to="res_1" xlink:type="arc"/>
    <link:label id="ifrs-smes_DescriptionOfReasonWhyReliableMeasureOfFairValueForEquityInstrumentMeasuredAtFairValueThroughProfitOrLossIsNoLongerAvailable_deprecatedLabel" xlink:label="res_2" xlink:role="http://www.xbrl.org/2009/role/deprecatedLabel" xlink:type="resource" xml:lang="en">Concept not required by IFRS for SMEs</link:label>
    <link:labelArc xlink:arcrole="http://www.xbrl.org/2003/arcrole/concept-label" xlink:from="loc_1" xlink:to="res_2" xlink:type="arc"/>
    <link:label id="ifrs-smes_DescriptionOfReasonWhyReliableMeasureOfFairValueForEquityInstrumentMeasuredAtFairValueThroughProfitOrLossIsNoLongerAvailable_deprecatedDateLabel" xlink:label="res_3" xlink:role="http://www.xbrl.org/2009/role/deprecatedDateLabel" xlink:type="resource" xml:lang="en">2015-05-21</link:label>
    <link:labelArc xlink:arcrole="http://www.xbrl.org/2003/arcrole/concept-label" xlink:from="loc_1" xlink:to="res_3" xlink:type="arc"/>
    <link:label id="ifrs-smes_DisclosureOfInvestmentPropertyLineItems_label" xlink:label="res_4" xlink:role="http://www.xbrl.org/2003/role/label" xlink:type="resource" xml:lang="en">Disclosure of detailed information about investment property [line items]</link:label>
    <link:loc xlink:href="ifrs_for_smes-depr_2017-03-09.xsd#ifrs-smes_DisclosureOfInvestmentPropertyLineItems" xlink:label="loc_2" xlink:type="locator"/>
    <link:labelArc xlink:arcrole="http://www.xbrl.org/2003/arcrole/concept-label" xlink:from="loc_2" xlink:to="res_4" xlink:type="arc"/>
    <link:label id="ifrs-smes_DisclosureOfInvestmentPropertyLineItems_deprecatedLabel" xlink:label="res_5" xlink:role="http://www.xbrl.org/2009/role/deprecatedLabel" xlink:type="resource" xml:lang="en">Concept not required by IFRS for SMEs</link:label>
    <link:labelArc xlink:arcrole="http://www.xbrl.org/2003/arcrole/concept-label" xlink:from="loc_2" xlink:to="res_5" xlink:type="arc"/>
    <link:label id="ifrs-smes_DisclosureOfInvestmentPropertyLineItems_deprecatedDateLabel" xlink:label="res_6" xlink:role="http://www.xbrl.org/2009/role/deprecatedDateLabel" xlink:type="resource" xml:lang="en">2015-05-21</link:label>
    <link:labelArc xlink:arcrole="http://www.xbrl.org/2003/arcrole/concept-label" xlink:from="loc_2" xlink:to="res_6" xlink:type="arc"/>
    <link:label id="ifrs-smes_DisclosureOfInvestmentPropertyTable_label" xlink:label="res_7" xlink:role="http://www.xbrl.org/2003/role/label" xlink:type="resource" xml:lang="en">Disclosure of detailed information about investment property [table]</link:label>
    <link:loc xlink:href="ifrs_for_smes-depr_2017-03-09.xsd#ifrs-smes_DisclosureOfInvestmentPropertyTable" xlink:label="loc_3" xlink:type="locator"/>
    <link:labelArc xlink:arcrole="http://www.xbrl.org/2003/arcrole/concept-label" xlink:from="loc_3" xlink:to="res_7" xlink:type="arc"/>
    <link:label id="ifrs-smes_DisclosureOfInvestmentPropertyTable_deprecatedLabel" xlink:label="res_8" xlink:role="http://www.xbrl.org/2009/role/deprecatedLabel" xlink:type="resource" xml:lang="en">Concept not required by IFRS for SMEs</link:label>
    <link:labelArc xlink:arcrole="http://www.xbrl.org/2003/arcrole/concept-label" xlink:from="loc_3" xlink:to="res_8" xlink:type="arc"/>
    <link:label id="ifrs-smes_DisclosureOfInvestmentPropertyTable_deprecatedDateLabel" xlink:label="res_9" xlink:role="http://www.xbrl.org/2009/role/deprecatedDateLabel" xlink:type="resource" xml:lang="en">2015-05-21</link:label>
    <link:labelArc xlink:arcrole="http://www.xbrl.org/2003/arcrole/concept-label" xlink:from="loc_3" xlink:to="res_9" xlink:type="arc"/>
    <link:label id="ifrs-smes_DisclosureOfInvestmentPropertyAbstract_label" xlink:label="res_10" xlink:role="http://www.xbrl.org/2003/role/label" xlink:type="resource" xml:lang="en">Disclosure of detailed information about investment property [abstract]</link:label>
    <link:loc xlink:href="ifrs_for_smes-depr_2017-03-09.xsd#ifrs-smes_DisclosureOfInvestmentPropertyAbstract" xlink:label="loc_4" xlink:type="locator"/>
    <link:labelArc xlink:arcrole="http://www.xbrl.org/2003/arcrole/concept-label" xlink:from="loc_4" xlink:to="res_10" xlink:type="arc"/>
    <link:label id="ifrs-smes_DisclosureOfInvestmentPropertyAbstract_deprecatedLabel" xlink:label="res_11" xlink:role="http://www.xbrl.org/2009/role/deprecatedLabel" xlink:type="resource" xml:lang="en">Concept not required by IFRS for SMEs</link:label>
    <link:labelArc xlink:arcrole="http://www.xbrl.org/2003/arcrole/concept-label" xlink:from="loc_4" xlink:to="res_11" xlink:type="arc"/>
    <link:label id="ifrs-smes_DisclosureOfInvestmentPropertyAbstract_deprecatedDateLabel" xlink:label="res_12" xlink:role="http://www.xbrl.org/2009/role/deprecatedDateLabel" xlink:type="resource" xml:lang="en">2015-05-21</link:label>
    <link:labelArc xlink:arcrole="http://www.xbrl.org/2003/arcrole/concept-label" xlink:from="loc_4" xlink:to="res_12" xlink:type="arc"/>
    <link:label id="ifrs-smes_DisclosureOfDetailedInformationAboutInvestmentPropertyExplanatory_label" xlink:label="res_13" xlink:role="http://www.xbrl.org/2003/role/label" xlink:type="resource" xml:lang="en">Disclosure of detailed information about investment property [text block]</link:label>
    <link:loc xlink:href="ifrs_for_smes-depr_2017-03-09.xsd#ifrs-smes_DisclosureOfDetailedInformationAboutInvestmentPropertyExplanatory" xlink:label="loc_5" xlink:type="locator"/>
    <link:labelArc xlink:arcrole="http://www.xbrl.org/2003/arcrole/concept-label" xlink:from="loc_5" xlink:to="res_13" xlink:type="arc"/>
    <link:label id="ifrs-smes_DisclosureOfDetailedInformationAboutInvestmentPropertyExplanatory_deprecatedLabel" xlink:label="res_14" xlink:role="http://www.xbrl.org/2009/role/deprecatedLabel" xlink:type="resource" xml:lang="en">Concept not required by IFRS for SMEs</link:label>
    <link:labelArc xlink:arcrole="http://www.xbrl.org/2003/arcrole/concept-label" xlink:from="loc_5" xlink:to="res_14" xlink:type="arc"/>
    <link:label id="ifrs-smes_DisclosureOfDetailedInformationAboutInvestmentPropertyExplanatory_deprecatedDateLabel" xlink:label="res_15" xlink:role="http://www.xbrl.org/2009/role/deprecatedDateLabel" xlink:type="resource" xml:lang="en">2015-05-21</link:label>
    <link:labelArc xlink:arcrole="http://www.xbrl.org/2003/arcrole/concept-label" xlink:from="loc_5" xlink:to="res_15" xlink:type="arc"/>
    <link:label id="ifrs-smes_ComponentsOfOtherComprehensiveIncomeNetOfTaxAbstract_label" xlink:label="res_16" xlink:role="http://www.xbrl.org/2003/role/label" xlink:type="resource" xml:lang="en">Components of other comprehensive income, net of tax [abstract]</link:label>
    <link:loc xlink:href="ifrs_for_smes-depr_2017-03-09.xsd#ifrs-smes_ComponentsOfOtherComprehensiveIncomeNetOfTaxAbstract" xlink:label="loc_6" xlink:type="locator"/>
    <link:labelArc xlink:arcrole="http://www.xbrl.org/2003/arcrole/concept-label" xlink:from="loc_6" xlink:to="res_16" xlink:type="arc"/>
    <link:label id="ifrs-smes_ComponentsOfOtherComprehensiveIncomeNetOfTaxAbstract_deprecatedLabel" xlink:label="res_17" xlink:role="http://www.xbrl.org/2009/role/deprecatedLabel" xlink:type="resource" xml:lang="en">Unnecessary abstract concept</link:label>
    <link:labelArc xlink:arcrole="http://www.xbrl.org/2003/arcrole/concept-label" xlink:from="loc_6" xlink:to="res_17" xlink:type="arc"/>
    <link:label id="ifrs-smes_ComponentsOfOtherComprehensiveIncomeNetOfTaxAbstract_deprecatedDateLabel" xlink:label="res_18" xlink:role="http://www.xbrl.org/2009/role/deprecatedDateLabel" xlink:type="resource" xml:lang="en">2015-05-21</link:label>
    <link:labelArc xlink:arcrole="http://www.xbrl.org/2003/arcrole/concept-label" xlink:from="loc_6" xlink:to="res_18" xlink:type="arc"/>
    <link:label id="ifrs-smes_ComponentsOfOtherComprehensiveIncomeBeforeTaxAbstract_label" xlink:label="res_19" xlink:role="http://www.xbrl.org/2003/role/label" xlink:type="resource" xml:lang="en">Components of other comprehensive income, before tax [abstract]</link:label>
    <link:loc xlink:href="ifrs_for_smes-depr_2017-03-09.xsd#ifrs-smes_ComponentsOfOtherComprehensiveIncomeBeforeTaxAbstract" xlink:label="loc_7" xlink:type="locator"/>
    <link:labelArc xlink:arcrole="http://www.xbrl.org/2003/arcrole/concept-label" xlink:from="loc_7" xlink:to="res_19" xlink:type="arc"/>
    <link:label id="ifrs-smes_ComponentsOfOtherComprehensiveIncomeBeforeTaxAbstract_deprecatedLabel" xlink:label="res_20" xlink:role="http://www.xbrl.org/2009/role/deprecatedLabel" xlink:type="resource" xml:lang="en">Unnecessary abstract concept</link:label>
    <link:labelArc xlink:arcrole="http://www.xbrl.org/2003/arcrole/concept-label" xlink:from="loc_7" xlink:to="res_20" xlink:type="arc"/>
    <link:label id="ifrs-smes_ComponentsOfOtherComprehensiveIncomeBeforeTaxAbstract_deprecatedDateLabel" xlink:label="res_21" xlink:role="http://www.xbrl.org/2009/role/deprecatedDateLabel" xlink:type="resource" xml:lang="en">2015-05-21</link:label>
    <link:labelArc xlink:arcrole="http://www.xbrl.org/2003/arcrole/concept-label" xlink:from="loc_7" xlink:to="res_21" xlink:type="arc"/>
    <link:label id="ifrs-smes_IncreaseDecreaseThroughExpectedReturnReimbursementRightsAtFairValue_label" xlink:label="res_22" xlink:role="http://www.xbrl.org/2003/role/label" xlink:type="resource" xml:lang="en">Increase (decrease) through expected return, reimbursement rights, at fair value</link:label>
    <link:loc xlink:href="ifrs_for_smes-depr_2017-03-09.xsd#ifrs-smes_IncreaseDecreaseThroughExpectedReturnReimbursementRightsAtFairValue" xlink:label="loc_8" xlink:type="locator"/>
    <link:labelArc xlink:arcrole="http://www.xbrl.org/2003/arcrole/concept-label" xlink:from="loc_8" xlink:to="res_22" xlink:type="arc"/>
    <link:label id="ifrs-smes_IncreaseDecreaseThroughExpectedReturnReimbursementRightsAtFairValue_deprecatedLabel" xlink:label="res_23" xlink:role="http://www.xbrl.org/2009/role/deprecatedLabel" xlink:type="resource" xml:lang="en">Concept not required by IFRS for SMEs</link:label>
    <link:labelArc xlink:arcrole="http://www.xbrl.org/2003/arcrole/concept-label" xlink:from="loc_8" xlink:to="res_23" xlink:type="arc"/>
    <link:label id="ifrs-smes_IncreaseDecreaseThroughExpectedReturnReimbursementRightsAtFairValue_deprecatedDateLabel" xlink:label="res_24" xlink:role="http://www.xbrl.org/2009/role/deprecatedDateLabel" xlink:type="resource" xml:lang="en">2015-05-21</link:label>
    <link:labelArc xlink:arcrole="http://www.xbrl.org/2003/arcrole/concept-label" xlink:from="loc_8" xlink:to="res_24" xlink:type="arc"/>
    <link:label id="ifrs-smes_IncreaseDecreaseThroughExpectedReturnPlanAssetsAtFairValue_label" xlink:label="res_25" xlink:role="http://www.xbrl.org/2003/role/label" xlink:type="resource" xml:lang="en">Increase (decrease) through expected return, plan assets, at fair value</link:label>
    <link:loc xlink:href="ifrs_for_smes-depr_2017-03-09.xsd#ifrs-smes_IncreaseDecreaseThroughExpectedReturnPlanAssetsAtFairValue" xlink:label="loc_9" xlink:type="locator"/>
    <link:labelArc xlink:arcrole="http://www.xbrl.org/2003/arcrole/concept-label" xlink:from="loc_9" xlink:to="res_25" xlink:type="arc"/>
    <link:label id="ifrs-smes_IncreaseDecreaseThroughExpectedReturnPlanAssetsAtFairValue_deprecatedLabel" xlink:label="res_26" xlink:role="http://www.xbrl.org/2009/role/deprecatedLabel" xlink:type="resource" xml:lang="en">Concept not required by IFRS for SMEs</link:label>
    <link:labelArc xlink:arcrole="http://www.xbrl.org/2003/arcrole/concept-label" xlink:from="loc_9" xlink:to="res_26" xlink:type="arc"/>
    <link:label id="ifrs-smes_IncreaseDecreaseThroughExpectedReturnPlanAssetsAtFairValue_deprecatedDateLabel" xlink:label="res_27" xlink:role="http://www.xbrl.org/2009/role/deprecatedDateLabel" xlink:type="resource" xml:lang="en">2015-05-21</link:label>
    <link:labelArc xlink:arcrole="http://www.xbrl.org/2003/arcrole/concept-label" xlink:from="loc_9" xlink:to="res_27" xlink:type="arc"/>
    <link:label id="ifrs-smes_StatementThatReliableMeasureOfFairValueForEquityInstrumentsMeasuredAtFairValueThroughProfitOrLossIsNoLongerAvailable_label" xlink:label="res_28" xlink:role="http://www.xbrl.org/2003/role/label" xlink:type="resource" xml:lang="en">Statement that reliable measure of fair value for equity instruments measured at fair value through profit or loss is no longer available</link:label>
    <link:loc xlink:href="ifrs_for_smes-depr_2017-03-09.xsd#ifrs-smes_StatementThatReliableMeasureOfFairValueForEquityInstrumentsMeasuredAtFairValueThroughProfitOrLossIsNoLongerAvailable" xlink:label="loc_10" xlink:type="locator"/>
    <link:labelArc xlink:arcrole="http://www.xbrl.org/2003/arcrole/concept-label" xlink:from="loc_10" xlink:to="res_28" xlink:type="arc"/>
	<link:label id="ifrs-smes_InformationAboutContingentAssetsThatDisclosureIsNotPracticable_label" xlink:label="res_29" xlink:role="http://www.xbrl.org/2003/role/label" xlink:type="resource" xml:lang="en">Information about contingent assets that disclosure is not practicable</link:label>    
    <link:loc xlink:href="ifrs_for_smes-depr_2017-03-09.xsd#ifrs-smes_InformationAboutContingentAssetsThatDisclosureIsNotPracticable" xlink:label="loc_11" xlink:type="locator"/>
    <link:labelArc xlink:arcrole="http://www.xbrl.org/2003/arcrole/concept-label" xlink:from="loc_11" xlink:to="res_29" xlink:type="arc"/>    
    <link:label id="ifrs-smes_DescriptionOfAccountingPolicyForTerminationBenefits_label" xlink:label="res_30" xlink:role="http://www.xbrl.org/2003/role/label" xlink:type="resource" xml:lang="en">Description of accounting policy for termination benefits [text block]</link:label>
	<link:loc xlink:href="ifrs_for_smes-depr_2017-03-09.xsd#ifrs-smes_DescriptionOfAccountingPolicyForTerminationBenefits" xlink:label="loc_12" xlink:type="locator"/>
    <link:labelArc xlink:arcrole="http://www.xbrl.org/2003/arcrole/concept-label" xlink:from="loc_12" xlink:to="res_30" xlink:type="arc"/>
	<link:label id="ifrs-smes_TransferToPropertyPlantAndEquipmentInvestmentProperty_label" xlink:label="res_31" xlink:role="http://www.xbrl.org/2003/role/label" xlink:type="resource" xml:lang="en">Transfer to property, plant and equipment when reliable measure of fair value no longer available, investment property at fair value through profit or loss</link:label>    
    <link:loc xlink:href="ifrs_for_smes-depr_2017-03-09.xsd#ifrs-smes_TransferToPropertyPlantAndEquipmentInvestmentProperty" xlink:label="loc_13" xlink:type="locator"/>
    <link:labelArc xlink:arcrole="http://www.xbrl.org/2003/arcrole/concept-label" xlink:from="loc_13" xlink:to="res_31" xlink:type="arc"/>
	<link:label id="ifrs-smes_InvestmentPropertyWhoseFairValueCannotBeMeasuredReliablyWithoutUndueCostOrEffortOnOngoingBasisMember_label" xlink:label="res_32" xlink:role="http://www.xbrl.org/2003/role/label" xlink:type="resource" xml:lang="en">Investment property at cost less accumulated depreciation and impairment [member]</link:label>    
    <link:loc xlink:href="ifrs_for_smes-depr_2017-03-09.xsd#ifrs-smes_InvestmentPropertyWhoseFairValueCannotBeMeasuredReliablyWithoutUndueCostOrEffortOnOngoingBasisMember" xlink:label="loc_14" xlink:type="locator"/>
    <link:labelArc xlink:arcrole="http://www.xbrl.org/2003/arcrole/concept-label" xlink:from="loc_14" xlink:to="res_32" xlink:type="arc"/>	
    <link:label id="ifrs-smes_TransfersToInvestmentPropertyAtFairValuePropertyPlantAndEquipment_label" xlink:label="res_33" xlink:role="http://www.xbrl.org/2003/role/label" xlink:type="resource" xml:lang="en">Transfers to investment property, when reliable measure of fair value becomes available, property, plant and equipment</link:label>
    <link:loc xlink:href="ifrs_for_smes-depr_2017-03-09.xsd#ifrs-smes_TransfersToInvestmentPropertyAtFairValuePropertyPlantAndEquipment" xlink:label="loc_15" xlink:type="locator"/>
    <link:labelArc xlink:arcrole="http://www.xbrl.org/2003/arcrole/concept-label" xlink:from="loc_15" xlink:to="res_33" xlink:type="arc"/>
	<link:label id="ifrs-smes_AnalysisOfChangeInValuationAllowancesExplanatory_label" xlink:label="res_34" xlink:role="http://www.xbrl.org/2003/role/label" xlink:type="resource" xml:lang="en">Analysis of change in valuation allowances against deferred tax assets [text block]</link:label>    
    <link:loc xlink:href="ifrs_for_smes-depr_2017-03-09.xsd#ifrs-smes_AnalysisOfChangeInValuationAllowancesExplanatory" xlink:label="loc_16" xlink:type="locator"/>
    <link:labelArc xlink:arcrole="http://www.xbrl.org/2003/arcrole/concept-label" xlink:from="loc_16" xlink:to="res_34" xlink:type="arc"/>	
    <link:label id="ifrs-smes_EffectOnDeferredTaxExpenseArisingFromReviewByTaxAuthorities_label" xlink:label="res_35" xlink:role="http://www.xbrl.org/2003/role/label" xlink:type="resource" xml:lang="en">Effect on deferred tax expense arising from review by tax authorities</link:label>
    <link:loc xlink:href="ifrs_for_smes-depr_2017-03-09.xsd#ifrs-smes_EffectOnDeferredTaxExpenseArisingFromReviewByTaxAuthorities" xlink:label="loc_17" xlink:type="locator"/>
    <link:labelArc xlink:arcrole="http://www.xbrl.org/2003/arcrole/concept-label" xlink:from="loc_17" xlink:to="res_35" xlink:type="arc"/>
	<link:label id="ifrs-smes_ExplanationOfSignificantDifferencesInAmountPresentedInStatementOfComprehensiveIncomeAndAmountsReportedToTaxAuthorities_label" xlink:label="res_36" xlink:role="http://www.xbrl.org/2003/role/label" xlink:type="resource" xml:lang="en">Explanation of significant differences in amount presented in statement of comprehensive income and amounts reported to tax authorities</link:label>	    
    <link:loc xlink:href="ifrs_for_smes-depr_2017-03-09.xsd#ifrs-smes_ExplanationOfSignificantDifferencesInAmountPresentedInStatementOfComprehensiveIncomeAndAmountsReportedToTaxAuthorities" xlink:label="loc_18" xlink:type="locator"/>
    <link:labelArc xlink:arcrole="http://www.xbrl.org/2003/arcrole/concept-label" xlink:from="loc_18" xlink:to="res_36" xlink:type="arc"/>
	<link:label id="ifrs-smes_TaxExpenseIncomeFromChangeInValuationAllowance_label" xlink:label="res_37" xlink:role="http://www.xbrl.org/2003/role/label" xlink:type="resource" xml:lang="en">Tax expense (income) from change in valuation allowance against deferred tax assets</link:label>	
    <link:loc xlink:href="ifrs_for_smes-depr_2017-03-09.xsd#ifrs-smes_TaxExpenseIncomeFromChangeInValuationAllowance" xlink:label="loc_19" xlink:type="locator"/>
    <link:labelArc xlink:arcrole="http://www.xbrl.org/2003/arcrole/concept-label" xlink:from="loc_19" xlink:to="res_37" xlink:type="arc"/>	
    <link:label id="ifrs-smes_ValuationAllowance2011_label" xlink:label="res_38" xlink:role="http://www.xbrl.org/2003/role/label" xlink:type="resource" xml:lang="en">Valuation allowance against deferred tax assets</link:label>	    
    <link:loc xlink:href="ifrs_for_smes-depr_2017-03-09.xsd#ifrs-smes_ValuationAllowance2011" xlink:label="loc_20" xlink:type="locator"/>
    <link:labelArc xlink:arcrole="http://www.xbrl.org/2003/arcrole/concept-label" xlink:from="loc_20" xlink:to="res_38" xlink:type="arc"/>	
	<link:label id="ifrs-smes_StatementThatReliableMeasureOfFairValueForEquityInstrumentsMeasuredAtFairValueThroughProfitOrLossIsNoLongerAvailable_deprecatedLabel" xlink:label="res_39" xlink:role="http://www.xbrl.org/2009/role/deprecatedLabel" xlink:type="resource" xml:lang="en">Concept not required as result of 2015 Amendments to the IFRS for SMEs</link:label>    
    <link:labelArc xlink:arcrole="http://www.xbrl.org/2003/arcrole/concept-label" xlink:from="loc_10" xlink:to="res_39" xlink:type="arc"/>
	<link:label id="ifrs-smes_InformationAboutContingentAssetsThatDisclosureIsNotPracticable_deprecatedLabel" xlink:label="res_40" xlink:role="http://www.xbrl.org/2009/role/deprecatedLabel" xlink:type="resource" xml:lang="en">Concept not required as result of 2015 Amendments to the IFRS for SMEs</link:label>    
    <link:labelArc xlink:arcrole="http://www.xbrl.org/2003/arcrole/concept-label" xlink:from="loc_11" xlink:to="res_40" xlink:type="arc"/>
    <link:label id="ifrs-smes_DescriptionOfAccountingPolicyForTerminationBenefits_deprecatedLabel" xlink:label="res_41" xlink:role="http://www.xbrl.org/2009/role/deprecatedLabel" xlink:type="resource" xml:lang="en">Concept not required as result of 2015 Amendments to the IFRS for SMEs</link:label>
    <link:labelArc xlink:arcrole="http://www.xbrl.org/2003/arcrole/concept-label" xlink:from="loc_12" xlink:to="res_41" xlink:type="arc"/>
	<link:label id="ifrs-smes_TransferToPropertyPlantAndEquipmentInvestmentProperty_deprecatedLabel" xlink:label="res_42" xlink:role="http://www.xbrl.org/2009/role/deprecatedLabel" xlink:type="resource" xml:lang="en">Concept not required as result of 2015 Amendments to the IFRS for SMEs</link:label>    
    <link:labelArc xlink:arcrole="http://www.xbrl.org/2003/arcrole/concept-label" xlink:from="loc_13" xlink:to="res_42" xlink:type="arc"/>
	<link:label id="ifrs-smes_InvestmentPropertyWhoseFairValueCannotBeMeasuredReliablyWithoutUndueCostOrEffortOnOngoingBasisMember_deprecatedLabel" xlink:label="res_43" xlink:role="http://www.xbrl.org/2009/role/deprecatedLabel" xlink:type="resource" xml:lang="en">Concept not required as result of 2015 Amendments to the IFRS for SMEs</link:label>    
    <link:labelArc xlink:arcrole="http://www.xbrl.org/2003/arcrole/concept-label" xlink:from="loc_14" xlink:to="res_43" xlink:type="arc"/>
	<link:label id="ifrs-smes_TransfersToInvestmentPropertyAtFairValuePropertyPlantAndEquipment_deprecatedLabel" xlink:label="res_44" xlink:role="http://www.xbrl.org/2009/role/deprecatedLabel" xlink:type="resource" xml:lang="en">Concept not required as result of 2015 Amendments to the IFRS for SMEs</link:label>	    
    <link:labelArc xlink:arcrole="http://www.xbrl.org/2003/arcrole/concept-label" xlink:from="loc_15" xlink:to="res_44" xlink:type="arc"/>
	<link:label id="ifrs-smes_AnalysisOfChangeInValuationAllowancesExplanatory_deprecatedLabel" xlink:label="res_45" xlink:role="http://www.xbrl.org/2009/role/deprecatedLabel" xlink:type="resource" xml:lang="en">Concept not required as result of 2015 Amendments to the IFRS for SMEs</link:label>		
    <link:labelArc xlink:arcrole="http://www.xbrl.org/2003/arcrole/concept-label" xlink:from="loc_16" xlink:to="res_45" xlink:type="arc"/>
	<link:label id="ifrs-smes_EffectOnDeferredTaxExpenseArisingFromReviewByTaxAuthorities_deprecatedLabel" xlink:label="res_46" xlink:role="http://www.xbrl.org/2009/role/deprecatedLabel" xlink:type="resource" xml:lang="en">Concept not required as result of 2015 Amendments to the IFRS for SMEs</link:label>    
    <link:labelArc xlink:arcrole="http://www.xbrl.org/2003/arcrole/concept-label" xlink:from="loc_17" xlink:to="res_46" xlink:type="arc"/>
	<link:label id="ifrs-smes_ExplanationOfSignificantDifferencesInAmountPresentedInStatementOfComprehensiveIncomeAndAmountsReportedToTaxAuthorities_deprecatedLabel" xlink:label="res_47" xlink:role="http://www.xbrl.org/2009/role/deprecatedLabel" xlink:type="resource" xml:lang="en">Concept not required as result of 2015 Amendments to the IFRS for SMEs</link:label>    
    <link:labelArc xlink:arcrole="http://www.xbrl.org/2003/arcrole/concept-label" xlink:from="loc_18" xlink:to="res_47" xlink:type="arc"/>	
	<link:label id="ifrs-smes_TaxExpenseIncomeFromChangeInValuationAllowance_deprecatedLabel" xlink:label="res_48" xlink:role="http://www.xbrl.org/2009/role/deprecatedLabel" xlink:type="resource" xml:lang="en">Concept not required as result of 2015 Amendments to the IFRS for SMEs</link:label>    
    <link:labelArc xlink:arcrole="http://www.xbrl.org/2003/arcrole/concept-label" xlink:from="loc_19" xlink:to="res_48" xlink:type="arc"/>
	<link:label id="ifrs-smes_ValuationAllowance2011_deprecatedLabel" xlink:label="res_49" xlink:role="http://www.xbrl.org/2009/role/deprecatedLabel" xlink:type="resource" xml:lang="en">Concept not required as result of 2015 Amendments to the IFRS for SMEs</link:label>
    <link:labelArc xlink:arcrole="http://www.xbrl.org/2003/arcrole/concept-label" xlink:from="loc_20" xlink:to="res_49" xlink:type="arc"/>
    <link:label id="ifrs-smes_StatementThatReliableMeasureOfFairValueForEquityInstrumentsMeasuredAtFairValueThroughProfitOrLossIsNoLongerAvailable_deprecatedDateLabel" xlink:label="res_50" xlink:role="http://www.xbrl.org/2009/role/deprecatedDateLabel" xlink:type="resource" xml:lang="en">2017-01-01</link:label>
    <link:labelArc xlink:arcrole="http://www.xbrl.org/2003/arcrole/concept-label" xlink:from="loc_10" xlink:to="res_50" xlink:type="arc"/>
    <link:label id="ifrs-smes_InformationAboutContingentAssetsThatDisclosureIsNotPracticable_deprecatedDateLabel" xlink:label="res_51" xlink:role="http://www.xbrl.org/2009/role/deprecatedDateLabel" xlink:type="resource" xml:lang="en">2017-01-01</link:label>
    <link:labelArc xlink:arcrole="http://www.xbrl.org/2003/arcrole/concept-label" xlink:from="loc_11" xlink:to="res_51" xlink:type="arc"/>
    <link:label id="ifrs-smes_DescriptionOfAccountingPolicyForTerminationBenefits_deprecatedDateLabel" xlink:label="res_52" xlink:role="http://www.xbrl.org/2009/role/deprecatedDateLabel" xlink:type="resource" xml:lang="en">2017-01-01</link:label>
    <link:labelArc xlink:arcrole="http://www.xbrl.org/2003/arcrole/concept-label" xlink:from="loc_12" xlink:to="res_52" xlink:type="arc"/>
    <link:label id="ifrs-smes_TransferToPropertyPlantAndEquipmentInvestmentProperty_deprecatedDateLabel" xlink:label="res_53" xlink:role="http://www.xbrl.org/2009/role/deprecatedDateLabel" xlink:type="resource" xml:lang="en">2017-01-01</link:label>
    <link:labelArc xlink:arcrole="http://www.xbrl.org/2003/arcrole/concept-label" xlink:from="loc_13" xlink:to="res_53" xlink:type="arc"/>
    <link:label id="ifrs-smes_InvestmentPropertyWhoseFairValueCannotBeMeasuredReliablyWithoutUndueCostOrEffortOnOngoingBasisMember_deprecatedDateLabel" xlink:label="res_54" xlink:role="http://www.xbrl.org/2009/role/deprecatedDateLabel" xlink:type="resource" xml:lang="en">2017-01-01</link:label>
    <link:labelArc xlink:arcrole="http://www.xbrl.org/2003/arcrole/concept-label" xlink:from="loc_14" xlink:to="res_54" xlink:type="arc"/>
    <link:label id="ifrs-smes_TransfersToInvestmentPropertyAtFairValuePropertyPlantAndEquipment_deprecatedDateLabel" xlink:label="res_55" xlink:role="http://www.xbrl.org/2009/role/deprecatedDateLabel" xlink:type="resource" xml:lang="en">2017-01-01</link:label>
    <link:labelArc xlink:arcrole="http://www.xbrl.org/2003/arcrole/concept-label" xlink:from="loc_15" xlink:to="res_55" xlink:type="arc"/>
    <link:label id="ifrs-smes_AnalysisOfChangeInValuationAllowancesExplanatory_deprecatedDateLabel" xlink:label="res_56" xlink:role="http://www.xbrl.org/2009/role/deprecatedDateLabel" xlink:type="resource" xml:lang="en">2017-01-01</link:label>
    <link:labelArc xlink:arcrole="http://www.xbrl.org/2003/arcrole/concept-label" xlink:from="loc_16" xlink:to="res_56" xlink:type="arc"/>
    <link:label id="ifrs-smes_EffectOnDeferredTaxExpenseArisingFromReviewByTaxAuthorities_deprecatedDateLabel" xlink:label="res_57" xlink:role="http://www.xbrl.org/2009/role/deprecatedDateLabel" xlink:type="resource" xml:lang="en">2017-01-01</link:label>
    <link:labelArc xlink:arcrole="http://www.xbrl.org/2003/arcrole/concept-label" xlink:from="loc_17" xlink:to="res_57" xlink:type="arc"/>
    <link:label id="ifrs-smes_ExplanationOfSignificantDifferencesInAmountPresentedInStatementOfComprehensiveIncomeAndAmountsReportedToTaxAuthorities_deprecatedDateLabel" xlink:label="res_58" xlink:role="http://www.xbrl.org/2009/role/deprecatedDateLabel" xlink:type="resource" xml:lang="en">2017-01-01</link:label>
    <link:labelArc xlink:arcrole="http://www.xbrl.org/2003/arcrole/concept-label" xlink:from="loc_18" xlink:to="res_58" xlink:type="arc"/>
    <link:label id="ifrs-smes_TaxExpenseIncomeFromChangeInValuationAllowance_deprecatedDateLabel" xlink:label="res_59" xlink:role="http://www.xbrl.org/2009/role/deprecatedDateLabel" xlink:type="resource" xml:lang="en">2017-01-01</link:label>
    <link:labelArc xlink:arcrole="http://www.xbrl.org/2003/arcrole/concept-label" xlink:from="loc_19" xlink:to="res_59" xlink:type="arc"/>
    <link:label id="ifrs-smes_ValuationAllowance2011_deprecatedDateLabel" xlink:label="res_60" xlink:role="http://www.xbrl.org/2009/role/deprecatedDateLabel" xlink:type="resource" xml:lang="en">2017-01-01</link:label>
    <link:labelArc xlink:arcrole="http://www.xbrl.org/2003/arcrole/concept-label" xlink:from="loc_20" xlink:to="res_60" xlink:type="arc"/>
  </link:labelLink>
</link:linkbase>
