<?xml version="1.0" encoding="UTF-8"?><!--
		Taxonomy: 2017-03-09 (Final)
		********************** 
        Copyright (c) 2017 IFRS Foundation
        All rights reserved. Reproduction and use rights are strictly limited. For more information on the IFRS Foundation's copyright and the terms and conditions of use for these files, please refer to http://go.ifrs.org/IFRSTterms.
        The IFRS Foundation has trade marks registered around the world (Marks) including ‘IAS’, ‘IASB’, ‘IFRIC’, ‘IFRS’, the IFRS logo, ‘IFRS for SMEs’, IFRS for SMEs logo, the ‘Hexagon Device’, ‘International Accounting Standards’, ‘International Financial Reporting Standards’, ‘IFRS Taxonomy’ and ‘SIC’. Further details of the IFRS Foundation’s Marks are available from the Licensor on request.
        **********************
-->
<link:linkbase xmlns:link="http://www.xbrl.org/2003/linkbase" xmlns:xbrldt="http://xbrl.org/2005/xbrldt" xmlns:xlink="http://www.w3.org/1999/xlink" xmlns:xsi="http://www.w3.org/2001/XMLSchema-instance" xsi:schemaLocation="http://www.xbrl.org/2003/linkbase http://www.xbrl.org/2003/xbrl-linkbase-2003-12-31.xsd">
  <link:roleRef roleURI="http://www.xbrl.org/2009/role/deprecatedDateLabel" xlink:href="http://www.xbrl.org/lrr/role/deprecated-2009-12-16.xsd#deprecatedDateLabel" xlink:type="simple"/>
  <link:roleRef roleURI="http://www.xbrl.org/2009/role/deprecatedLabel" xlink:href="http://www.xbrl.org/lrr/role/deprecated-2009-12-16.xsd#deprecatedLabel" xlink:type="simple"/>
  <link:labelLink xlink:role="http://www.xbrl.org/2003/role/link" xlink:type="extended">
    <link:label id="ifrs-full_GainsLossesOnFinancialAssetsAtFairValueThroughOtherComprehensiveIncome_label" xlink:label="res_1" xlink:role="http://www.xbrl.org/2003/role/label" xlink:type="resource" xml:lang="en">Gains (losses) on financial assets at fair value through other comprehensive income</link:label>
    <link:loc xlink:href="full_ifrs-depr_2017-03-09.xsd#ifrs-full_GainsLossesOnFinancialAssetsAtFairValueThroughOtherComprehensiveIncome" xlink:label="loc_1" xlink:type="locator"/>
    <link:labelArc xlink:arcrole="http://www.xbrl.org/2003/arcrole/concept-label" xlink:from="loc_1" xlink:to="res_1" xlink:type="arc"/>
    <link:label id="ifrs-full_GainsLossesOnFinancialAssetsAtFairValueThroughOtherComprehensiveIncome_deprecatedLabel" xlink:label="res_2" xlink:role="http://www.xbrl.org/2009/role/deprecatedLabel" xlink:type="resource" xml:lang="en">Concept duplicate with OtherComprehensiveIncomeBeforeTaxGainsLossesFromInvestmentsInEquityInstruments</link:label>
    <link:labelArc xlink:arcrole="http://www.xbrl.org/2003/arcrole/concept-label" xlink:from="loc_1" xlink:to="res_2" xlink:type="arc"/>
    <link:label id="ifrs-full_GainsLossesOnFinancialAssetsAtFairValueThroughOtherComprehensiveIncome_deprecatedDateLabel" xlink:label="res_3" xlink:role="http://www.xbrl.org/2009/role/deprecatedDateLabel" xlink:type="resource" xml:lang="en">2014-07-24</link:label>
    <link:labelArc xlink:arcrole="http://www.xbrl.org/2003/arcrole/concept-label" xlink:from="loc_1" xlink:to="res_3" xlink:type="arc"/>
    <link:label id="ifrs-full_FinancialInstrumentsAtAmortisedCostMember_label" xlink:label="res_4" xlink:role="http://www.xbrl.org/2003/role/label" xlink:type="resource" xml:lang="en">Financial instruments at amortised cost, class [member]</link:label>
    <link:loc xlink:href="full_ifrs-depr_2017-03-09.xsd#ifrs-full_FinancialInstrumentsAtAmortisedCostMember" xlink:label="loc_2" xlink:type="locator"/>
    <link:labelArc xlink:arcrole="http://www.xbrl.org/2003/arcrole/concept-label" xlink:from="loc_2" xlink:to="res_4" xlink:type="arc"/>
    <link:label id="ifrs-full_FinancialInstrumentsAtAmortisedCostMember_deprecatedLabel" xlink:label="res_5" xlink:role="http://www.xbrl.org/2009/role/deprecatedLabel" xlink:type="resource" xml:lang="en">Generic classes not practical under ClassesOfFinancialInstrumentsAxis</link:label>
    <link:labelArc xlink:arcrole="http://www.xbrl.org/2003/arcrole/concept-label" xlink:from="loc_2" xlink:to="res_5" xlink:type="arc"/>
    <link:label id="ifrs-full_FinancialInstrumentsAtAmortisedCostMember_deprecatedDateLabel" xlink:label="res_6" xlink:role="http://www.xbrl.org/2009/role/deprecatedDateLabel" xlink:type="resource" xml:lang="en">2014-07-24</link:label>
    <link:labelArc xlink:arcrole="http://www.xbrl.org/2003/arcrole/concept-label" xlink:from="loc_2" xlink:to="res_6" xlink:type="arc"/>
    <link:label id="ifrs-full_FinancialInstrumentsAtFairValueMember_label" xlink:label="res_7" xlink:role="http://www.xbrl.org/2003/role/label" xlink:type="resource" xml:lang="en">Financial instruments at fair value, class [member]</link:label>
    <link:loc xlink:href="full_ifrs-depr_2017-03-09.xsd#ifrs-full_FinancialInstrumentsAtFairValueMember" xlink:label="loc_3" xlink:type="locator"/>
    <link:labelArc xlink:arcrole="http://www.xbrl.org/2003/arcrole/concept-label" xlink:from="loc_3" xlink:to="res_7" xlink:type="arc"/>
    <link:label id="ifrs-full_FinancialInstrumentsAtFairValueMember_deprecatedLabel" xlink:label="res_8" xlink:role="http://www.xbrl.org/2009/role/deprecatedLabel" xlink:type="resource" xml:lang="en">Generic classes not practical under ClassesOfFinancialInstrumentsAxis</link:label>
    <link:labelArc xlink:arcrole="http://www.xbrl.org/2003/arcrole/concept-label" xlink:from="loc_3" xlink:to="res_8" xlink:type="arc"/>
    <link:label id="ifrs-full_FinancialInstrumentsAtFairValueMember_deprecatedDateLabel" xlink:label="res_9" xlink:role="http://www.xbrl.org/2009/role/deprecatedDateLabel" xlink:type="resource" xml:lang="en">2014-07-24</link:label>
    <link:labelArc xlink:arcrole="http://www.xbrl.org/2003/arcrole/concept-label" xlink:from="loc_3" xlink:to="res_9" xlink:type="arc"/>
    <link:label id="ifrs-full_FinancialInstrumentsOutsideScopeOfIFRS7Member_label" xlink:label="res_10" xlink:role="http://www.xbrl.org/2003/role/label" xlink:type="resource" xml:lang="en">Financial instruments outside scope of IFRS 7, class [member]</link:label>
    <link:loc xlink:href="full_ifrs-depr_2017-03-09.xsd#ifrs-full_FinancialInstrumentsOutsideScopeOfIFRS7Member" xlink:label="loc_4" xlink:type="locator"/>
    <link:labelArc xlink:arcrole="http://www.xbrl.org/2003/arcrole/concept-label" xlink:from="loc_4" xlink:to="res_10" xlink:type="arc"/>
    <link:label id="ifrs-full_FinancialInstrumentsOutsideScopeOfIFRS7Member_deprecatedLabel" xlink:label="res_11" xlink:role="http://www.xbrl.org/2009/role/deprecatedLabel" xlink:type="resource" xml:lang="en">Generic classes not practical under ClassesOfFinancialInstrumentsAxis</link:label>
    <link:labelArc xlink:arcrole="http://www.xbrl.org/2003/arcrole/concept-label" xlink:from="loc_4" xlink:to="res_11" xlink:type="arc"/>
    <link:label id="ifrs-full_FinancialInstrumentsOutsideScopeOfIFRS7Member_deprecatedDateLabel" xlink:label="res_12" xlink:role="http://www.xbrl.org/2009/role/deprecatedDateLabel" xlink:type="resource" xml:lang="en">2014-07-24</link:label>
    <link:labelArc xlink:arcrole="http://www.xbrl.org/2003/arcrole/concept-label" xlink:from="loc_4" xlink:to="res_12" xlink:type="arc"/>
  </link:labelLink>
</link:linkbase>
