<?xml version="1.0" encoding="UTF-8"?><!--
		Taxonomy: 2017-03-09 (Final)
		********************** 
        Copyright (c) 2017 IFRS Foundation
        All rights reserved. Reproduction and use rights are strictly limited. For more information on the IFRS Foundation's copyright and the terms and conditions of use for these files, please refer to http://go.ifrs.org/IFRSTterms.
        The IFRS Foundation has trade marks registered around the world (Marks) including ‘IAS’, ‘IASB’, ‘IFRIC’, ‘IFRS’, the IFRS logo, ‘IFRS for SMEs’, IFRS for SMEs logo, the ‘Hexagon Device’, ‘International Accounting Standards’, ‘International Financial Reporting Standards’, ‘IFRS Taxonomy’ and ‘SIC’. Further details of the IFRS Foundation’s Marks are available from the Licensor on request.
        **********************
-->
<link:linkbase xml:lang="en-US" xmlns:link="http://www.xbrl.org/2003/linkbase" xmlns:xlink="http://www.w3.org/1999/xlink" xmlns:xsi="http://www.w3.org/2001/XMLSchema-instance" xsi:schemaLocation="http://www.xbrl.org/2003/linkbase http://www.xbrl.org/2003/xbrl-linkbase-2003-12-31.xsd">
  <link:labelLink xlink:role="http://www.xbrl.org/2003/role/link" xlink:type="extended">
    <link:label id="ifrs-full_GainsLossesOnFinancialAssetsAtFairValueThroughOtherComprehensiveIncome_documentation" xlink:label="res_1" xlink:role="http://www.xbrl.org/2003/role/documentation" xlink:type="resource" xml:lang="en">The gains (losses) on financial assets at fair value through other comprehensive income. [Refer: Financial assets at fair value through other comprehensive income]</link:label>
    <link:loc xlink:href="full_ifrs-depr_2017-03-09.xsd#ifrs-full_GainsLossesOnFinancialAssetsAtFairValueThroughOtherComprehensiveIncome" xlink:label="loc_1" xlink:type="locator"/>
    <link:labelArc xlink:arcrole="http://www.xbrl.org/2003/arcrole/concept-label" xlink:from="loc_1" xlink:to="res_1" xlink:type="arc"/>
    <link:label id="ifrs-full_FinancialInstrumentsAtAmortisedCostMember_documentation" xlink:label="res_2" xlink:role="http://www.xbrl.org/2003/role/documentation" xlink:type="resource" xml:lang="en">This member stands for the financial instruments measured at amortised cost class. [Refer: Financial instruments, class [member]; Financial assets at amortised cost]</link:label>
    <link:loc xlink:href="full_ifrs-depr_2017-03-09.xsd#ifrs-full_FinancialInstrumentsAtAmortisedCostMember" xlink:label="loc_2" xlink:type="locator"/>
    <link:labelArc xlink:arcrole="http://www.xbrl.org/2003/arcrole/concept-label" xlink:from="loc_2" xlink:to="res_2" xlink:type="arc"/>
    <link:label id="ifrs-full_FinancialInstrumentsAtFairValueMember_documentation" xlink:label="res_3" xlink:role="http://www.xbrl.org/2003/role/documentation" xlink:type="resource" xml:lang="en">This member stands for the financial instruments measured at fair value class. [Refer: Financial instruments, class [member]; At fair value [member]]</link:label>
    <link:loc xlink:href="full_ifrs-depr_2017-03-09.xsd#ifrs-full_FinancialInstrumentsAtFairValueMember" xlink:label="loc_3" xlink:type="locator"/>
    <link:labelArc xlink:arcrole="http://www.xbrl.org/2003/arcrole/concept-label" xlink:from="loc_3" xlink:to="res_3" xlink:type="arc"/>
    <link:label id="ifrs-full_FinancialInstrumentsOutsideScopeOfIFRS7Member_documentation" xlink:label="res_4" xlink:role="http://www.xbrl.org/2003/role/documentation" xlink:type="resource" xml:lang="en">This member stands for the financial instruments outside the scope of IFRS 7 class. [Refer: Financial instruments, class [member]]</link:label>
    <link:loc xlink:href="full_ifrs-depr_2017-03-09.xsd#ifrs-full_FinancialInstrumentsOutsideScopeOfIFRS7Member" xlink:label="loc_4" xlink:type="locator"/>
    <link:labelArc xlink:arcrole="http://www.xbrl.org/2003/arcrole/concept-label" xlink:from="loc_4" xlink:to="res_4" xlink:type="arc"/>
  </link:labelLink>
</link:linkbase>
