<?xml version="1.0" encoding="UTF-8"?><!--
        Translation: IFRS Taxonomy 2017 in Spanish
        ********************** 
        Copyright (c) 2017 International Financial Reporting Standards (IFRS) Foundation.
        All rights reserved.  Reproduction and use rights are strictly limited.
        For more information on the IFRS Foundation's copyright and the terms and conditions of use for these files, please refer to http://go.ifrs.org/IFRSTterms.
        The IFRS Foundation logo, the IASB logo, the IFRS for SMEs logo, the "Hexagon Device", "IFRS Foundation", "eIFRS", "IAS", "IASB", "IFRS for SMEs", "IASs", "IFRS", "IFRSs", "International Accounting Standards" and "International Financial Reporting Standards", "IFRIC", "SIC" and "IFRS Taxonomy" are Trade Marks of the IFRS Foundation.
        For further information about where the Trade Marks are protected and/or are in use please contact the IFRS Foundation.
        **********************
--><link:linkbase xmlns:link="http://www.xbrl.org/2003/linkbase" xmlns:xlink="http://www.w3.org/1999/xlink" xmlns:xsi="http://www.w3.org/2001/XMLSchema-instance" xsi:schemaLocation="http://www.xbrl.org/2003/linkbase http://www.xbrl.org/2003/xbrl-linkbase-2003-12-31.xsd">
  <link:labelLink xlink:role="http://www.xbrl.org/2003/role/link" xlink:type="extended">
    <link:label id="ifrs-mc_ManagementCommentaryExplanatory_label" xlink:label="res_1" xlink:role="http://www.xbrl.org/2003/role/label" xlink:type="resource" xml:lang="es">Comentarios de la gerencia [bloque de texto]</link:label>
    <link:loc xlink:href="../mc-cor_2017-03-09.xsd#ifrs-mc_ManagementCommentaryExplanatory" xlink:label="loc_1" xlink:type="locator"/>
    <link:labelArc xlink:arcrole="http://www.xbrl.org/2003/arcrole/concept-label" xlink:from="loc_1" xlink:to="res_1" xlink:type="arc"/>
    <link:label id="ifrs-mc_DisclosureOfNatureOfBusinessExplanatory_label" xlink:label="res_2" xlink:role="http://www.xbrl.org/2003/role/label" xlink:type="resource" xml:lang="es">Información a revelar sobre la naturaleza del negocio [bloque de texto]</link:label>
    <link:loc xlink:href="../mc-cor_2017-03-09.xsd#ifrs-mc_DisclosureOfNatureOfBusinessExplanatory" xlink:label="loc_2" xlink:type="locator"/>
    <link:labelArc xlink:arcrole="http://www.xbrl.org/2003/arcrole/concept-label" xlink:from="loc_2" xlink:to="res_2" xlink:type="arc"/>
    <link:label id="ifrs-mc_DisclosureOfManagementsObjectivesAndItsStrategiesForMeetingThoseObjectivesExplanatory_label" xlink:label="res_3" xlink:role="http://www.xbrl.org/2003/role/label" xlink:type="resource" xml:lang="es">Información a revelar sobre los objetivos de la gerencia y sus estrategias para alcanzar esos objetivos [bloque de texto]</link:label>
    <link:loc xlink:href="../mc-cor_2017-03-09.xsd#ifrs-mc_DisclosureOfManagementsObjectivesAndItsStrategiesForMeetingThoseObjectivesExplanatory" xlink:label="loc_3" xlink:type="locator"/>
    <link:labelArc xlink:arcrole="http://www.xbrl.org/2003/arcrole/concept-label" xlink:from="loc_3" xlink:to="res_3" xlink:type="arc"/>
    <link:label id="ifrs-mc_DisclosureOfEntitysMostSignificantResourcesRisksAndRelationshipsExplanatory_label" xlink:label="res_4" xlink:role="http://www.xbrl.org/2003/role/label" xlink:type="resource" xml:lang="es">Información a revelar sobre los recursos, riesgos y relaciones más significativos de la entidad [bloque de texto]</link:label>
    <link:loc xlink:href="../mc-cor_2017-03-09.xsd#ifrs-mc_DisclosureOfEntitysMostSignificantResourcesRisksAndRelationshipsExplanatory" xlink:label="loc_4" xlink:type="locator"/>
    <link:labelArc xlink:arcrole="http://www.xbrl.org/2003/arcrole/concept-label" xlink:from="loc_4" xlink:to="res_4" xlink:type="arc"/>
    <link:label id="ifrs-mc_DisclosureOfResultsOfOperationsAndProspectsExplanatory_label" xlink:label="res_5" xlink:role="http://www.xbrl.org/2003/role/label" xlink:type="resource" xml:lang="es">Información a revelar sobre los resultados de las operaciones y perspectivas [bloque de texto]</link:label>
    <link:loc xlink:href="../mc-cor_2017-03-09.xsd#ifrs-mc_DisclosureOfResultsOfOperationsAndProspectsExplanatory" xlink:label="loc_5" xlink:type="locator"/>
    <link:labelArc xlink:arcrole="http://www.xbrl.org/2003/arcrole/concept-label" xlink:from="loc_5" xlink:to="res_5" xlink:type="arc"/>
    <link:label id="ifrs-mc_DisclosureOfCriticalPerformanceMeasuresAndIndicatorsThatManagementUsesToEvaluateEntitysPerformanceAgainstStatedObjectivesExplanatory_label" xlink:label="res_6" xlink:role="http://www.xbrl.org/2003/role/label" xlink:type="resource" xml:lang="es">Información a revelar sobre las medidas de rendimiento fundamentales e indicadores que la gerencia utiliza para evaluar el rendimiento de la entidad con respecto a los objetivos establecidos [bloque de texto]</link:label>
    <link:loc xlink:href="../mc-cor_2017-03-09.xsd#ifrs-mc_DisclosureOfCriticalPerformanceMeasuresAndIndicatorsThatManagementUsesToEvaluateEntitysPerformanceAgainstStatedObjectivesExplanatory" xlink:label="loc_6" xlink:type="locator"/>
    <link:labelArc xlink:arcrole="http://www.xbrl.org/2003/arcrole/concept-label" xlink:from="loc_6" xlink:to="res_6" xlink:type="arc"/>
  </link:labelLink>
</link:linkbase>
