<?xml version="1.0" encoding="UTF-8"?><!--
        Translation: IFRS Taxonomy 2017 in Spanish
        ********************** 
        Copyright (c) 2017 International Financial Reporting Standards (IFRS) Foundation.
        All rights reserved.  Reproduction and use rights are strictly limited.
        For more information on the IFRS Foundation's copyright and the terms and conditions of use for these files, please refer to http://go.ifrs.org/IFRSTterms.
        The IFRS Foundation logo, the IASB logo, the IFRS for SMEs logo, the "Hexagon Device", "IFRS Foundation", "eIFRS", "IAS", "IASB", "IFRS for SMEs", "IASs", "IFRS", "IFRSs", "International Accounting Standards" and "International Financial Reporting Standards", "IFRIC", "SIC" and "IFRS Taxonomy" are Trade Marks of the IFRS Foundation.
        For further information about where the Trade Marks are protected and/or are in use please contact the IFRS Foundation.
        **********************
--><link:linkbase xmlns:gen="http://xbrl.org/2008/generic" xmlns:label="http://xbrl.org/2008/label" xmlns:link="http://www.xbrl.org/2003/linkbase" xmlns:xlink="http://www.w3.org/1999/xlink" xmlns:xsi="http://www.w3.org/2001/XMLSchema-instance" xsi:schemaLocation="http://www.xbrl.org/2003/linkbase http://www.xbrl.org/2003/xbrl-linkbase-2003-12-31.xsd http://xbrl.org/2008/label http://www.xbrl.org/2008/generic-label.xsd http://xbrl.org/2008/generic http://www.xbrl.org/2008/generic-link.xsd http://www.w3.org/1999/xlink http://www.xbrl.org/2003/xlink-2003-12-31.xsd">
  <link:roleRef roleURI="http://www.xbrl.org/2008/role/link" xlink:href="http://www.xbrl.org/2008/generic-link.xsd#standard-link-role" xlink:type="simple"/>
  <link:roleRef roleURI="http://www.xbrl.org/2008/role/label" xlink:href="http://www.xbrl.org/2008/generic-label.xsd#standard-label" xlink:type="simple"/>
  <link:arcroleRef arcroleURI="http://xbrl.org/arcrole/2008/element-label" xlink:href="http://www.xbrl.org/2008/generic-label.xsd#element-label" xlink:type="simple"/>
  <gen:link xlink:role="http://www.xbrl.org/2008/role/link" xlink:type="extended">
    <label:label xlink:label="res_1" xlink:role="http://www.xbrl.org/2008/role/label" xlink:type="resource" xml:lang="es">[913000] Eje - Estados financieros consolidados y separados</label:label>
    <link:loc xlink:href="rol_full_ifrs-dim_2017-03-09.xsd#ifrs-dim_role-913000" xlink:label="loc_1" xlink:type="locator"/>
    <gen:arc xlink:arcrole="http://xbrl.org/arcrole/2008/element-label" xlink:from="loc_1" xlink:to="res_1" xlink:type="arc"/>
    <label:label xlink:label="res_2" xlink:role="http://www.xbrl.org/2008/role/label" xlink:type="resource" xml:lang="es">[901000] Eje - Aplicación retroactiva y reexpresión retroactiva</label:label>
    <link:loc xlink:href="rol_full_ifrs-dim_2017-03-09.xsd#ifrs-dim_role-901000" xlink:label="loc_2" xlink:type="locator"/>
    <gen:arc xlink:arcrole="http://xbrl.org/arcrole/2008/element-label" xlink:from="loc_2" xlink:to="res_2" xlink:type="arc"/>
    <label:label xlink:label="res_3" xlink:role="http://www.xbrl.org/2008/role/label" xlink:type="resource" xml:lang="es">[901500] Eje - Fecha de creación</label:label>
    <link:loc xlink:href="rol_full_ifrs-dim_2017-03-09.xsd#ifrs-dim_role-901500" xlink:label="loc_3" xlink:type="locator"/>
    <gen:arc xlink:arcrole="http://xbrl.org/arcrole/2008/element-label" xlink:from="loc_3" xlink:to="res_3" xlink:type="arc"/>
    <label:label xlink:label="res_4" xlink:role="http://www.xbrl.org/2008/role/label" xlink:type="resource" xml:lang="es">[903000] Eje - Operaciones continuadas y discontinuadas</label:label>
    <link:loc xlink:href="rol_full_ifrs-dim_2017-03-09.xsd#ifrs-dim_role-903000" xlink:label="loc_4" xlink:type="locator"/>
    <gen:arc xlink:arcrole="http://xbrl.org/arcrole/2008/element-label" xlink:from="loc_4" xlink:to="res_4" xlink:type="arc"/>
    <label:label xlink:label="res_5" xlink:role="http://www.xbrl.org/2008/role/label" xlink:type="resource" xml:lang="es">[990000] Eje - Incumplimientos</label:label>
    <link:loc xlink:href="rol_full_ifrs-dim_2017-03-09.xsd#ifrs-dim_role-990000" xlink:label="loc_5" xlink:type="locator"/>
    <gen:arc xlink:arcrole="http://xbrl.org/arcrole/2008/element-label" xlink:from="loc_5" xlink:to="res_5" xlink:type="arc"/>
    <label:label xlink:label="res_6" xlink:role="http://www.xbrl.org/2008/role/label" xlink:type="resource" xml:lang="es">[901100] Eje - Falta de aplicación de requerimientos de las NIIF</label:label>
    <link:loc xlink:href="rol_full_ifrs-dim_2017-03-09.xsd#ifrs-dim_role-901100" xlink:label="loc_6" xlink:type="locator"/>
    <gen:arc xlink:arcrole="http://xbrl.org/arcrole/2008/element-label" xlink:from="loc_6" xlink:to="res_6" xlink:type="arc"/>
    <label:label xlink:label="res_7" xlink:role="http://www.xbrl.org/2008/role/label" xlink:type="resource" xml:lang="es">[904000] Eje - Activos y pasivos clasificados como mantenidos para la venta</label:label>
    <link:loc xlink:href="rol_full_ifrs-dim_2017-03-09.xsd#ifrs-dim_role-904000" xlink:label="loc_7" xlink:type="locator"/>
    <gen:arc xlink:arcrole="http://xbrl.org/arcrole/2008/element-label" xlink:from="loc_7" xlink:to="res_7" xlink:type="arc"/>
  </gen:link>
</link:linkbase>
