<?xml version='1.0' encoding='UTF-8'?>

<!--
(c) XBRL US, Inc. 2007-2010; Financial Accounting Foundation, Inc. 2010-2016.  All Rights Reserved.
Notice: Authorized Uses are Set Forth at http://xbrl.fasb.org/terms/TaxonomiesTermsConditions.html
  -->
<link:linkbase xmlns:link='http://www.xbrl.org/2003/linkbase' xmlns:xbrldt='http://xbrl.org/2005/xbrldt' xmlns:xlink='http://www.w3.org/1999/xlink' xmlns:xsi='http://www.w3.org/2001/XMLSchema-instance' xsi:schemaLocation='http://www.xbrl.org/2003/linkbase http://www.xbrl.org/2003/xbrl-linkbase-2003-12-31.xsd'>
<link:roleRef roleURI='http://fasb.org/us-gaap/role/disclosure/FinancialServicesFederalHomeLoanBanksFederalHomeLoanBankAdvancesTable' xlink:href='../elts/us-roles-2016-01-31.xsd#FinancialServicesFederalHomeLoanBanksFederalHomeLoanBankAdvancesTable' xlink:type='simple' />
<link:arcroleRef arcroleURI='http://xbrl.org/int/dim/arcrole/all' xlink:href='http://www.xbrl.org/2005/xbrldt-2005.xsd#all' xlink:type='simple' />
<link:arcroleRef arcroleURI='http://xbrl.org/int/dim/arcrole/dimension-default' xlink:href='http://www.xbrl.org/2005/xbrldt-2005.xsd#dimension-default' xlink:type='simple' />
<link:arcroleRef arcroleURI='http://xbrl.org/int/dim/arcrole/dimension-domain' xlink:href='http://www.xbrl.org/2005/xbrldt-2005.xsd#dimension-domain' xlink:type='simple' />
<link:arcroleRef arcroleURI='http://xbrl.org/int/dim/arcrole/domain-member' xlink:href='http://www.xbrl.org/2005/xbrldt-2005.xsd#domain-member' xlink:type='simple' />
<link:arcroleRef arcroleURI='http://xbrl.org/int/dim/arcrole/hypercube-dimension' xlink:href='http://www.xbrl.org/2005/xbrldt-2005.xsd#hypercube-dimension' xlink:type='simple' />
<link:definitionLink xlink:role='http://fasb.org/us-gaap/role/disclosure/FinancialServicesFederalHomeLoanBanksFederalHomeLoanBankAdvancesTable' xlink:type='extended'>
<link:loc xlink:href='../elts/us-gaap-2016-01-31.xsd#us-gaap_FederalHomeLoanBankAdvancesLineItems' xlink:label='loc_FederalHomeLoanBankAdvancesLineItems' xlink:type='locator' />
<link:loc xlink:href='../elts/us-gaap-2016-01-31.xsd#us-gaap_FederalHomeLoanBankAdvancesTable' xlink:label='loc_FederalHomeLoanBankAdvancesTable' xlink:type='locator' />
<link:definitionArc order='1.0' xbrldt:closed='true' xbrldt:contextElement='segment' xlink:arcrole='http://xbrl.org/int/dim/arcrole/all' xlink:from='loc_FederalHomeLoanBankAdvancesLineItems' xlink:to='loc_FederalHomeLoanBankAdvancesTable' xlink:type='arc' />
</link:definitionLink>
<link:definitionLink xlink:role='http://fasb.org/us-gaap/role/disclosure/FinancialServicesFederalHomeLoanBanksFederalHomeLoanBankAdvancesTable' xlink:type='extended'>
<link:loc xlink:href='../elts/us-gaap-2016-01-31.xsd#us-gaap_FederalHomeLoanBankAdvancesOptionAxis' xlink:label='loc_FederalHomeLoanBankAdvancesOptionAxis' xlink:type='locator' />
<link:loc xlink:href='../elts/us-gaap-2016-01-31.xsd#us-gaap_FederalHomeLoanBankAdvancesOptionDomain' xlink:label='loc_FederalHomeLoanBankAdvancesOptionDomain' xlink:type='locator' />
<link:loc xlink:href='../elts/us-gaap-2016-01-31.xsd#us-gaap_RangeAxis' xlink:label='loc_RangeAxis' xlink:type='locator' />
<link:loc xlink:href='../elts/us-gaap-2016-01-31.xsd#us-gaap_RangeMember' xlink:label='loc_RangeMember' xlink:type='locator' />
<link:definitionArc order='1.0' xlink:arcrole='http://xbrl.org/int/dim/arcrole/dimension-default' xlink:from='loc_FederalHomeLoanBankAdvancesOptionAxis' xlink:to='loc_FederalHomeLoanBankAdvancesOptionDomain' xlink:type='arc' />
<link:definitionArc order='2.0' xlink:arcrole='http://xbrl.org/int/dim/arcrole/dimension-default' xlink:from='loc_RangeAxis' xlink:to='loc_RangeMember' xlink:type='arc' />
</link:definitionLink>
<link:definitionLink xlink:role='http://fasb.org/us-gaap/role/disclosure/FinancialServicesFederalHomeLoanBanksFederalHomeLoanBankAdvancesTable' xlink:type='extended'>
<link:loc xlink:href='../elts/us-gaap-2016-01-31.xsd#us-gaap_FederalHomeLoanBankAdvancesOptionAxis' xlink:label='loc_FederalHomeLoanBankAdvancesOptionAxis' xlink:type='locator' />
<link:loc xlink:href='../elts/us-gaap-2016-01-31.xsd#us-gaap_FederalHomeLoanBankAdvancesOptionDomain' xlink:label='loc_FederalHomeLoanBankAdvancesOptionDomain' xlink:type='locator' />
<link:loc xlink:href='../elts/us-gaap-2016-01-31.xsd#us-gaap_RangeAxis' xlink:label='loc_RangeAxis' xlink:type='locator' />
<link:loc xlink:href='../elts/us-gaap-2016-01-31.xsd#us-gaap_RangeMember' xlink:label='loc_RangeMember' xlink:type='locator' />
<link:definitionArc order='1.0' xlink:arcrole='http://xbrl.org/int/dim/arcrole/dimension-domain' xlink:from='loc_FederalHomeLoanBankAdvancesOptionAxis' xlink:to='loc_FederalHomeLoanBankAdvancesOptionDomain' xlink:type='arc' />
<link:definitionArc order='2.0' xlink:arcrole='http://xbrl.org/int/dim/arcrole/dimension-domain' xlink:from='loc_RangeAxis' xlink:to='loc_RangeMember' xlink:type='arc' />
</link:definitionLink>
<link:definitionLink xlink:role='http://fasb.org/us-gaap/role/disclosure/FinancialServicesFederalHomeLoanBanksFederalHomeLoanBankAdvancesTable' xlink:type='extended'>
<link:loc xlink:href='../elts/us-gaap-2016-01-31.xsd#us-gaap_FederalHomeLoanBankAdvancesLineItems' xlink:label='loc_FederalHomeLoanBankAdvancesLineItems' xlink:type='locator' />
<link:loc xlink:href='../elts/us-gaap-2016-01-31.xsd#us-gaap_FederalHomeLoanBankAdvancesMaturityPeriodFixedRate' xlink:label='loc_FederalHomeLoanBankAdvancesMaturityPeriodFixedRate' xlink:type='locator' />
<link:loc xlink:href='../elts/us-gaap-2016-01-31.xsd#us-gaap_FederalHomeLoanBankAdvancesMaturityPeriodVariableRate' xlink:label='loc_FederalHomeLoanBankAdvancesMaturityPeriodVariableRate' xlink:type='locator' />
<link:loc xlink:href='../elts/us-gaap-2016-01-31.xsd#us-gaap_FederalHomeLoanBankAdvancesInterestRate' xlink:label='loc_FederalHomeLoanBankAdvancesInterestRate' xlink:type='locator' />
<link:loc xlink:href='../elts/us-gaap-2016-01-31.xsd#us-gaap_FederalHomeLoanBankAdvancesParValue' xlink:label='loc_FederalHomeLoanBankAdvancesParValue' xlink:type='locator' />
<link:loc xlink:href='../elts/us-gaap-2016-01-31.xsd#us-gaap_FederalHomeLoanBankAdvancesOptionDomain' xlink:label='loc_FederalHomeLoanBankAdvancesOptionDomain' xlink:type='locator' />
<link:loc xlink:href='../elts/us-gaap-2016-01-31.xsd#us-gaap_FederalHomeLoanBankAdvancesCallableOptionMember' xlink:label='loc_FederalHomeLoanBankAdvancesCallableOptionMember' xlink:type='locator' />
<link:loc xlink:href='../elts/us-gaap-2016-01-31.xsd#us-gaap_FederalHomeLoanBankAdvancesPutableOptionMember' xlink:label='loc_FederalHomeLoanBankAdvancesPutableOptionMember' xlink:type='locator' />
<link:loc xlink:href='../elts/us-gaap-2016-01-31.xsd#us-gaap_FederalHomeLoanBankAdvancesConvertibleOptionMember' xlink:label='loc_FederalHomeLoanBankAdvancesConvertibleOptionMember' xlink:type='locator' />
<link:loc xlink:href='../elts/us-gaap-2016-01-31.xsd#us-gaap_RangeMember' xlink:label='loc_RangeMember' xlink:type='locator' />
<link:loc xlink:href='../elts/us-gaap-2016-01-31.xsd#us-gaap_MaximumMember' xlink:label='loc_MaximumMember' xlink:type='locator' />
<link:loc xlink:href='../elts/us-gaap-2016-01-31.xsd#us-gaap_MinimumMember' xlink:label='loc_MinimumMember' xlink:type='locator' />
<link:loc xlink:href='../elts/us-gaap-2016-01-31.xsd#us-gaap_WeightedAverageMember' xlink:label='loc_WeightedAverageMember' xlink:type='locator' />
<link:definitionArc order='1.0' xlink:arcrole='http://xbrl.org/int/dim/arcrole/domain-member' xlink:from='loc_FederalHomeLoanBankAdvancesLineItems' xlink:to='loc_FederalHomeLoanBankAdvancesMaturityPeriodFixedRate' xlink:type='arc' />
<link:definitionArc order='2.0' xlink:arcrole='http://xbrl.org/int/dim/arcrole/domain-member' xlink:from='loc_FederalHomeLoanBankAdvancesLineItems' xlink:to='loc_FederalHomeLoanBankAdvancesMaturityPeriodVariableRate' xlink:type='arc' />
<link:definitionArc order='3.0' xlink:arcrole='http://xbrl.org/int/dim/arcrole/domain-member' xlink:from='loc_FederalHomeLoanBankAdvancesLineItems' xlink:to='loc_FederalHomeLoanBankAdvancesInterestRate' xlink:type='arc' />
<link:definitionArc order='4.0' xlink:arcrole='http://xbrl.org/int/dim/arcrole/domain-member' xlink:from='loc_FederalHomeLoanBankAdvancesLineItems' xlink:to='loc_FederalHomeLoanBankAdvancesParValue' xlink:type='arc' />
<link:definitionArc order='1.0' xlink:arcrole='http://xbrl.org/int/dim/arcrole/domain-member' xlink:from='loc_FederalHomeLoanBankAdvancesOptionDomain' xlink:to='loc_FederalHomeLoanBankAdvancesCallableOptionMember' xlink:type='arc' />
<link:definitionArc order='2.0' xlink:arcrole='http://xbrl.org/int/dim/arcrole/domain-member' xlink:from='loc_FederalHomeLoanBankAdvancesOptionDomain' xlink:to='loc_FederalHomeLoanBankAdvancesPutableOptionMember' xlink:type='arc' />
<link:definitionArc order='3.0' xlink:arcrole='http://xbrl.org/int/dim/arcrole/domain-member' xlink:from='loc_FederalHomeLoanBankAdvancesOptionDomain' xlink:to='loc_FederalHomeLoanBankAdvancesConvertibleOptionMember' xlink:type='arc' />
<link:definitionArc order='4.0' xlink:arcrole='http://xbrl.org/int/dim/arcrole/domain-member' xlink:from='loc_RangeMember' xlink:to='loc_MaximumMember' xlink:type='arc' />
<link:definitionArc order='5.0' xlink:arcrole='http://xbrl.org/int/dim/arcrole/domain-member' xlink:from='loc_RangeMember' xlink:to='loc_MinimumMember' xlink:type='arc' />
<link:definitionArc order='6.0' xlink:arcrole='http://xbrl.org/int/dim/arcrole/domain-member' xlink:from='loc_RangeMember' xlink:to='loc_WeightedAverageMember' xlink:type='arc' />
</link:definitionLink>
<link:definitionLink xlink:role='http://fasb.org/us-gaap/role/disclosure/FinancialServicesFederalHomeLoanBanksFederalHomeLoanBankAdvancesTable' xlink:type='extended'>
<link:loc xlink:href='../elts/us-gaap-2016-01-31.xsd#us-gaap_FederalHomeLoanBankAdvancesTable' xlink:label='loc_FederalHomeLoanBankAdvancesTable' xlink:type='locator' />
<link:loc xlink:href='../elts/us-gaap-2016-01-31.xsd#us-gaap_FederalHomeLoanBankAdvancesOptionAxis' xlink:label='loc_FederalHomeLoanBankAdvancesOptionAxis' xlink:type='locator' />
<link:loc xlink:href='../elts/us-gaap-2016-01-31.xsd#us-gaap_RangeAxis' xlink:label='loc_RangeAxis' xlink:type='locator' />
<link:definitionArc order='1.0' xlink:arcrole='http://xbrl.org/int/dim/arcrole/hypercube-dimension' xlink:from='loc_FederalHomeLoanBankAdvancesTable' xlink:to='loc_FederalHomeLoanBankAdvancesOptionAxis' xlink:type='arc' />
<link:definitionArc order='2.0' xlink:arcrole='http://xbrl.org/int/dim/arcrole/hypercube-dimension' xlink:from='loc_FederalHomeLoanBankAdvancesTable' xlink:to='loc_RangeAxis' xlink:type='arc' />
</link:definitionLink>
</link:linkbase>
