<?xml version='1.0' encoding='UTF-8'?>

<!--
(c) XBRL US, Inc. 2007-2010; Financial Accounting Foundation, Inc. 2010-2016.  All Rights Reserved.
Notice: Authorized Uses are Set Forth at http://xbrl.fasb.org/terms/TaxonomiesTermsConditions.html
  -->
<link:linkbase xmlns:link='http://www.xbrl.org/2003/linkbase' xmlns:xbrldt='http://xbrl.org/2005/xbrldt' xmlns:xlink='http://www.w3.org/1999/xlink' xmlns:xsi='http://www.w3.org/2001/XMLSchema-instance' xsi:schemaLocation='http://www.xbrl.org/2003/linkbase http://www.xbrl.org/2003/xbrl-linkbase-2003-12-31.xsd'>
<link:roleRef roleURI='http://fasb.org/us-gaap/role/disclosure/Equity' xlink:href='../elts/us-roles-2016-01-31.xsd#equity' xlink:type='simple' />
<link:calculationLink xlink:role='http://fasb.org/us-gaap/role/disclosure/Equity' xlink:type='extended'>
<link:loc xlink:href='../elts/us-gaap-2016-01-31.xsd#us-gaap_AuctionMarketPreferredSecuritiesStockSharesOutstandingPeriodIncreaseDecrease' xlink:label='loc_AuctionMarketPreferredSecuritiesStockSharesOutstandingPeriodIncreaseDecrease' xlink:type='locator' />
<link:loc xlink:href='../elts/us-gaap-2016-01-31.xsd#us-gaap_AuctionMarketPreferredSecuritiesSharesIssued' xlink:label='loc_AuctionMarketPreferredSecuritiesSharesIssued' xlink:type='locator' />
<link:loc xlink:href='../elts/us-gaap-2016-01-31.xsd#us-gaap_AuctionMarketPreferredSecuritiesSharesRedeemed' xlink:label='loc_AuctionMarketPreferredSecuritiesSharesRedeemed' xlink:type='locator' />
<link:loc xlink:href='../elts/us-gaap-2016-01-31.xsd#us-gaap_CommonStocksIncludingAdditionalPaidInCapitalNetOfDiscount' xlink:label='loc_CommonStocksIncludingAdditionalPaidInCapitalNetOfDiscount' xlink:type='locator' />
<link:loc xlink:href='../elts/us-gaap-2016-01-31.xsd#us-gaap_CommonStocksIncludingAdditionalPaidInCapital' xlink:label='loc_CommonStocksIncludingAdditionalPaidInCapital' xlink:type='locator' />
<link:loc xlink:href='../elts/us-gaap-2016-01-31.xsd#us-gaap_CommonStockDiscountOnShares' xlink:label='loc_CommonStockDiscountOnShares' xlink:type='locator' />
<link:loc xlink:href='../elts/us-gaap-2016-01-31.xsd#us-gaap_CumulativeEffectOnRetainedEarningsNetOfTax1' xlink:label='loc_CumulativeEffectOnRetainedEarningsNetOfTax1' xlink:type='locator' />
<link:loc xlink:href='../elts/us-gaap-2016-01-31.xsd#us-gaap_CumulativeEffectOnRetainedEarningsBeforeTax1' xlink:label='loc_CumulativeEffectOnRetainedEarningsBeforeTax1' xlink:type='locator' />
<link:loc xlink:href='../elts/us-gaap-2016-01-31.xsd#us-gaap_CumulativeEffectOnRetainedEarningsTax1' xlink:label='loc_CumulativeEffectOnRetainedEarningsTax1' xlink:type='locator' />
<link:loc xlink:href='../elts/us-gaap-2016-01-31.xsd#us-gaap_OtherComprehensiveIncomeLossBeforeTax' xlink:label='loc_OtherComprehensiveIncomeLossBeforeTax' xlink:type='locator' />
<link:loc xlink:href='../elts/us-gaap-2016-01-31.xsd#us-gaap_OtherComprehensiveIncomeLossBeforeReclassificationsBeforeTax' xlink:label='loc_OtherComprehensiveIncomeLossBeforeReclassificationsBeforeTax' xlink:type='locator' />
<link:loc xlink:href='../elts/us-gaap-2016-01-31.xsd#us-gaap_ReclassificationFromAccumulatedOtherComprehensiveIncomeCurrentPeriodBeforeTax' xlink:label='loc_ReclassificationFromAccumulatedOtherComprehensiveIncomeCurrentPeriodBeforeTax' xlink:type='locator' />
<link:loc xlink:href='../elts/us-gaap-2016-01-31.xsd#us-gaap_PreferredStockIncludingAdditionalPaidInCapitalNetOfDiscount' xlink:label='loc_PreferredStockIncludingAdditionalPaidInCapitalNetOfDiscount' xlink:type='locator' />
<link:loc xlink:href='../elts/us-gaap-2016-01-31.xsd#us-gaap_PreferredStockIncludingAdditionalPaidInCapital' xlink:label='loc_PreferredStockIncludingAdditionalPaidInCapital' xlink:type='locator' />
<link:loc xlink:href='../elts/us-gaap-2016-01-31.xsd#us-gaap_PreferredStockValue' xlink:label='loc_PreferredStockValue' xlink:type='locator' />
<link:loc xlink:href='../elts/us-gaap-2016-01-31.xsd#us-gaap_AdditionalPaidInCapitalPreferredStock' xlink:label='loc_AdditionalPaidInCapitalPreferredStock' xlink:type='locator' />
<link:loc xlink:href='../elts/us-gaap-2016-01-31.xsd#us-gaap_PreferredStockDiscountOnShares' xlink:label='loc_PreferredStockDiscountOnShares' xlink:type='locator' />
<link:loc xlink:href='../elts/us-gaap-2016-01-31.xsd#us-gaap_RestatementOfPriorYearIncomeNetOfTax' xlink:label='loc_RestatementOfPriorYearIncomeNetOfTax' xlink:type='locator' />
<link:loc xlink:href='../elts/us-gaap-2016-01-31.xsd#us-gaap_RestatementOfPriorYearIncomeTaxEffects' xlink:label='loc_RestatementOfPriorYearIncomeTaxEffects' xlink:type='locator' />
<link:loc xlink:href='../elts/us-gaap-2016-01-31.xsd#us-gaap_RestatementOfPriorYearIncomeGross' xlink:label='loc_RestatementOfPriorYearIncomeGross' xlink:type='locator' />
<link:loc xlink:href='../elts/us-gaap-2016-01-31.xsd#us-gaap_StatutoryAccountingPracticesStatutoryAmountAvailableForDividendPayments' xlink:label='loc_StatutoryAccountingPracticesStatutoryAmountAvailableForDividendPayments' xlink:type='locator' />
<link:loc xlink:href='../elts/us-gaap-2016-01-31.xsd#us-gaap_StatutoryAccountingPracticesStatutoryAmountAvailableForDividendPaymentsWithRegulatoryApproval' xlink:label='loc_StatutoryAccountingPracticesStatutoryAmountAvailableForDividendPaymentsWithRegulatoryApproval' xlink:type='locator' />
<link:loc xlink:href='../elts/us-gaap-2016-01-31.xsd#us-gaap_StatutoryAccountingPracticesStatutoryAmountAvailableForDividendPaymentsWithoutRegulatoryApproval' xlink:label='loc_StatutoryAccountingPracticesStatutoryAmountAvailableForDividendPaymentsWithoutRegulatoryApproval' xlink:type='locator' />
<link:calculationArc order='10' weight='1.0' xlink:arcrole='http://www.xbrl.org/2003/arcrole/summation-item' xlink:from='loc_AuctionMarketPreferredSecuritiesStockSharesOutstandingPeriodIncreaseDecrease' xlink:to='loc_AuctionMarketPreferredSecuritiesSharesIssued' xlink:type='arc' />
<link:calculationArc order='20' weight='-1.0' xlink:arcrole='http://www.xbrl.org/2003/arcrole/summation-item' xlink:from='loc_AuctionMarketPreferredSecuritiesStockSharesOutstandingPeriodIncreaseDecrease' xlink:to='loc_AuctionMarketPreferredSecuritiesSharesRedeemed' xlink:type='arc' />
<link:calculationArc order='10' weight='1.0' xlink:arcrole='http://www.xbrl.org/2003/arcrole/summation-item' xlink:from='loc_CommonStocksIncludingAdditionalPaidInCapitalNetOfDiscount' xlink:to='loc_CommonStocksIncludingAdditionalPaidInCapital' xlink:type='arc' />
<link:calculationArc order='20' weight='-1.0' xlink:arcrole='http://www.xbrl.org/2003/arcrole/summation-item' xlink:from='loc_CommonStocksIncludingAdditionalPaidInCapitalNetOfDiscount' xlink:to='loc_CommonStockDiscountOnShares' xlink:type='arc' />
<link:calculationArc order='10' weight='1.0' xlink:arcrole='http://www.xbrl.org/2003/arcrole/summation-item' xlink:from='loc_CumulativeEffectOnRetainedEarningsNetOfTax1' xlink:to='loc_CumulativeEffectOnRetainedEarningsBeforeTax1' xlink:type='arc' />
<link:calculationArc order='20' weight='-1.0' xlink:arcrole='http://www.xbrl.org/2003/arcrole/summation-item' xlink:from='loc_CumulativeEffectOnRetainedEarningsNetOfTax1' xlink:to='loc_CumulativeEffectOnRetainedEarningsTax1' xlink:type='arc' />
<link:calculationArc order='10' weight='1.0' xlink:arcrole='http://www.xbrl.org/2003/arcrole/summation-item' xlink:from='loc_OtherComprehensiveIncomeLossBeforeTax' xlink:to='loc_OtherComprehensiveIncomeLossBeforeReclassificationsBeforeTax' xlink:type='arc' />
<link:calculationArc order='20' weight='-1.0' xlink:arcrole='http://www.xbrl.org/2003/arcrole/summation-item' xlink:from='loc_OtherComprehensiveIncomeLossBeforeTax' xlink:to='loc_ReclassificationFromAccumulatedOtherComprehensiveIncomeCurrentPeriodBeforeTax' xlink:type='arc' />
<link:calculationArc order='10' weight='1.0' xlink:arcrole='http://www.xbrl.org/2003/arcrole/summation-item' xlink:from='loc_PreferredStockIncludingAdditionalPaidInCapitalNetOfDiscount' xlink:to='loc_PreferredStockIncludingAdditionalPaidInCapital' xlink:type='arc' />
<link:calculationArc order='10' weight='1.0' xlink:arcrole='http://www.xbrl.org/2003/arcrole/summation-item' xlink:from='loc_PreferredStockIncludingAdditionalPaidInCapital' xlink:to='loc_PreferredStockValue' xlink:type='arc' />
<link:calculationArc order='20' weight='1.0' xlink:arcrole='http://www.xbrl.org/2003/arcrole/summation-item' xlink:from='loc_PreferredStockIncludingAdditionalPaidInCapital' xlink:to='loc_AdditionalPaidInCapitalPreferredStock' xlink:type='arc' />
<link:calculationArc order='20' weight='-1.0' xlink:arcrole='http://www.xbrl.org/2003/arcrole/summation-item' xlink:from='loc_PreferredStockIncludingAdditionalPaidInCapitalNetOfDiscount' xlink:to='loc_PreferredStockDiscountOnShares' xlink:type='arc' />
<link:calculationArc order='10' weight='-1.0' xlink:arcrole='http://www.xbrl.org/2003/arcrole/summation-item' xlink:from='loc_RestatementOfPriorYearIncomeNetOfTax' xlink:to='loc_RestatementOfPriorYearIncomeTaxEffects' xlink:type='arc' />
<link:calculationArc order='20' weight='1.0' xlink:arcrole='http://www.xbrl.org/2003/arcrole/summation-item' xlink:from='loc_RestatementOfPriorYearIncomeNetOfTax' xlink:to='loc_RestatementOfPriorYearIncomeGross' xlink:type='arc' />
<link:calculationArc order='10' weight='1.0' xlink:arcrole='http://www.xbrl.org/2003/arcrole/summation-item' xlink:from='loc_StatutoryAccountingPracticesStatutoryAmountAvailableForDividendPayments' xlink:to='loc_StatutoryAccountingPracticesStatutoryAmountAvailableForDividendPaymentsWithRegulatoryApproval' xlink:type='arc' />
<link:calculationArc order='20' weight='1.0' xlink:arcrole='http://www.xbrl.org/2003/arcrole/summation-item' xlink:from='loc_StatutoryAccountingPracticesStatutoryAmountAvailableForDividendPayments' xlink:to='loc_StatutoryAccountingPracticesStatutoryAmountAvailableForDividendPaymentsWithoutRegulatoryApproval' xlink:type='arc' />
</link:calculationLink>
</link:linkbase>
