<?xml version='1.0' encoding='UTF-8'?>

<!--
(c) XBRL US, Inc. 2007-2010; Financial Accounting Foundation, Inc. 2010-2016.  All Rights Reserved.
Notice: Authorized Uses are Set Forth at http://xbrl.fasb.org/terms/TaxonomiesTermsConditions.html
  -->
<link:linkbase xmlns:link='http://www.xbrl.org/2003/linkbase' xmlns:xbrldt='http://xbrl.org/2005/xbrldt' xmlns:xlink='http://www.w3.org/1999/xlink' xmlns:xsi='http://www.w3.org/2001/XMLSchema-instance' xsi:schemaLocation='http://www.xbrl.org/2003/linkbase http://www.xbrl.org/2003/xbrl-linkbase-2003-12-31.xsd'>
<link:roleRef roleURI='http://fasb.org/us-gaap/role/disclosure/EarningsPerShareScheduleOfEarningsPerShareDilutedByCommonClassTable' xlink:href='../elts/us-roles-2016-01-31.xsd#EarningsPerShareScheduleOfEarningsPerShareDilutedByCommonClassTable' xlink:type='simple' />
<link:arcroleRef arcroleURI='http://xbrl.org/int/dim/arcrole/all' xlink:href='http://www.xbrl.org/2005/xbrldt-2005.xsd#all' xlink:type='simple' />
<link:arcroleRef arcroleURI='http://xbrl.org/int/dim/arcrole/dimension-default' xlink:href='http://www.xbrl.org/2005/xbrldt-2005.xsd#dimension-default' xlink:type='simple' />
<link:arcroleRef arcroleURI='http://xbrl.org/int/dim/arcrole/dimension-domain' xlink:href='http://www.xbrl.org/2005/xbrldt-2005.xsd#dimension-domain' xlink:type='simple' />
<link:arcroleRef arcroleURI='http://xbrl.org/int/dim/arcrole/domain-member' xlink:href='http://www.xbrl.org/2005/xbrldt-2005.xsd#domain-member' xlink:type='simple' />
<link:arcroleRef arcroleURI='http://xbrl.org/int/dim/arcrole/hypercube-dimension' xlink:href='http://www.xbrl.org/2005/xbrldt-2005.xsd#hypercube-dimension' xlink:type='simple' />
<link:roleRef roleURI='http://fasb.org/us-gaap/role/disclosure/EarningsPerShareScheduleOfEarningsPerShareBasicByCommonClassTable' xlink:href='../elts/us-roles-2016-01-31.xsd#EarningsPerShareScheduleOfEarningsPerShareBasicByCommonClassTable' xlink:type='simple' />
<link:roleRef roleURI='http://fasb.org/us-gaap/role/disclosure/EarningsPerShareScheduleOfAntidilutiveSecuritiesExcludedFromComputationOfEarningsPerShareTable' xlink:href='../elts/us-roles-2016-01-31.xsd#EarningsPerShareScheduleOfAntidilutiveSecuritiesExcludedFromComputationOfEarningsPerShareTable' xlink:type='simple' />
<link:definitionLink xlink:role='http://fasb.org/us-gaap/role/disclosure/EarningsPerShareScheduleOfAntidilutiveSecuritiesExcludedFromComputationOfEarningsPerShareTable' xlink:type='extended'>
<link:loc xlink:href='../elts/us-gaap-2016-01-31.xsd#us-gaap_AntidilutiveSecuritiesExcludedFromComputationOfEarningsPerShareLineItems' xlink:label='loc_AntidilutiveSecuritiesExcludedFromComputationOfEarningsPerShareLineItems' xlink:type='locator' />
<link:loc xlink:href='../elts/us-gaap-2016-01-31.xsd#us-gaap_ScheduleOfAntidilutiveSecuritiesExcludedFromComputationOfEarningsPerShareTable' xlink:label='loc_ScheduleOfAntidilutiveSecuritiesExcludedFromComputationOfEarningsPerShareTable' xlink:type='locator' />
<link:definitionArc order='1.0' xbrldt:closed='true' xbrldt:contextElement='segment' xlink:arcrole='http://xbrl.org/int/dim/arcrole/all' xlink:from='loc_AntidilutiveSecuritiesExcludedFromComputationOfEarningsPerShareLineItems' xlink:to='loc_ScheduleOfAntidilutiveSecuritiesExcludedFromComputationOfEarningsPerShareTable' xlink:type='arc' />
</link:definitionLink>
<link:definitionLink xlink:role='http://fasb.org/us-gaap/role/disclosure/EarningsPerShareScheduleOfAntidilutiveSecuritiesExcludedFromComputationOfEarningsPerShareTable' xlink:type='extended'>
<link:loc xlink:href='../elts/us-gaap-2016-01-31.xsd#us-gaap_AntidilutiveSecuritiesExcludedFromComputationOfEarningsPerShareByAntidilutiveSecuritiesAxis' xlink:label='loc_AntidilutiveSecuritiesExcludedFromComputationOfEarningsPerShareByAntidilutiveSecuritiesAxis' xlink:type='locator' />
<link:loc xlink:href='../elts/us-gaap-2016-01-31.xsd#us-gaap_AntidilutiveSecuritiesNameDomain' xlink:label='loc_AntidilutiveSecuritiesNameDomain' xlink:type='locator' />
<link:definitionArc order='1.0' xlink:arcrole='http://xbrl.org/int/dim/arcrole/dimension-default' xlink:from='loc_AntidilutiveSecuritiesExcludedFromComputationOfEarningsPerShareByAntidilutiveSecuritiesAxis' xlink:to='loc_AntidilutiveSecuritiesNameDomain' xlink:type='arc' />
</link:definitionLink>
<link:definitionLink xlink:role='http://fasb.org/us-gaap/role/disclosure/EarningsPerShareScheduleOfAntidilutiveSecuritiesExcludedFromComputationOfEarningsPerShareTable' xlink:type='extended'>
<link:loc xlink:href='../elts/us-gaap-2016-01-31.xsd#us-gaap_AntidilutiveSecuritiesExcludedFromComputationOfEarningsPerShareByAntidilutiveSecuritiesAxis' xlink:label='loc_AntidilutiveSecuritiesExcludedFromComputationOfEarningsPerShareByAntidilutiveSecuritiesAxis' xlink:type='locator' />
<link:loc xlink:href='../elts/us-gaap-2016-01-31.xsd#us-gaap_AntidilutiveSecuritiesNameDomain' xlink:label='loc_AntidilutiveSecuritiesNameDomain' xlink:type='locator' />
<link:definitionArc order='1.0' xlink:arcrole='http://xbrl.org/int/dim/arcrole/dimension-domain' xlink:from='loc_AntidilutiveSecuritiesExcludedFromComputationOfEarningsPerShareByAntidilutiveSecuritiesAxis' xlink:to='loc_AntidilutiveSecuritiesNameDomain' xlink:type='arc' />
</link:definitionLink>
<link:definitionLink xlink:role='http://fasb.org/us-gaap/role/disclosure/EarningsPerShareScheduleOfAntidilutiveSecuritiesExcludedFromComputationOfEarningsPerShareTable' xlink:type='extended'>
<link:loc xlink:href='../elts/us-gaap-2016-01-31.xsd#us-gaap_AntidilutiveSecuritiesExcludedFromComputationOfEarningsPerShareLineItems' xlink:label='loc_AntidilutiveSecuritiesExcludedFromComputationOfEarningsPerShareLineItems' xlink:type='locator' />
<link:loc xlink:href='../elts/us-gaap-2016-01-31.xsd#us-gaap_AntidilutiveSecuritiesExcludedFromComputationOfEarningsPerShareAmount' xlink:label='loc_AntidilutiveSecuritiesExcludedFromComputationOfEarningsPerShareAmount' xlink:type='locator' />
<link:loc xlink:href='../elts/us-gaap-2016-01-31.xsd#us-gaap_AntidilutiveSecuritiesNameDomain' xlink:label='loc_AntidilutiveSecuritiesNameDomain' xlink:type='locator' />
<link:loc xlink:href='../elts/us-gaap-2016-01-31.xsd#us-gaap_StockCompensationPlanMember' xlink:label='loc_StockCompensationPlanMember' xlink:type='locator' />
<link:loc xlink:href='../elts/us-gaap-2016-01-31.xsd#us-gaap_ConvertibleDebtSecuritiesMember' xlink:label='loc_ConvertibleDebtSecuritiesMember' xlink:type='locator' />
<link:loc xlink:href='../elts/us-gaap-2016-01-31.xsd#us-gaap_EmployeeStockOptionMember' xlink:label='loc_EmployeeStockOptionMember' xlink:type='locator' />
<link:loc xlink:href='../elts/us-gaap-2016-01-31.xsd#us-gaap_WarrantMember' xlink:label='loc_WarrantMember' xlink:type='locator' />
<link:loc xlink:href='../elts/us-gaap-2016-01-31.xsd#us-gaap_RestrictedStockMember' xlink:label='loc_RestrictedStockMember' xlink:type='locator' />
<link:loc xlink:href='../elts/us-gaap-2016-01-31.xsd#us-gaap_EquityUnitPurchaseAgreementsMember' xlink:label='loc_EquityUnitPurchaseAgreementsMember' xlink:type='locator' />
<link:loc xlink:href='../elts/us-gaap-2016-01-31.xsd#us-gaap_ForwardContractsMember' xlink:label='loc_ForwardContractsMember' xlink:type='locator' />
<link:loc xlink:href='../elts/us-gaap-2016-01-31.xsd#us-gaap_PerformanceSharesMember' xlink:label='loc_PerformanceSharesMember' xlink:type='locator' />
<link:loc xlink:href='../elts/us-gaap-2016-01-31.xsd#us-gaap_PhantomShareUnitsPSUsMember' xlink:label='loc_PhantomShareUnitsPSUsMember' xlink:type='locator' />
<link:loc xlink:href='../elts/us-gaap-2016-01-31.xsd#us-gaap_StockAppreciationRightsSARSMember' xlink:label='loc_StockAppreciationRightsSARSMember' xlink:type='locator' />
<link:loc xlink:href='../elts/us-gaap-2016-01-31.xsd#us-gaap_RestrictedStockUnitsRSUMember' xlink:label='loc_RestrictedStockUnitsRSUMember' xlink:type='locator' />
<link:definitionArc order='1.0' xlink:arcrole='http://xbrl.org/int/dim/arcrole/domain-member' xlink:from='loc_AntidilutiveSecuritiesExcludedFromComputationOfEarningsPerShareLineItems' xlink:to='loc_AntidilutiveSecuritiesExcludedFromComputationOfEarningsPerShareAmount' xlink:type='arc' />
<link:definitionArc order='1.0' xlink:arcrole='http://xbrl.org/int/dim/arcrole/domain-member' xlink:from='loc_AntidilutiveSecuritiesNameDomain' xlink:to='loc_StockCompensationPlanMember' xlink:type='arc' />
<link:definitionArc order='2.0' xlink:arcrole='http://xbrl.org/int/dim/arcrole/domain-member' xlink:from='loc_AntidilutiveSecuritiesNameDomain' xlink:to='loc_ConvertibleDebtSecuritiesMember' xlink:type='arc' />
<link:definitionArc order='3.0' xlink:arcrole='http://xbrl.org/int/dim/arcrole/domain-member' xlink:from='loc_AntidilutiveSecuritiesNameDomain' xlink:to='loc_EmployeeStockOptionMember' xlink:type='arc' />
<link:definitionArc order='4.0' xlink:arcrole='http://xbrl.org/int/dim/arcrole/domain-member' xlink:from='loc_AntidilutiveSecuritiesNameDomain' xlink:to='loc_WarrantMember' xlink:type='arc' />
<link:definitionArc order='5.0' xlink:arcrole='http://xbrl.org/int/dim/arcrole/domain-member' xlink:from='loc_AntidilutiveSecuritiesNameDomain' xlink:to='loc_RestrictedStockMember' xlink:type='arc' />
<link:definitionArc order='6.0' xlink:arcrole='http://xbrl.org/int/dim/arcrole/domain-member' xlink:from='loc_AntidilutiveSecuritiesNameDomain' xlink:to='loc_EquityUnitPurchaseAgreementsMember' xlink:type='arc' />
<link:definitionArc order='7.0' xlink:arcrole='http://xbrl.org/int/dim/arcrole/domain-member' xlink:from='loc_AntidilutiveSecuritiesNameDomain' xlink:to='loc_ForwardContractsMember' xlink:type='arc' />
<link:definitionArc order='8.0' xlink:arcrole='http://xbrl.org/int/dim/arcrole/domain-member' xlink:from='loc_AntidilutiveSecuritiesNameDomain' xlink:to='loc_PerformanceSharesMember' xlink:type='arc' />
<link:definitionArc order='9.0' xlink:arcrole='http://xbrl.org/int/dim/arcrole/domain-member' xlink:from='loc_AntidilutiveSecuritiesNameDomain' xlink:to='loc_PhantomShareUnitsPSUsMember' xlink:type='arc' />
<link:definitionArc order='10.0' xlink:arcrole='http://xbrl.org/int/dim/arcrole/domain-member' xlink:from='loc_AntidilutiveSecuritiesNameDomain' xlink:to='loc_StockAppreciationRightsSARSMember' xlink:type='arc' />
<link:definitionArc order='11.0' xlink:arcrole='http://xbrl.org/int/dim/arcrole/domain-member' xlink:from='loc_AntidilutiveSecuritiesNameDomain' xlink:to='loc_RestrictedStockUnitsRSUMember' xlink:type='arc' />
</link:definitionLink>
<link:definitionLink xlink:role='http://fasb.org/us-gaap/role/disclosure/EarningsPerShareScheduleOfAntidilutiveSecuritiesExcludedFromComputationOfEarningsPerShareTable' xlink:type='extended'>
<link:loc xlink:href='../elts/us-gaap-2016-01-31.xsd#us-gaap_ScheduleOfAntidilutiveSecuritiesExcludedFromComputationOfEarningsPerShareTable' xlink:label='loc_ScheduleOfAntidilutiveSecuritiesExcludedFromComputationOfEarningsPerShareTable' xlink:type='locator' />
<link:loc xlink:href='../elts/us-gaap-2016-01-31.xsd#us-gaap_AntidilutiveSecuritiesExcludedFromComputationOfEarningsPerShareByAntidilutiveSecuritiesAxis' xlink:label='loc_AntidilutiveSecuritiesExcludedFromComputationOfEarningsPerShareByAntidilutiveSecuritiesAxis' xlink:type='locator' />
<link:definitionArc order='1.0' xlink:arcrole='http://xbrl.org/int/dim/arcrole/hypercube-dimension' xlink:from='loc_ScheduleOfAntidilutiveSecuritiesExcludedFromComputationOfEarningsPerShareTable' xlink:to='loc_AntidilutiveSecuritiesExcludedFromComputationOfEarningsPerShareByAntidilutiveSecuritiesAxis' xlink:type='arc' />
</link:definitionLink>
<link:definitionLink xlink:role='http://fasb.org/us-gaap/role/disclosure/EarningsPerShareScheduleOfEarningsPerShareBasicByCommonClassTable' xlink:type='extended'>
<link:loc xlink:href='../elts/us-gaap-2016-01-31.xsd#us-gaap_EarningsPerShareBasicLineItems' xlink:label='loc_EarningsPerShareBasicLineItems' xlink:type='locator' />
<link:loc xlink:href='../elts/us-gaap-2016-01-31.xsd#us-gaap_ScheduleOfEarningsPerShareBasicByCommonClassTable' xlink:label='loc_ScheduleOfEarningsPerShareBasicByCommonClassTable' xlink:type='locator' />
<link:definitionArc order='1.0' xbrldt:closed='true' xbrldt:contextElement='segment' xlink:arcrole='http://xbrl.org/int/dim/arcrole/all' xlink:from='loc_EarningsPerShareBasicLineItems' xlink:to='loc_ScheduleOfEarningsPerShareBasicByCommonClassTable' xlink:type='arc' />
</link:definitionLink>
<link:definitionLink xlink:role='http://fasb.org/us-gaap/role/disclosure/EarningsPerShareScheduleOfEarningsPerShareBasicByCommonClassTable' xlink:type='extended'>
<link:loc xlink:href='../elts/us-gaap-2016-01-31.xsd#us-gaap_StatementClassOfStockAxis' xlink:label='loc_StatementClassOfStockAxis' xlink:type='locator' />
<link:loc xlink:href='../elts/us-gaap-2016-01-31.xsd#us-gaap_ClassOfStockDomain' xlink:label='loc_ClassOfStockDomain' xlink:type='locator' />
<link:definitionArc order='1.0' xlink:arcrole='http://xbrl.org/int/dim/arcrole/dimension-default' xlink:from='loc_StatementClassOfStockAxis' xlink:to='loc_ClassOfStockDomain' xlink:type='arc' />
</link:definitionLink>
<link:definitionLink xlink:role='http://fasb.org/us-gaap/role/disclosure/EarningsPerShareScheduleOfEarningsPerShareBasicByCommonClassTable' xlink:type='extended'>
<link:loc xlink:href='../elts/us-gaap-2016-01-31.xsd#us-gaap_StatementClassOfStockAxis' xlink:label='loc_StatementClassOfStockAxis' xlink:type='locator' />
<link:loc xlink:href='../elts/us-gaap-2016-01-31.xsd#us-gaap_ClassOfStockDomain' xlink:label='loc_ClassOfStockDomain' xlink:type='locator' />
<link:definitionArc order='1.0' xlink:arcrole='http://xbrl.org/int/dim/arcrole/dimension-domain' xlink:from='loc_StatementClassOfStockAxis' xlink:to='loc_ClassOfStockDomain' xlink:type='arc' />
</link:definitionLink>
<link:definitionLink xlink:role='http://fasb.org/us-gaap/role/disclosure/EarningsPerShareScheduleOfEarningsPerShareBasicByCommonClassTable' xlink:type='extended'>
<link:loc xlink:href='../elts/us-gaap-2016-01-31.xsd#us-gaap_ClassOfStockDomain' xlink:label='loc_ClassOfStockDomain' xlink:type='locator' />
<link:loc xlink:href='../elts/us-gaap-2016-01-31.xsd#us-gaap_CommonClassAMember' xlink:label='loc_CommonClassAMember' xlink:type='locator' />
<link:loc xlink:href='../elts/us-gaap-2016-01-31.xsd#us-gaap_CommonClassBMember' xlink:label='loc_CommonClassBMember' xlink:type='locator' />
<link:loc xlink:href='../elts/us-gaap-2016-01-31.xsd#us-gaap_CommonClassCMember' xlink:label='loc_CommonClassCMember' xlink:type='locator' />
<link:loc xlink:href='../elts/us-gaap-2016-01-31.xsd#us-gaap_NonvotingCommonStockMember' xlink:label='loc_NonvotingCommonStockMember' xlink:type='locator' />
<link:loc xlink:href='../elts/us-gaap-2016-01-31.xsd#us-gaap_ConvertibleCommonStockMember' xlink:label='loc_ConvertibleCommonStockMember' xlink:type='locator' />
<link:loc xlink:href='../elts/us-gaap-2016-01-31.xsd#us-gaap_CumulativePreferredStockMember' xlink:label='loc_CumulativePreferredStockMember' xlink:type='locator' />
<link:loc xlink:href='../elts/us-gaap-2016-01-31.xsd#us-gaap_NoncumulativePreferredStockMember' xlink:label='loc_NoncumulativePreferredStockMember' xlink:type='locator' />
<link:loc xlink:href='../elts/us-gaap-2016-01-31.xsd#us-gaap_RedeemablePreferredStockMember' xlink:label='loc_RedeemablePreferredStockMember' xlink:type='locator' />
<link:loc xlink:href='../elts/us-gaap-2016-01-31.xsd#us-gaap_NonredeemablePreferredStockMember' xlink:label='loc_NonredeemablePreferredStockMember' xlink:type='locator' />
<link:loc xlink:href='../elts/us-gaap-2016-01-31.xsd#us-gaap_ConvertiblePreferredStockMember' xlink:label='loc_ConvertiblePreferredStockMember' xlink:type='locator' />
<link:loc xlink:href='../elts/us-gaap-2016-01-31.xsd#us-gaap_PreferredClassAMember' xlink:label='loc_PreferredClassAMember' xlink:type='locator' />
<link:loc xlink:href='../elts/us-gaap-2016-01-31.xsd#us-gaap_PreferredClassBMember' xlink:label='loc_PreferredClassBMember' xlink:type='locator' />
<link:loc xlink:href='../elts/us-gaap-2016-01-31.xsd#us-gaap_SeriesAPreferredStockMember' xlink:label='loc_SeriesAPreferredStockMember' xlink:type='locator' />
<link:loc xlink:href='../elts/us-gaap-2016-01-31.xsd#us-gaap_SeriesBPreferredStockMember' xlink:label='loc_SeriesBPreferredStockMember' xlink:type='locator' />
<link:loc xlink:href='../elts/us-gaap-2016-01-31.xsd#us-gaap_SeriesCPreferredStockMember' xlink:label='loc_SeriesCPreferredStockMember' xlink:type='locator' />
<link:loc xlink:href='../elts/us-gaap-2016-01-31.xsd#us-gaap_SeriesDPreferredStockMember' xlink:label='loc_SeriesDPreferredStockMember' xlink:type='locator' />
<link:loc xlink:href='../elts/us-gaap-2016-01-31.xsd#us-gaap_SeriesEPreferredStockMember' xlink:label='loc_SeriesEPreferredStockMember' xlink:type='locator' />
<link:loc xlink:href='../elts/us-gaap-2016-01-31.xsd#us-gaap_SeriesFPreferredStockMember' xlink:label='loc_SeriesFPreferredStockMember' xlink:type='locator' />
<link:loc xlink:href='../elts/us-gaap-2016-01-31.xsd#us-gaap_SeriesGPreferredStockMember' xlink:label='loc_SeriesGPreferredStockMember' xlink:type='locator' />
<link:loc xlink:href='../elts/us-gaap-2016-01-31.xsd#us-gaap_SeriesHPreferredStockMember' xlink:label='loc_SeriesHPreferredStockMember' xlink:type='locator' />
<link:loc xlink:href='../elts/us-gaap-2016-01-31.xsd#us-gaap_NonredeemableConvertiblePreferredStockMember' xlink:label='loc_NonredeemableConvertiblePreferredStockMember' xlink:type='locator' />
<link:loc xlink:href='../elts/us-gaap-2016-01-31.xsd#us-gaap_RedeemableConvertiblePreferredStockMember' xlink:label='loc_RedeemableConvertiblePreferredStockMember' xlink:type='locator' />
<link:loc xlink:href='../elts/us-gaap-2016-01-31.xsd#us-gaap_ContingentConvertiblePreferredStockMember' xlink:label='loc_ContingentConvertiblePreferredStockMember' xlink:type='locator' />
<link:loc xlink:href='../elts/us-gaap-2016-01-31.xsd#us-gaap_DistributedEarningsAbstract' xlink:label='loc_DistributedEarningsAbstract' xlink:type='locator' />
<link:loc xlink:href='../elts/us-gaap-2016-01-31.xsd#us-gaap_Dividends' xlink:label='loc_Dividends' xlink:type='locator' />
<link:loc xlink:href='../elts/us-gaap-2016-01-31.xsd#us-gaap_DividendsAndInterestPaid' xlink:label='loc_DividendsAndInterestPaid' xlink:type='locator' />
<link:loc xlink:href='../elts/us-gaap-2016-01-31.xsd#us-gaap_DistributedEarnings' xlink:label='loc_DistributedEarnings' xlink:type='locator' />
<link:loc xlink:href='../elts/us-gaap-2016-01-31.xsd#us-gaap_EarningsPerShareBasicAbstract' xlink:label='loc_EarningsPerShareBasicAbstract' xlink:type='locator' />
<link:loc xlink:href='../elts/us-gaap-2016-01-31.xsd#us-gaap_IncomeLossFromContinuingOperationsPerBasicShare' xlink:label='loc_IncomeLossFromContinuingOperationsPerBasicShare' xlink:type='locator' />
<link:loc xlink:href='../elts/us-gaap-2016-01-31.xsd#us-gaap_IncomeLossFromDiscontinuedOperationsAndDisposalOfDiscontinuedOperationsNetOfTaxPerBasicShareAbstract' xlink:label='loc_IncomeLossFromDiscontinuedOperationsAndDisposalOfDiscontinuedOperationsNetOfTaxPerBasicShareAbstract' xlink:type='locator' />
<link:loc xlink:href='../elts/us-gaap-2016-01-31.xsd#us-gaap_EarningsPerShareBasic' xlink:label='loc_EarningsPerShareBasic' xlink:type='locator' />
<link:loc xlink:href='../elts/us-gaap-2016-01-31.xsd#us-gaap_EarningsPerShareBasicTwoClassMethodAbstract' xlink:label='loc_EarningsPerShareBasicTwoClassMethodAbstract' xlink:type='locator' />
<link:loc xlink:href='../elts/us-gaap-2016-01-31.xsd#us-gaap_UndistributedEarningsAbstract' xlink:label='loc_UndistributedEarningsAbstract' xlink:type='locator' />
<link:loc xlink:href='../elts/us-gaap-2016-01-31.xsd#us-gaap_EarningsPerShareBasicDistributed' xlink:label='loc_EarningsPerShareBasicDistributed' xlink:type='locator' />
<link:loc xlink:href='../elts/us-gaap-2016-01-31.xsd#us-gaap_EarningsPerShareBasicUndistributed' xlink:label='loc_EarningsPerShareBasicUndistributed' xlink:type='locator' />
<link:loc xlink:href='../elts/us-gaap-2016-01-31.xsd#us-gaap_MasterLimitedPartnershipsAllocationOfEarningsLossesDescription' xlink:label='loc_MasterLimitedPartnershipsAllocationOfEarningsLossesDescription' xlink:type='locator' />
<link:loc xlink:href='../elts/us-gaap-2016-01-31.xsd#us-gaap_EarningsPerShareBasicLineItems' xlink:label='loc_EarningsPerShareBasicLineItems' xlink:type='locator' />
<link:loc xlink:href='../elts/us-gaap-2016-01-31.xsd#us-gaap_EarningsPerShareNonrecurringCommonControlIntraEntityTransactionsDescriptionPerBasicShareAbstract' xlink:label='loc_EarningsPerShareNonrecurringCommonControlIntraEntityTransactionsDescriptionPerBasicShareAbstract' xlink:type='locator' />
<link:loc xlink:href='../elts/us-gaap-2016-01-31.xsd#us-gaap_ParticipatingSecuritiesDistributedAndUndistributedEarningsAbstract' xlink:label='loc_ParticipatingSecuritiesDistributedAndUndistributedEarningsAbstract' xlink:type='locator' />
<link:loc xlink:href='../elts/us-gaap-2016-01-31.xsd#us-gaap_EarningsPerShareNonrecurringCommonControlIntraEntityTransactionsDescription' xlink:label='loc_EarningsPerShareNonrecurringCommonControlIntraEntityTransactionsDescription' xlink:type='locator' />
<link:loc xlink:href='../elts/us-gaap-2016-01-31.xsd#us-gaap_EarningsPerShareNonrecurringCommonControlIntraEntityTransactionsPerBasicShareEffect' xlink:label='loc_EarningsPerShareNonrecurringCommonControlIntraEntityTransactionsPerBasicShareEffect' xlink:type='locator' />
<link:loc xlink:href='../elts/us-gaap-2016-01-31.xsd#us-gaap_DiscontinuedOperationIncomeLossFromDiscontinuedOperationNetOfTaxPerBasicShare' xlink:label='loc_DiscontinuedOperationIncomeLossFromDiscontinuedOperationNetOfTaxPerBasicShare' xlink:type='locator' />
<link:loc xlink:href='../elts/us-gaap-2016-01-31.xsd#us-gaap_DiscontinuedOperationGainLossOnDisposalOfDiscontinuedOperationNetOfTaxPerBasicShare' xlink:label='loc_DiscontinuedOperationGainLossOnDisposalOfDiscontinuedOperationNetOfTaxPerBasicShare' xlink:type='locator' />
<link:loc xlink:href='../elts/us-gaap-2016-01-31.xsd#us-gaap_IncomeLossFromDiscontinuedOperationsNetOfTaxPerBasicShare' xlink:label='loc_IncomeLossFromDiscontinuedOperationsNetOfTaxPerBasicShare' xlink:type='locator' />
<link:loc xlink:href='../elts/us-gaap-2016-01-31.xsd#us-gaap_NetIncomeLossAbstract' xlink:label='loc_NetIncomeLossAbstract' xlink:type='locator' />
<link:loc xlink:href='../elts/us-gaap-2016-01-31.xsd#us-gaap_IncomeLossFromContinuingOperations' xlink:label='loc_IncomeLossFromContinuingOperations' xlink:type='locator' />
<link:loc xlink:href='../elts/us-gaap-2016-01-31.xsd#us-gaap_IncomeLossFromDiscontinuedOperationsNetOfTaxAttributableToReportingEntity' xlink:label='loc_IncomeLossFromDiscontinuedOperationsNetOfTaxAttributableToReportingEntity' xlink:type='locator' />
<link:loc xlink:href='../elts/us-gaap-2016-01-31.xsd#us-gaap_NetIncomeLoss' xlink:label='loc_NetIncomeLoss' xlink:type='locator' />
<link:loc xlink:href='../elts/us-gaap-2016-01-31.xsd#us-gaap_UndistributedEarningsLossAllocatedToParticipatingSecuritiesBasic' xlink:label='loc_UndistributedEarningsLossAllocatedToParticipatingSecuritiesBasic' xlink:type='locator' />
<link:loc xlink:href='../elts/us-gaap-2016-01-31.xsd#us-gaap_PreferredStockDividendsAndOtherAdjustments' xlink:label='loc_PreferredStockDividendsAndOtherAdjustments' xlink:type='locator' />
<link:loc xlink:href='../elts/us-gaap-2016-01-31.xsd#us-gaap_ParticipatingSecuritiesDistributedAndUndistributedEarningsLossBasic' xlink:label='loc_ParticipatingSecuritiesDistributedAndUndistributedEarningsLossBasic' xlink:type='locator' />
<link:loc xlink:href='../elts/us-gaap-2016-01-31.xsd#us-gaap_UndistributedEarnings' xlink:label='loc_UndistributedEarnings' xlink:type='locator' />
<link:definitionArc order='1.0' xlink:arcrole='http://xbrl.org/int/dim/arcrole/domain-member' xlink:from='loc_ClassOfStockDomain' xlink:to='loc_CommonClassAMember' xlink:type='arc' />
<link:definitionArc order='2.0' xlink:arcrole='http://xbrl.org/int/dim/arcrole/domain-member' xlink:from='loc_ClassOfStockDomain' xlink:to='loc_CommonClassBMember' xlink:type='arc' />
<link:definitionArc order='3.0' xlink:arcrole='http://xbrl.org/int/dim/arcrole/domain-member' xlink:from='loc_ClassOfStockDomain' xlink:to='loc_CommonClassCMember' xlink:type='arc' />
<link:definitionArc order='4.0' xlink:arcrole='http://xbrl.org/int/dim/arcrole/domain-member' xlink:from='loc_ClassOfStockDomain' xlink:to='loc_NonvotingCommonStockMember' xlink:type='arc' />
<link:definitionArc order='5.0' xlink:arcrole='http://xbrl.org/int/dim/arcrole/domain-member' xlink:from='loc_ClassOfStockDomain' xlink:to='loc_ConvertibleCommonStockMember' xlink:type='arc' />
<link:definitionArc order='6.0' xlink:arcrole='http://xbrl.org/int/dim/arcrole/domain-member' xlink:from='loc_ClassOfStockDomain' xlink:to='loc_CumulativePreferredStockMember' xlink:type='arc' />
<link:definitionArc order='7.0' xlink:arcrole='http://xbrl.org/int/dim/arcrole/domain-member' xlink:from='loc_ClassOfStockDomain' xlink:to='loc_NoncumulativePreferredStockMember' xlink:type='arc' />
<link:definitionArc order='8.0' xlink:arcrole='http://xbrl.org/int/dim/arcrole/domain-member' xlink:from='loc_ClassOfStockDomain' xlink:to='loc_RedeemablePreferredStockMember' xlink:type='arc' />
<link:definitionArc order='9.0' xlink:arcrole='http://xbrl.org/int/dim/arcrole/domain-member' xlink:from='loc_ClassOfStockDomain' xlink:to='loc_NonredeemablePreferredStockMember' xlink:type='arc' />
<link:definitionArc order='10.0' xlink:arcrole='http://xbrl.org/int/dim/arcrole/domain-member' xlink:from='loc_ClassOfStockDomain' xlink:to='loc_ConvertiblePreferredStockMember' xlink:type='arc' />
<link:definitionArc order='14.0' xlink:arcrole='http://xbrl.org/int/dim/arcrole/domain-member' xlink:from='loc_ClassOfStockDomain' xlink:to='loc_PreferredClassAMember' xlink:type='arc' />
<link:definitionArc order='15.0' xlink:arcrole='http://xbrl.org/int/dim/arcrole/domain-member' xlink:from='loc_ClassOfStockDomain' xlink:to='loc_PreferredClassBMember' xlink:type='arc' />
<link:definitionArc order='16.0' xlink:arcrole='http://xbrl.org/int/dim/arcrole/domain-member' xlink:from='loc_ClassOfStockDomain' xlink:to='loc_SeriesAPreferredStockMember' xlink:type='arc' />
<link:definitionArc order='17.0' xlink:arcrole='http://xbrl.org/int/dim/arcrole/domain-member' xlink:from='loc_ClassOfStockDomain' xlink:to='loc_SeriesBPreferredStockMember' xlink:type='arc' />
<link:definitionArc order='18.0' xlink:arcrole='http://xbrl.org/int/dim/arcrole/domain-member' xlink:from='loc_ClassOfStockDomain' xlink:to='loc_SeriesCPreferredStockMember' xlink:type='arc' />
<link:definitionArc order='19.0' xlink:arcrole='http://xbrl.org/int/dim/arcrole/domain-member' xlink:from='loc_ClassOfStockDomain' xlink:to='loc_SeriesDPreferredStockMember' xlink:type='arc' />
<link:definitionArc order='20.0' xlink:arcrole='http://xbrl.org/int/dim/arcrole/domain-member' xlink:from='loc_ClassOfStockDomain' xlink:to='loc_SeriesEPreferredStockMember' xlink:type='arc' />
<link:definitionArc order='21.0' xlink:arcrole='http://xbrl.org/int/dim/arcrole/domain-member' xlink:from='loc_ClassOfStockDomain' xlink:to='loc_SeriesFPreferredStockMember' xlink:type='arc' />
<link:definitionArc order='22.0' xlink:arcrole='http://xbrl.org/int/dim/arcrole/domain-member' xlink:from='loc_ClassOfStockDomain' xlink:to='loc_SeriesGPreferredStockMember' xlink:type='arc' />
<link:definitionArc order='23.0' xlink:arcrole='http://xbrl.org/int/dim/arcrole/domain-member' xlink:from='loc_ClassOfStockDomain' xlink:to='loc_SeriesHPreferredStockMember' xlink:type='arc' />
<link:definitionArc order='11.0' xlink:arcrole='http://xbrl.org/int/dim/arcrole/domain-member' xlink:from='loc_ConvertiblePreferredStockMember' xlink:to='loc_NonredeemableConvertiblePreferredStockMember' xlink:type='arc' />
<link:definitionArc order='12.0' xlink:arcrole='http://xbrl.org/int/dim/arcrole/domain-member' xlink:from='loc_ConvertiblePreferredStockMember' xlink:to='loc_RedeemableConvertiblePreferredStockMember' xlink:type='arc' />
<link:definitionArc order='13.0' xlink:arcrole='http://xbrl.org/int/dim/arcrole/domain-member' xlink:from='loc_ConvertiblePreferredStockMember' xlink:to='loc_ContingentConvertiblePreferredStockMember' xlink:type='arc' />
<link:definitionArc order='15.0' xlink:arcrole='http://xbrl.org/int/dim/arcrole/domain-member' xlink:from='loc_DistributedEarningsAbstract' xlink:to='loc_Dividends' xlink:type='arc' />
<link:definitionArc order='16.0' xlink:arcrole='http://xbrl.org/int/dim/arcrole/domain-member' xlink:from='loc_DistributedEarningsAbstract' xlink:to='loc_DividendsAndInterestPaid' xlink:type='arc' />
<link:definitionArc order='17.0' xlink:arcrole='http://xbrl.org/int/dim/arcrole/domain-member' xlink:from='loc_DistributedEarningsAbstract' xlink:to='loc_DistributedEarnings' xlink:type='arc' />
<link:definitionArc order='2.0' xlink:arcrole='http://xbrl.org/int/dim/arcrole/domain-member' xlink:from='loc_EarningsPerShareBasicAbstract' xlink:to='loc_IncomeLossFromContinuingOperationsPerBasicShare' xlink:type='arc' />
<link:definitionArc order='3.0' xlink:arcrole='http://xbrl.org/int/dim/arcrole/domain-member' xlink:from='loc_EarningsPerShareBasicAbstract' xlink:to='loc_IncomeLossFromDiscontinuedOperationsAndDisposalOfDiscontinuedOperationsNetOfTaxPerBasicShareAbstract' xlink:type='arc' />
<link:definitionArc order='7.0' xlink:arcrole='http://xbrl.org/int/dim/arcrole/domain-member' xlink:from='loc_EarningsPerShareBasicAbstract' xlink:to='loc_EarningsPerShareBasic' xlink:type='arc' />
<link:definitionArc order='9.0' xlink:arcrole='http://xbrl.org/int/dim/arcrole/domain-member' xlink:from='loc_EarningsPerShareBasicTwoClassMethodAbstract' xlink:to='loc_UndistributedEarningsAbstract' xlink:type='arc' />
<link:definitionArc order='19.0' xlink:arcrole='http://xbrl.org/int/dim/arcrole/domain-member' xlink:from='loc_EarningsPerShareBasicTwoClassMethodAbstract' xlink:to='loc_EarningsPerShareBasicDistributed' xlink:type='arc' />
<link:definitionArc order='20.0' xlink:arcrole='http://xbrl.org/int/dim/arcrole/domain-member' xlink:from='loc_EarningsPerShareBasicTwoClassMethodAbstract' xlink:to='loc_EarningsPerShareBasicUndistributed' xlink:type='arc' />
<link:definitionArc order='21.0' xlink:arcrole='http://xbrl.org/int/dim/arcrole/domain-member' xlink:from='loc_EarningsPerShareBasicTwoClassMethodAbstract' xlink:to='loc_MasterLimitedPartnershipsAllocationOfEarningsLossesDescription' xlink:type='arc' />
<link:definitionArc order='1.0' xlink:arcrole='http://xbrl.org/int/dim/arcrole/domain-member' xlink:from='loc_EarningsPerShareBasicLineItems' xlink:to='loc_EarningsPerShareBasicAbstract' xlink:type='arc' />
<link:definitionArc order='8.0' xlink:arcrole='http://xbrl.org/int/dim/arcrole/domain-member' xlink:from='loc_EarningsPerShareBasicLineItems' xlink:to='loc_EarningsPerShareBasicTwoClassMethodAbstract' xlink:type='arc' />
<link:definitionArc order='22.0' xlink:arcrole='http://xbrl.org/int/dim/arcrole/domain-member' xlink:from='loc_EarningsPerShareBasicLineItems' xlink:to='loc_EarningsPerShareNonrecurringCommonControlIntraEntityTransactionsDescriptionPerBasicShareAbstract' xlink:type='arc' />
<link:definitionArc order='25.0' xlink:arcrole='http://xbrl.org/int/dim/arcrole/domain-member' xlink:from='loc_EarningsPerShareBasicLineItems' xlink:to='loc_ParticipatingSecuritiesDistributedAndUndistributedEarningsAbstract' xlink:type='arc' />
<link:definitionArc order='23.0' xlink:arcrole='http://xbrl.org/int/dim/arcrole/domain-member' xlink:from='loc_EarningsPerShareNonrecurringCommonControlIntraEntityTransactionsDescriptionPerBasicShareAbstract' xlink:to='loc_EarningsPerShareNonrecurringCommonControlIntraEntityTransactionsDescription' xlink:type='arc' />
<link:definitionArc order='24.0' xlink:arcrole='http://xbrl.org/int/dim/arcrole/domain-member' xlink:from='loc_EarningsPerShareNonrecurringCommonControlIntraEntityTransactionsDescriptionPerBasicShareAbstract' xlink:to='loc_EarningsPerShareNonrecurringCommonControlIntraEntityTransactionsPerBasicShareEffect' xlink:type='arc' />
<link:definitionArc order='4.0' xlink:arcrole='http://xbrl.org/int/dim/arcrole/domain-member' xlink:from='loc_IncomeLossFromDiscontinuedOperationsAndDisposalOfDiscontinuedOperationsNetOfTaxPerBasicShareAbstract' xlink:to='loc_DiscontinuedOperationIncomeLossFromDiscontinuedOperationNetOfTaxPerBasicShare' xlink:type='arc' />
<link:definitionArc order='5.0' xlink:arcrole='http://xbrl.org/int/dim/arcrole/domain-member' xlink:from='loc_IncomeLossFromDiscontinuedOperationsAndDisposalOfDiscontinuedOperationsNetOfTaxPerBasicShareAbstract' xlink:to='loc_DiscontinuedOperationGainLossOnDisposalOfDiscontinuedOperationNetOfTaxPerBasicShare' xlink:type='arc' />
<link:definitionArc order='6.0' xlink:arcrole='http://xbrl.org/int/dim/arcrole/domain-member' xlink:from='loc_IncomeLossFromDiscontinuedOperationsAndDisposalOfDiscontinuedOperationsNetOfTaxPerBasicShareAbstract' xlink:to='loc_IncomeLossFromDiscontinuedOperationsNetOfTaxPerBasicShare' xlink:type='arc' />
<link:definitionArc order='11.0' xlink:arcrole='http://xbrl.org/int/dim/arcrole/domain-member' xlink:from='loc_NetIncomeLossAbstract' xlink:to='loc_IncomeLossFromContinuingOperations' xlink:type='arc' />
<link:definitionArc order='12.0' xlink:arcrole='http://xbrl.org/int/dim/arcrole/domain-member' xlink:from='loc_NetIncomeLossAbstract' xlink:to='loc_IncomeLossFromDiscontinuedOperationsNetOfTaxAttributableToReportingEntity' xlink:type='arc' />
<link:definitionArc order='13.0' xlink:arcrole='http://xbrl.org/int/dim/arcrole/domain-member' xlink:from='loc_NetIncomeLossAbstract' xlink:to='loc_NetIncomeLoss' xlink:type='arc' />
<link:definitionArc order='26.0' xlink:arcrole='http://xbrl.org/int/dim/arcrole/domain-member' xlink:from='loc_ParticipatingSecuritiesDistributedAndUndistributedEarningsAbstract' xlink:to='loc_UndistributedEarningsLossAllocatedToParticipatingSecuritiesBasic' xlink:type='arc' />
<link:definitionArc order='27.0' xlink:arcrole='http://xbrl.org/int/dim/arcrole/domain-member' xlink:from='loc_ParticipatingSecuritiesDistributedAndUndistributedEarningsAbstract' xlink:to='loc_PreferredStockDividendsAndOtherAdjustments' xlink:type='arc' />
<link:definitionArc order='28.0' xlink:arcrole='http://xbrl.org/int/dim/arcrole/domain-member' xlink:from='loc_ParticipatingSecuritiesDistributedAndUndistributedEarningsAbstract' xlink:to='loc_ParticipatingSecuritiesDistributedAndUndistributedEarningsLossBasic' xlink:type='arc' />
<link:definitionArc order='10.0' xlink:arcrole='http://xbrl.org/int/dim/arcrole/domain-member' xlink:from='loc_UndistributedEarningsAbstract' xlink:to='loc_NetIncomeLossAbstract' xlink:type='arc' />
<link:definitionArc order='14.0' xlink:arcrole='http://xbrl.org/int/dim/arcrole/domain-member' xlink:from='loc_UndistributedEarningsAbstract' xlink:to='loc_DistributedEarningsAbstract' xlink:type='arc' />
<link:definitionArc order='18.0' xlink:arcrole='http://xbrl.org/int/dim/arcrole/domain-member' xlink:from='loc_UndistributedEarningsAbstract' xlink:to='loc_UndistributedEarnings' xlink:type='arc' />
</link:definitionLink>
<link:definitionLink xlink:role='http://fasb.org/us-gaap/role/disclosure/EarningsPerShareScheduleOfEarningsPerShareBasicByCommonClassTable' xlink:type='extended'>
<link:loc xlink:href='../elts/us-gaap-2016-01-31.xsd#us-gaap_ScheduleOfEarningsPerShareBasicByCommonClassTable' xlink:label='loc_ScheduleOfEarningsPerShareBasicByCommonClassTable' xlink:type='locator' />
<link:loc xlink:href='../elts/us-gaap-2016-01-31.xsd#us-gaap_StatementClassOfStockAxis' xlink:label='loc_StatementClassOfStockAxis' xlink:type='locator' />
<link:definitionArc order='1.0' xlink:arcrole='http://xbrl.org/int/dim/arcrole/hypercube-dimension' xlink:from='loc_ScheduleOfEarningsPerShareBasicByCommonClassTable' xlink:to='loc_StatementClassOfStockAxis' xlink:type='arc' />
</link:definitionLink>
<link:definitionLink xlink:role='http://fasb.org/us-gaap/role/disclosure/EarningsPerShareScheduleOfEarningsPerShareDilutedByCommonClassTable' xlink:type='extended'>
<link:loc xlink:href='../elts/us-gaap-2016-01-31.xsd#us-gaap_EarningsPerShareDilutedLineItems' xlink:label='loc_EarningsPerShareDilutedLineItems' xlink:type='locator' />
<link:loc xlink:href='../elts/us-gaap-2016-01-31.xsd#us-gaap_ScheduleOfEarningsPerShareDilutedByCommonClassTable' xlink:label='loc_ScheduleOfEarningsPerShareDilutedByCommonClassTable' xlink:type='locator' />
<link:definitionArc order='1.0' xbrldt:closed='true' xbrldt:contextElement='segment' xlink:arcrole='http://xbrl.org/int/dim/arcrole/all' xlink:from='loc_EarningsPerShareDilutedLineItems' xlink:to='loc_ScheduleOfEarningsPerShareDilutedByCommonClassTable' xlink:type='arc' />
</link:definitionLink>
<link:definitionLink xlink:role='http://fasb.org/us-gaap/role/disclosure/EarningsPerShareScheduleOfEarningsPerShareDilutedByCommonClassTable' xlink:type='extended'>
<link:loc xlink:href='../elts/us-gaap-2016-01-31.xsd#us-gaap_StatementClassOfStockAxis' xlink:label='loc_StatementClassOfStockAxis' xlink:type='locator' />
<link:loc xlink:href='../elts/us-gaap-2016-01-31.xsd#us-gaap_ClassOfStockDomain' xlink:label='loc_ClassOfStockDomain' xlink:type='locator' />
<link:definitionArc order='1.0' xlink:arcrole='http://xbrl.org/int/dim/arcrole/dimension-default' xlink:from='loc_StatementClassOfStockAxis' xlink:to='loc_ClassOfStockDomain' xlink:type='arc' />
</link:definitionLink>
<link:definitionLink xlink:role='http://fasb.org/us-gaap/role/disclosure/EarningsPerShareScheduleOfEarningsPerShareDilutedByCommonClassTable' xlink:type='extended'>
<link:loc xlink:href='../elts/us-gaap-2016-01-31.xsd#us-gaap_StatementClassOfStockAxis' xlink:label='loc_StatementClassOfStockAxis' xlink:type='locator' />
<link:loc xlink:href='../elts/us-gaap-2016-01-31.xsd#us-gaap_ClassOfStockDomain' xlink:label='loc_ClassOfStockDomain' xlink:type='locator' />
<link:definitionArc order='1.0' xlink:arcrole='http://xbrl.org/int/dim/arcrole/dimension-domain' xlink:from='loc_StatementClassOfStockAxis' xlink:to='loc_ClassOfStockDomain' xlink:type='arc' />
</link:definitionLink>
<link:definitionLink xlink:role='http://fasb.org/us-gaap/role/disclosure/EarningsPerShareScheduleOfEarningsPerShareDilutedByCommonClassTable' xlink:type='extended'>
<link:loc xlink:href='../elts/us-gaap-2016-01-31.xsd#us-gaap_ClassOfStockDomain' xlink:label='loc_ClassOfStockDomain' xlink:type='locator' />
<link:loc xlink:href='../elts/us-gaap-2016-01-31.xsd#us-gaap_CommonClassAMember' xlink:label='loc_CommonClassAMember' xlink:type='locator' />
<link:loc xlink:href='../elts/us-gaap-2016-01-31.xsd#us-gaap_CommonClassBMember' xlink:label='loc_CommonClassBMember' xlink:type='locator' />
<link:loc xlink:href='../elts/us-gaap-2016-01-31.xsd#us-gaap_CommonClassCMember' xlink:label='loc_CommonClassCMember' xlink:type='locator' />
<link:loc xlink:href='../elts/us-gaap-2016-01-31.xsd#us-gaap_NonvotingCommonStockMember' xlink:label='loc_NonvotingCommonStockMember' xlink:type='locator' />
<link:loc xlink:href='../elts/us-gaap-2016-01-31.xsd#us-gaap_ConvertibleCommonStockMember' xlink:label='loc_ConvertibleCommonStockMember' xlink:type='locator' />
<link:loc xlink:href='../elts/us-gaap-2016-01-31.xsd#us-gaap_CumulativePreferredStockMember' xlink:label='loc_CumulativePreferredStockMember' xlink:type='locator' />
<link:loc xlink:href='../elts/us-gaap-2016-01-31.xsd#us-gaap_NoncumulativePreferredStockMember' xlink:label='loc_NoncumulativePreferredStockMember' xlink:type='locator' />
<link:loc xlink:href='../elts/us-gaap-2016-01-31.xsd#us-gaap_RedeemablePreferredStockMember' xlink:label='loc_RedeemablePreferredStockMember' xlink:type='locator' />
<link:loc xlink:href='../elts/us-gaap-2016-01-31.xsd#us-gaap_NonredeemablePreferredStockMember' xlink:label='loc_NonredeemablePreferredStockMember' xlink:type='locator' />
<link:loc xlink:href='../elts/us-gaap-2016-01-31.xsd#us-gaap_ConvertiblePreferredStockMember' xlink:label='loc_ConvertiblePreferredStockMember' xlink:type='locator' />
<link:loc xlink:href='../elts/us-gaap-2016-01-31.xsd#us-gaap_PreferredClassAMember' xlink:label='loc_PreferredClassAMember' xlink:type='locator' />
<link:loc xlink:href='../elts/us-gaap-2016-01-31.xsd#us-gaap_PreferredClassBMember' xlink:label='loc_PreferredClassBMember' xlink:type='locator' />
<link:loc xlink:href='../elts/us-gaap-2016-01-31.xsd#us-gaap_SeriesAPreferredStockMember' xlink:label='loc_SeriesAPreferredStockMember' xlink:type='locator' />
<link:loc xlink:href='../elts/us-gaap-2016-01-31.xsd#us-gaap_SeriesBPreferredStockMember' xlink:label='loc_SeriesBPreferredStockMember' xlink:type='locator' />
<link:loc xlink:href='../elts/us-gaap-2016-01-31.xsd#us-gaap_SeriesCPreferredStockMember' xlink:label='loc_SeriesCPreferredStockMember' xlink:type='locator' />
<link:loc xlink:href='../elts/us-gaap-2016-01-31.xsd#us-gaap_SeriesDPreferredStockMember' xlink:label='loc_SeriesDPreferredStockMember' xlink:type='locator' />
<link:loc xlink:href='../elts/us-gaap-2016-01-31.xsd#us-gaap_SeriesEPreferredStockMember' xlink:label='loc_SeriesEPreferredStockMember' xlink:type='locator' />
<link:loc xlink:href='../elts/us-gaap-2016-01-31.xsd#us-gaap_SeriesFPreferredStockMember' xlink:label='loc_SeriesFPreferredStockMember' xlink:type='locator' />
<link:loc xlink:href='../elts/us-gaap-2016-01-31.xsd#us-gaap_SeriesGPreferredStockMember' xlink:label='loc_SeriesGPreferredStockMember' xlink:type='locator' />
<link:loc xlink:href='../elts/us-gaap-2016-01-31.xsd#us-gaap_SeriesHPreferredStockMember' xlink:label='loc_SeriesHPreferredStockMember' xlink:type='locator' />
<link:loc xlink:href='../elts/us-gaap-2016-01-31.xsd#us-gaap_NonredeemableConvertiblePreferredStockMember' xlink:label='loc_NonredeemableConvertiblePreferredStockMember' xlink:type='locator' />
<link:loc xlink:href='../elts/us-gaap-2016-01-31.xsd#us-gaap_RedeemableConvertiblePreferredStockMember' xlink:label='loc_RedeemableConvertiblePreferredStockMember' xlink:type='locator' />
<link:loc xlink:href='../elts/us-gaap-2016-01-31.xsd#us-gaap_ContingentConvertiblePreferredStockMember' xlink:label='loc_ContingentConvertiblePreferredStockMember' xlink:type='locator' />
<link:loc xlink:href='../elts/us-gaap-2016-01-31.xsd#us-gaap_DilutiveSecuritiesAbstract' xlink:label='loc_DilutiveSecuritiesAbstract' xlink:type='locator' />
<link:loc xlink:href='../elts/us-gaap-2016-01-31.xsd#us-gaap_AmountOfDilutiveSecuritiesStockOptionsAndRestrictiveStockUnits' xlink:label='loc_AmountOfDilutiveSecuritiesStockOptionsAndRestrictiveStockUnits' xlink:type='locator' />
<link:loc xlink:href='../elts/us-gaap-2016-01-31.xsd#us-gaap_AmountOfDilutiveSecuritiesESOPConvertiblePreferredStock' xlink:label='loc_AmountOfDilutiveSecuritiesESOPConvertiblePreferredStock' xlink:type='locator' />
<link:loc xlink:href='../elts/us-gaap-2016-01-31.xsd#us-gaap_DilutiveSecuritiesEffectOnBasicEarningsPerShareOther' xlink:label='loc_DilutiveSecuritiesEffectOnBasicEarningsPerShareOther' xlink:type='locator' />
<link:loc xlink:href='../elts/us-gaap-2016-01-31.xsd#us-gaap_DilutiveSecurities' xlink:label='loc_DilutiveSecurities' xlink:type='locator' />
<link:loc xlink:href='../elts/us-gaap-2016-01-31.xsd#us-gaap_DistributedEarningsAbstract' xlink:label='loc_DistributedEarningsAbstract' xlink:type='locator' />
<link:loc xlink:href='../elts/us-gaap-2016-01-31.xsd#us-gaap_Dividends' xlink:label='loc_Dividends' xlink:type='locator' />
<link:loc xlink:href='../elts/us-gaap-2016-01-31.xsd#us-gaap_DividendsAndInterestPaid' xlink:label='loc_DividendsAndInterestPaid' xlink:type='locator' />
<link:loc xlink:href='../elts/us-gaap-2016-01-31.xsd#us-gaap_DistributedEarnings' xlink:label='loc_DistributedEarnings' xlink:type='locator' />
<link:loc xlink:href='../elts/us-gaap-2016-01-31.xsd#us-gaap_EarningsPerShareDilutedAbstract' xlink:label='loc_EarningsPerShareDilutedAbstract' xlink:type='locator' />
<link:loc xlink:href='../elts/us-gaap-2016-01-31.xsd#us-gaap_IncomeLossFromContinuingOperationsPerDilutedShare' xlink:label='loc_IncomeLossFromContinuingOperationsPerDilutedShare' xlink:type='locator' />
<link:loc xlink:href='../elts/us-gaap-2016-01-31.xsd#us-gaap_IncomeLossFromDiscontinuedOperationsAndDisposalOfDiscontinuedOperationsNetOfTaxPerDilutedShareAbstract' xlink:label='loc_IncomeLossFromDiscontinuedOperationsAndDisposalOfDiscontinuedOperationsNetOfTaxPerDilutedShareAbstract' xlink:type='locator' />
<link:loc xlink:href='../elts/us-gaap-2016-01-31.xsd#us-gaap_EarningsPerShareDiluted' xlink:label='loc_EarningsPerShareDiluted' xlink:type='locator' />
<link:loc xlink:href='../elts/us-gaap-2016-01-31.xsd#us-gaap_EarningsPerShareDilutedTwoClassMethodAbstract' xlink:label='loc_EarningsPerShareDilutedTwoClassMethodAbstract' xlink:type='locator' />
<link:loc xlink:href='../elts/us-gaap-2016-01-31.xsd#us-gaap_UndistributedEarningsDilutedAbstract' xlink:label='loc_UndistributedEarningsDilutedAbstract' xlink:type='locator' />
<link:loc xlink:href='../elts/us-gaap-2016-01-31.xsd#us-gaap_EarningsPerShareDilutedDistributed' xlink:label='loc_EarningsPerShareDilutedDistributed' xlink:type='locator' />
<link:loc xlink:href='../elts/us-gaap-2016-01-31.xsd#us-gaap_EarningsPerShareDilutedUndistributed' xlink:label='loc_EarningsPerShareDilutedUndistributed' xlink:type='locator' />
<link:loc xlink:href='../elts/us-gaap-2016-01-31.xsd#us-gaap_MasterLimitedPartnershipsAllocationOfEarningsLossesDescription' xlink:label='loc_MasterLimitedPartnershipsAllocationOfEarningsLossesDescription' xlink:type='locator' />
<link:loc xlink:href='../elts/us-gaap-2016-01-31.xsd#us-gaap_EarningsPerShareDilutedLineItems' xlink:label='loc_EarningsPerShareDilutedLineItems' xlink:type='locator' />
<link:loc xlink:href='../elts/us-gaap-2016-01-31.xsd#us-gaap_EarningsPerShareNonrecurringCommonControlIntraEntityTransactionsPerDilutedShareAbstract' xlink:label='loc_EarningsPerShareNonrecurringCommonControlIntraEntityTransactionsPerDilutedShareAbstract' xlink:type='locator' />
<link:loc xlink:href='../elts/us-gaap-2016-01-31.xsd#us-gaap_ParticipatingSecuritiesDistributedAndUndistributedEarningsLossDilutedAbstract' xlink:label='loc_ParticipatingSecuritiesDistributedAndUndistributedEarningsLossDilutedAbstract' xlink:type='locator' />
<link:loc xlink:href='../elts/us-gaap-2016-01-31.xsd#us-gaap_EarningsPerShareNonrecurringCommonControlIntraEntityTransactionsDescription' xlink:label='loc_EarningsPerShareNonrecurringCommonControlIntraEntityTransactionsDescription' xlink:type='locator' />
<link:loc xlink:href='../elts/us-gaap-2016-01-31.xsd#us-gaap_EarningsPerShareNonrecurringCommonControlIntraEntityTransactionsPerDilutedShareEffect' xlink:label='loc_EarningsPerShareNonrecurringCommonControlIntraEntityTransactionsPerDilutedShareEffect' xlink:type='locator' />
<link:loc xlink:href='../elts/us-gaap-2016-01-31.xsd#us-gaap_DiscontinuedOperationIncomeLossFromDiscontinuedOperationNetOfTaxPerDilutedShare' xlink:label='loc_DiscontinuedOperationIncomeLossFromDiscontinuedOperationNetOfTaxPerDilutedShare' xlink:type='locator' />
<link:loc xlink:href='../elts/us-gaap-2016-01-31.xsd#us-gaap_DiscontinuedOperationGainLossOnDisposalOfDiscontinuedOperationNetOfTaxPerDilutedShare' xlink:label='loc_DiscontinuedOperationGainLossOnDisposalOfDiscontinuedOperationNetOfTaxPerDilutedShare' xlink:type='locator' />
<link:loc xlink:href='../elts/us-gaap-2016-01-31.xsd#us-gaap_IncomeLossFromDiscontinuedOperationsNetOfTaxPerDilutedShare' xlink:label='loc_IncomeLossFromDiscontinuedOperationsNetOfTaxPerDilutedShare' xlink:type='locator' />
<link:loc xlink:href='../elts/us-gaap-2016-01-31.xsd#us-gaap_NetIncomeLossAbstract' xlink:label='loc_NetIncomeLossAbstract' xlink:type='locator' />
<link:loc xlink:href='../elts/us-gaap-2016-01-31.xsd#us-gaap_IncomeLossFromContinuingOperations' xlink:label='loc_IncomeLossFromContinuingOperations' xlink:type='locator' />
<link:loc xlink:href='../elts/us-gaap-2016-01-31.xsd#us-gaap_IncomeLossFromDiscontinuedOperationsNetOfTaxAttributableToReportingEntity' xlink:label='loc_IncomeLossFromDiscontinuedOperationsNetOfTaxAttributableToReportingEntity' xlink:type='locator' />
<link:loc xlink:href='../elts/us-gaap-2016-01-31.xsd#us-gaap_NetIncomeLoss' xlink:label='loc_NetIncomeLoss' xlink:type='locator' />
<link:loc xlink:href='../elts/us-gaap-2016-01-31.xsd#us-gaap_NetIncomeLossAttributableToParentDilutedAbstract' xlink:label='loc_NetIncomeLossAttributableToParentDilutedAbstract' xlink:type='locator' />
<link:loc xlink:href='../elts/us-gaap-2016-01-31.xsd#us-gaap_InterestOnConvertibleDebtNetOfTax' xlink:label='loc_InterestOnConvertibleDebtNetOfTax' xlink:type='locator' />
<link:loc xlink:href='../elts/us-gaap-2016-01-31.xsd#us-gaap_ConvertiblePreferredDividendsNetOfTax' xlink:label='loc_ConvertiblePreferredDividendsNetOfTax' xlink:type='locator' />
<link:loc xlink:href='../elts/us-gaap-2016-01-31.xsd#us-gaap_NetIncomeLossAttributableToParentDiluted' xlink:label='loc_NetIncomeLossAttributableToParentDiluted' xlink:type='locator' />
<link:loc xlink:href='../elts/us-gaap-2016-01-31.xsd#us-gaap_UndistributedEarningsLossAllocatedToParticipatingSecuritiesDiluted' xlink:label='loc_UndistributedEarningsLossAllocatedToParticipatingSecuritiesDiluted' xlink:type='locator' />
<link:loc xlink:href='../elts/us-gaap-2016-01-31.xsd#us-gaap_PreferredStockDividendsAndOtherAdjustments' xlink:label='loc_PreferredStockDividendsAndOtherAdjustments' xlink:type='locator' />
<link:loc xlink:href='../elts/us-gaap-2016-01-31.xsd#us-gaap_ParticipatingSecuritiesDistributedAndUndistributedEarningsLossDiluted' xlink:label='loc_ParticipatingSecuritiesDistributedAndUndistributedEarningsLossDiluted' xlink:type='locator' />
<link:loc xlink:href='../elts/us-gaap-2016-01-31.xsd#us-gaap_UndistributedEarningsDiluted' xlink:label='loc_UndistributedEarningsDiluted' xlink:type='locator' />
<link:definitionArc order='1.0' xlink:arcrole='http://xbrl.org/int/dim/arcrole/domain-member' xlink:from='loc_ClassOfStockDomain' xlink:to='loc_CommonClassAMember' xlink:type='arc' />
<link:definitionArc order='2.0' xlink:arcrole='http://xbrl.org/int/dim/arcrole/domain-member' xlink:from='loc_ClassOfStockDomain' xlink:to='loc_CommonClassBMember' xlink:type='arc' />
<link:definitionArc order='3.0' xlink:arcrole='http://xbrl.org/int/dim/arcrole/domain-member' xlink:from='loc_ClassOfStockDomain' xlink:to='loc_CommonClassCMember' xlink:type='arc' />
<link:definitionArc order='4.0' xlink:arcrole='http://xbrl.org/int/dim/arcrole/domain-member' xlink:from='loc_ClassOfStockDomain' xlink:to='loc_NonvotingCommonStockMember' xlink:type='arc' />
<link:definitionArc order='5.0' xlink:arcrole='http://xbrl.org/int/dim/arcrole/domain-member' xlink:from='loc_ClassOfStockDomain' xlink:to='loc_ConvertibleCommonStockMember' xlink:type='arc' />
<link:definitionArc order='6.0' xlink:arcrole='http://xbrl.org/int/dim/arcrole/domain-member' xlink:from='loc_ClassOfStockDomain' xlink:to='loc_CumulativePreferredStockMember' xlink:type='arc' />
<link:definitionArc order='7.0' xlink:arcrole='http://xbrl.org/int/dim/arcrole/domain-member' xlink:from='loc_ClassOfStockDomain' xlink:to='loc_NoncumulativePreferredStockMember' xlink:type='arc' />
<link:definitionArc order='8.0' xlink:arcrole='http://xbrl.org/int/dim/arcrole/domain-member' xlink:from='loc_ClassOfStockDomain' xlink:to='loc_RedeemablePreferredStockMember' xlink:type='arc' />
<link:definitionArc order='9.0' xlink:arcrole='http://xbrl.org/int/dim/arcrole/domain-member' xlink:from='loc_ClassOfStockDomain' xlink:to='loc_NonredeemablePreferredStockMember' xlink:type='arc' />
<link:definitionArc order='10.0' xlink:arcrole='http://xbrl.org/int/dim/arcrole/domain-member' xlink:from='loc_ClassOfStockDomain' xlink:to='loc_ConvertiblePreferredStockMember' xlink:type='arc' />
<link:definitionArc order='14.0' xlink:arcrole='http://xbrl.org/int/dim/arcrole/domain-member' xlink:from='loc_ClassOfStockDomain' xlink:to='loc_PreferredClassAMember' xlink:type='arc' />
<link:definitionArc order='15.0' xlink:arcrole='http://xbrl.org/int/dim/arcrole/domain-member' xlink:from='loc_ClassOfStockDomain' xlink:to='loc_PreferredClassBMember' xlink:type='arc' />
<link:definitionArc order='16.0' xlink:arcrole='http://xbrl.org/int/dim/arcrole/domain-member' xlink:from='loc_ClassOfStockDomain' xlink:to='loc_SeriesAPreferredStockMember' xlink:type='arc' />
<link:definitionArc order='17.0' xlink:arcrole='http://xbrl.org/int/dim/arcrole/domain-member' xlink:from='loc_ClassOfStockDomain' xlink:to='loc_SeriesBPreferredStockMember' xlink:type='arc' />
<link:definitionArc order='18.0' xlink:arcrole='http://xbrl.org/int/dim/arcrole/domain-member' xlink:from='loc_ClassOfStockDomain' xlink:to='loc_SeriesCPreferredStockMember' xlink:type='arc' />
<link:definitionArc order='19.0' xlink:arcrole='http://xbrl.org/int/dim/arcrole/domain-member' xlink:from='loc_ClassOfStockDomain' xlink:to='loc_SeriesDPreferredStockMember' xlink:type='arc' />
<link:definitionArc order='20.0' xlink:arcrole='http://xbrl.org/int/dim/arcrole/domain-member' xlink:from='loc_ClassOfStockDomain' xlink:to='loc_SeriesEPreferredStockMember' xlink:type='arc' />
<link:definitionArc order='21.0' xlink:arcrole='http://xbrl.org/int/dim/arcrole/domain-member' xlink:from='loc_ClassOfStockDomain' xlink:to='loc_SeriesFPreferredStockMember' xlink:type='arc' />
<link:definitionArc order='22.0' xlink:arcrole='http://xbrl.org/int/dim/arcrole/domain-member' xlink:from='loc_ClassOfStockDomain' xlink:to='loc_SeriesGPreferredStockMember' xlink:type='arc' />
<link:definitionArc order='23.0' xlink:arcrole='http://xbrl.org/int/dim/arcrole/domain-member' xlink:from='loc_ClassOfStockDomain' xlink:to='loc_SeriesHPreferredStockMember' xlink:type='arc' />
<link:definitionArc order='11.0' xlink:arcrole='http://xbrl.org/int/dim/arcrole/domain-member' xlink:from='loc_ConvertiblePreferredStockMember' xlink:to='loc_NonredeemableConvertiblePreferredStockMember' xlink:type='arc' />
<link:definitionArc order='12.0' xlink:arcrole='http://xbrl.org/int/dim/arcrole/domain-member' xlink:from='loc_ConvertiblePreferredStockMember' xlink:to='loc_RedeemableConvertiblePreferredStockMember' xlink:type='arc' />
<link:definitionArc order='13.0' xlink:arcrole='http://xbrl.org/int/dim/arcrole/domain-member' xlink:from='loc_ConvertiblePreferredStockMember' xlink:to='loc_ContingentConvertiblePreferredStockMember' xlink:type='arc' />
<link:definitionArc order='18.0' xlink:arcrole='http://xbrl.org/int/dim/arcrole/domain-member' xlink:from='loc_DilutiveSecuritiesAbstract' xlink:to='loc_AmountOfDilutiveSecuritiesStockOptionsAndRestrictiveStockUnits' xlink:type='arc' />
<link:definitionArc order='19.0' xlink:arcrole='http://xbrl.org/int/dim/arcrole/domain-member' xlink:from='loc_DilutiveSecuritiesAbstract' xlink:to='loc_AmountOfDilutiveSecuritiesESOPConvertiblePreferredStock' xlink:type='arc' />
<link:definitionArc order='20.0' xlink:arcrole='http://xbrl.org/int/dim/arcrole/domain-member' xlink:from='loc_DilutiveSecuritiesAbstract' xlink:to='loc_DilutiveSecuritiesEffectOnBasicEarningsPerShareOther' xlink:type='arc' />
<link:definitionArc order='21.0' xlink:arcrole='http://xbrl.org/int/dim/arcrole/domain-member' xlink:from='loc_DilutiveSecuritiesAbstract' xlink:to='loc_DilutiveSecurities' xlink:type='arc' />
<link:definitionArc order='24.0' xlink:arcrole='http://xbrl.org/int/dim/arcrole/domain-member' xlink:from='loc_DistributedEarningsAbstract' xlink:to='loc_Dividends' xlink:type='arc' />
<link:definitionArc order='25.0' xlink:arcrole='http://xbrl.org/int/dim/arcrole/domain-member' xlink:from='loc_DistributedEarningsAbstract' xlink:to='loc_DividendsAndInterestPaid' xlink:type='arc' />
<link:definitionArc order='26.0' xlink:arcrole='http://xbrl.org/int/dim/arcrole/domain-member' xlink:from='loc_DistributedEarningsAbstract' xlink:to='loc_DistributedEarnings' xlink:type='arc' />
<link:definitionArc order='2.0' xlink:arcrole='http://xbrl.org/int/dim/arcrole/domain-member' xlink:from='loc_EarningsPerShareDilutedAbstract' xlink:to='loc_IncomeLossFromContinuingOperationsPerDilutedShare' xlink:type='arc' />
<link:definitionArc order='3.0' xlink:arcrole='http://xbrl.org/int/dim/arcrole/domain-member' xlink:from='loc_EarningsPerShareDilutedAbstract' xlink:to='loc_IncomeLossFromDiscontinuedOperationsAndDisposalOfDiscontinuedOperationsNetOfTaxPerDilutedShareAbstract' xlink:type='arc' />
<link:definitionArc order='7.0' xlink:arcrole='http://xbrl.org/int/dim/arcrole/domain-member' xlink:from='loc_EarningsPerShareDilutedAbstract' xlink:to='loc_EarningsPerShareDiluted' xlink:type='arc' />
<link:definitionArc order='9.0' xlink:arcrole='http://xbrl.org/int/dim/arcrole/domain-member' xlink:from='loc_EarningsPerShareDilutedTwoClassMethodAbstract' xlink:to='loc_UndistributedEarningsDilutedAbstract' xlink:type='arc' />
<link:definitionArc order='28.0' xlink:arcrole='http://xbrl.org/int/dim/arcrole/domain-member' xlink:from='loc_EarningsPerShareDilutedTwoClassMethodAbstract' xlink:to='loc_EarningsPerShareDilutedDistributed' xlink:type='arc' />
<link:definitionArc order='29.0' xlink:arcrole='http://xbrl.org/int/dim/arcrole/domain-member' xlink:from='loc_EarningsPerShareDilutedTwoClassMethodAbstract' xlink:to='loc_EarningsPerShareDilutedUndistributed' xlink:type='arc' />
<link:definitionArc order='30.0' xlink:arcrole='http://xbrl.org/int/dim/arcrole/domain-member' xlink:from='loc_EarningsPerShareDilutedTwoClassMethodAbstract' xlink:to='loc_MasterLimitedPartnershipsAllocationOfEarningsLossesDescription' xlink:type='arc' />
<link:definitionArc order='1.0' xlink:arcrole='http://xbrl.org/int/dim/arcrole/domain-member' xlink:from='loc_EarningsPerShareDilutedLineItems' xlink:to='loc_EarningsPerShareDilutedAbstract' xlink:type='arc' />
<link:definitionArc order='8.0' xlink:arcrole='http://xbrl.org/int/dim/arcrole/domain-member' xlink:from='loc_EarningsPerShareDilutedLineItems' xlink:to='loc_EarningsPerShareDilutedTwoClassMethodAbstract' xlink:type='arc' />
<link:definitionArc order='31.0' xlink:arcrole='http://xbrl.org/int/dim/arcrole/domain-member' xlink:from='loc_EarningsPerShareDilutedLineItems' xlink:to='loc_EarningsPerShareNonrecurringCommonControlIntraEntityTransactionsPerDilutedShareAbstract' xlink:type='arc' />
<link:definitionArc order='34.0' xlink:arcrole='http://xbrl.org/int/dim/arcrole/domain-member' xlink:from='loc_EarningsPerShareDilutedLineItems' xlink:to='loc_ParticipatingSecuritiesDistributedAndUndistributedEarningsLossDilutedAbstract' xlink:type='arc' />
<link:definitionArc order='32.0' xlink:arcrole='http://xbrl.org/int/dim/arcrole/domain-member' xlink:from='loc_EarningsPerShareNonrecurringCommonControlIntraEntityTransactionsPerDilutedShareAbstract' xlink:to='loc_EarningsPerShareNonrecurringCommonControlIntraEntityTransactionsDescription' xlink:type='arc' />
<link:definitionArc order='33.0' xlink:arcrole='http://xbrl.org/int/dim/arcrole/domain-member' xlink:from='loc_EarningsPerShareNonrecurringCommonControlIntraEntityTransactionsPerDilutedShareAbstract' xlink:to='loc_EarningsPerShareNonrecurringCommonControlIntraEntityTransactionsPerDilutedShareEffect' xlink:type='arc' />
<link:definitionArc order='4.0' xlink:arcrole='http://xbrl.org/int/dim/arcrole/domain-member' xlink:from='loc_IncomeLossFromDiscontinuedOperationsAndDisposalOfDiscontinuedOperationsNetOfTaxPerDilutedShareAbstract' xlink:to='loc_DiscontinuedOperationIncomeLossFromDiscontinuedOperationNetOfTaxPerDilutedShare' xlink:type='arc' />
<link:definitionArc order='5.0' xlink:arcrole='http://xbrl.org/int/dim/arcrole/domain-member' xlink:from='loc_IncomeLossFromDiscontinuedOperationsAndDisposalOfDiscontinuedOperationsNetOfTaxPerDilutedShareAbstract' xlink:to='loc_DiscontinuedOperationGainLossOnDisposalOfDiscontinuedOperationNetOfTaxPerDilutedShare' xlink:type='arc' />
<link:definitionArc order='6.0' xlink:arcrole='http://xbrl.org/int/dim/arcrole/domain-member' xlink:from='loc_IncomeLossFromDiscontinuedOperationsAndDisposalOfDiscontinuedOperationsNetOfTaxPerDilutedShareAbstract' xlink:to='loc_IncomeLossFromDiscontinuedOperationsNetOfTaxPerDilutedShare' xlink:type='arc' />
<link:definitionArc order='12.0' xlink:arcrole='http://xbrl.org/int/dim/arcrole/domain-member' xlink:from='loc_NetIncomeLossAbstract' xlink:to='loc_IncomeLossFromContinuingOperations' xlink:type='arc' />
<link:definitionArc order='13.0' xlink:arcrole='http://xbrl.org/int/dim/arcrole/domain-member' xlink:from='loc_NetIncomeLossAbstract' xlink:to='loc_IncomeLossFromDiscontinuedOperationsNetOfTaxAttributableToReportingEntity' xlink:type='arc' />
<link:definitionArc order='14.0' xlink:arcrole='http://xbrl.org/int/dim/arcrole/domain-member' xlink:from='loc_NetIncomeLossAbstract' xlink:to='loc_NetIncomeLoss' xlink:type='arc' />
<link:definitionArc order='11.0' xlink:arcrole='http://xbrl.org/int/dim/arcrole/domain-member' xlink:from='loc_NetIncomeLossAttributableToParentDilutedAbstract' xlink:to='loc_NetIncomeLossAbstract' xlink:type='arc' />
<link:definitionArc order='15.0' xlink:arcrole='http://xbrl.org/int/dim/arcrole/domain-member' xlink:from='loc_NetIncomeLossAttributableToParentDilutedAbstract' xlink:to='loc_InterestOnConvertibleDebtNetOfTax' xlink:type='arc' />
<link:definitionArc order='16.0' xlink:arcrole='http://xbrl.org/int/dim/arcrole/domain-member' xlink:from='loc_NetIncomeLossAttributableToParentDilutedAbstract' xlink:to='loc_ConvertiblePreferredDividendsNetOfTax' xlink:type='arc' />
<link:definitionArc order='17.0' xlink:arcrole='http://xbrl.org/int/dim/arcrole/domain-member' xlink:from='loc_NetIncomeLossAttributableToParentDilutedAbstract' xlink:to='loc_DilutiveSecuritiesAbstract' xlink:type='arc' />
<link:definitionArc order='22.0' xlink:arcrole='http://xbrl.org/int/dim/arcrole/domain-member' xlink:from='loc_NetIncomeLossAttributableToParentDilutedAbstract' xlink:to='loc_NetIncomeLossAttributableToParentDiluted' xlink:type='arc' />
<link:definitionArc order='35.0' xlink:arcrole='http://xbrl.org/int/dim/arcrole/domain-member' xlink:from='loc_ParticipatingSecuritiesDistributedAndUndistributedEarningsLossDilutedAbstract' xlink:to='loc_UndistributedEarningsLossAllocatedToParticipatingSecuritiesDiluted' xlink:type='arc' />
<link:definitionArc order='36.0' xlink:arcrole='http://xbrl.org/int/dim/arcrole/domain-member' xlink:from='loc_ParticipatingSecuritiesDistributedAndUndistributedEarningsLossDilutedAbstract' xlink:to='loc_PreferredStockDividendsAndOtherAdjustments' xlink:type='arc' />
<link:definitionArc order='37.0' xlink:arcrole='http://xbrl.org/int/dim/arcrole/domain-member' xlink:from='loc_ParticipatingSecuritiesDistributedAndUndistributedEarningsLossDilutedAbstract' xlink:to='loc_ParticipatingSecuritiesDistributedAndUndistributedEarningsLossDiluted' xlink:type='arc' />
<link:definitionArc order='10.0' xlink:arcrole='http://xbrl.org/int/dim/arcrole/domain-member' xlink:from='loc_UndistributedEarningsDilutedAbstract' xlink:to='loc_NetIncomeLossAttributableToParentDilutedAbstract' xlink:type='arc' />
<link:definitionArc order='23.0' xlink:arcrole='http://xbrl.org/int/dim/arcrole/domain-member' xlink:from='loc_UndistributedEarningsDilutedAbstract' xlink:to='loc_DistributedEarningsAbstract' xlink:type='arc' />
<link:definitionArc order='27.0' xlink:arcrole='http://xbrl.org/int/dim/arcrole/domain-member' xlink:from='loc_UndistributedEarningsDilutedAbstract' xlink:to='loc_UndistributedEarningsDiluted' xlink:type='arc' />
</link:definitionLink>
<link:definitionLink xlink:role='http://fasb.org/us-gaap/role/disclosure/EarningsPerShareScheduleOfEarningsPerShareDilutedByCommonClassTable' xlink:type='extended'>
<link:loc xlink:href='../elts/us-gaap-2016-01-31.xsd#us-gaap_ScheduleOfEarningsPerShareDilutedByCommonClassTable' xlink:label='loc_ScheduleOfEarningsPerShareDilutedByCommonClassTable' xlink:type='locator' />
<link:loc xlink:href='../elts/us-gaap-2016-01-31.xsd#us-gaap_StatementClassOfStockAxis' xlink:label='loc_StatementClassOfStockAxis' xlink:type='locator' />
<link:definitionArc order='1.0' xlink:arcrole='http://xbrl.org/int/dim/arcrole/hypercube-dimension' xlink:from='loc_ScheduleOfEarningsPerShareDilutedByCommonClassTable' xlink:to='loc_StatementClassOfStockAxis' xlink:type='arc' />
</link:definitionLink>
</link:linkbase>
