<?xml version='1.0' encoding='UTF-8'?>

<!--
(c) XBRL US, Inc. 2007-2010; Financial Accounting Foundation, Inc. 2010-2016.  All Rights Reserved.
Notice: Authorized Uses are Set Forth at http://xbrl.fasb.org/terms/TaxonomiesTermsConditions.html
  -->
<link:linkbase xmlns:link='http://www.xbrl.org/2003/linkbase' xmlns:xbrldt='http://xbrl.org/2005/xbrldt' xmlns:xlink='http://www.w3.org/1999/xlink' xmlns:xsi='http://www.w3.org/2001/XMLSchema-instance' xsi:schemaLocation='http://www.xbrl.org/2003/linkbase http://www.xbrl.org/2003/xbrl-linkbase-2003-12-31.xsd'>
<link:roleRef roleURI='http://fasb.org/us-gaap/role/disclosure/InvestmentsDebtAndEquitySecurities' xlink:href='../elts/us-roles-2016-01-31.xsd#ides' xlink:type='simple' />
<link:calculationLink xlink:role='http://fasb.org/us-gaap/role/disclosure/InvestmentsDebtAndEquitySecurities' xlink:type='extended'>
<link:loc xlink:href='../elts/us-gaap-2016-01-31.xsd#us-gaap_AvailableForSaleSecuritiesAccumulatedGrossUnrealizedGainLossBeforeTax' xlink:label='loc_AvailableForSaleSecuritiesAccumulatedGrossUnrealizedGainLossBeforeTax' xlink:type='locator' />
<link:loc xlink:href='../elts/us-gaap-2016-01-31.xsd#us-gaap_AvailableForSaleSecuritiesAccumulatedGrossUnrealizedLossBeforeTax' xlink:label='loc_AvailableForSaleSecuritiesAccumulatedGrossUnrealizedLossBeforeTax' xlink:type='locator' />
<link:loc xlink:href='../elts/us-gaap-2016-01-31.xsd#us-gaap_AvailableForSaleDebtSecuritiesAccumulatedGrossUnrealizedLossBeforeTax' xlink:label='loc_AvailableForSaleDebtSecuritiesAccumulatedGrossUnrealizedLossBeforeTax' xlink:type='locator' />
<link:loc xlink:href='../elts/us-gaap-2016-01-31.xsd#us-gaap_AvailableForSaleEquitySecuritiesAccumulatedGrossUnrealizedLossBeforeTax' xlink:label='loc_AvailableForSaleEquitySecuritiesAccumulatedGrossUnrealizedLossBeforeTax' xlink:type='locator' />
<link:loc xlink:href='../elts/us-gaap-2016-01-31.xsd#us-gaap_AvailableForSaleSecuritiesAccumulatedGrossUnrealizedGainBeforeTax' xlink:label='loc_AvailableForSaleSecuritiesAccumulatedGrossUnrealizedGainBeforeTax' xlink:type='locator' />
<link:loc xlink:href='../elts/us-gaap-2016-01-31.xsd#us-gaap_AvailableForSaleDebtSecuritiesAccumulatedGrossUnrealizedGainBeforeTax' xlink:label='loc_AvailableForSaleDebtSecuritiesAccumulatedGrossUnrealizedGainBeforeTax' xlink:type='locator' />
<link:loc xlink:href='../elts/us-gaap-2016-01-31.xsd#us-gaap_AvailableForSaleEquitySecuritiesAccumulatedGrossUnrealizedGainBeforeTax' xlink:label='loc_AvailableForSaleEquitySecuritiesAccumulatedGrossUnrealizedGainBeforeTax' xlink:type='locator' />
<link:loc xlink:href='../elts/us-gaap-2016-01-31.xsd#us-gaap_AvailableForSaleSecuritiesAmortizedCost' xlink:label='loc_AvailableForSaleSecuritiesAmortizedCost' xlink:type='locator' />
<link:loc xlink:href='../elts/us-gaap-2016-01-31.xsd#us-gaap_AvailableForSaleDebtSecuritiesAmortizedCostBasis' xlink:label='loc_AvailableForSaleDebtSecuritiesAmortizedCostBasis' xlink:type='locator' />
<link:loc xlink:href='../elts/us-gaap-2016-01-31.xsd#us-gaap_AvailableForSaleSecuritiesDebtMaturitiesWithoutSingleMaturityDateAmortizedCost' xlink:label='loc_AvailableForSaleSecuritiesDebtMaturitiesWithoutSingleMaturityDateAmortizedCost' xlink:type='locator' />
<link:loc xlink:href='../elts/us-gaap-2016-01-31.xsd#us-gaap_AvailableForSaleSecuritiesDebtMaturitiesSingleMaturityDateAmortizedCostBasis' xlink:label='loc_AvailableForSaleSecuritiesDebtMaturitiesSingleMaturityDateAmortizedCostBasis' xlink:type='locator' />
<link:loc xlink:href='../elts/us-gaap-2016-01-31.xsd#us-gaap_AvailableForSaleSecuritiesDebtMaturitiesWithinOneYearAmortizedCost' xlink:label='loc_AvailableForSaleSecuritiesDebtMaturitiesWithinOneYearAmortizedCost' xlink:type='locator' />
<link:loc xlink:href='../elts/us-gaap-2016-01-31.xsd#us-gaap_AvailableForSaleSecuritiesDebtMaturitiesAfterOneThroughFiveYearsAmortizedCost' xlink:label='loc_AvailableForSaleSecuritiesDebtMaturitiesAfterOneThroughFiveYearsAmortizedCost' xlink:type='locator' />
<link:loc xlink:href='../elts/us-gaap-2016-01-31.xsd#us-gaap_AvailableForSaleSecuritiesDebtMaturitiesAfterFiveThroughTenYearsAmortizedCost' xlink:label='loc_AvailableForSaleSecuritiesDebtMaturitiesAfterFiveThroughTenYearsAmortizedCost' xlink:type='locator' />
<link:loc xlink:href='../elts/us-gaap-2016-01-31.xsd#us-gaap_AvailableForSaleSecuritiesDebtMaturitiesAfterTenYearsAmortizedCost' xlink:label='loc_AvailableForSaleSecuritiesDebtMaturitiesAfterTenYearsAmortizedCost' xlink:type='locator' />
<link:loc xlink:href='../elts/us-gaap-2016-01-31.xsd#us-gaap_AvailableForSaleEquitySecuritiesAmortizedCostBasis' xlink:label='loc_AvailableForSaleEquitySecuritiesAmortizedCostBasis' xlink:type='locator' />
<link:loc xlink:href='../elts/us-gaap-2016-01-31.xsd#us-gaap_AvailableForSaleSecuritiesChangeInNetUnrealizedHoldingGainLossNetOfTax' xlink:label='loc_AvailableForSaleSecuritiesChangeInNetUnrealizedHoldingGainLossNetOfTax' xlink:type='locator' />
<link:loc xlink:href='../elts/us-gaap-2016-01-31.xsd#us-gaap_AvailableForSaleSecuritiesChangeInNetUnrealizedHoldingGainLoss' xlink:label='loc_AvailableForSaleSecuritiesChangeInNetUnrealizedHoldingGainLoss' xlink:type='locator' />
<link:loc xlink:href='../elts/us-gaap-2016-01-31.xsd#us-gaap_AvailableForSaleSecuritiesIncomeTaxExpenseOnChangeInUnrealizedHoldingGainOrLoss' xlink:label='loc_AvailableForSaleSecuritiesIncomeTaxExpenseOnChangeInUnrealizedHoldingGainOrLoss' xlink:type='locator' />
<link:loc xlink:href='../elts/us-gaap-2016-01-31.xsd#us-gaap_AvailableForSaleSecuritiesContinuousUnrealizedLossPositionAccumulatedLoss' xlink:label='loc_AvailableForSaleSecuritiesContinuousUnrealizedLossPositionAccumulatedLoss' xlink:type='locator' />
<link:loc xlink:href='../elts/us-gaap-2016-01-31.xsd#us-gaap_AvailableForSaleSecuritiesContinuousUnrealizedLossPosition12MonthsOrLongerAccumulatedLoss' xlink:label='loc_AvailableForSaleSecuritiesContinuousUnrealizedLossPosition12MonthsOrLongerAccumulatedLoss' xlink:type='locator' />
<link:loc xlink:href='../elts/us-gaap-2016-01-31.xsd#us-gaap_AvailableForSaleSecuritiesContinuousUnrealizedLossPositionLessThan12MonthsAccumulatedLoss' xlink:label='loc_AvailableForSaleSecuritiesContinuousUnrealizedLossPositionLessThan12MonthsAccumulatedLoss' xlink:type='locator' />
<link:loc xlink:href='../elts/us-gaap-2016-01-31.xsd#us-gaap_AvailableForSaleSecuritiesContinuousUnrealizedLossPositionAggregateLosses' xlink:label='loc_AvailableForSaleSecuritiesContinuousUnrealizedLossPositionAggregateLosses' xlink:type='locator' />
<link:loc xlink:href='../elts/us-gaap-2016-01-31.xsd#us-gaap_AvailableForSaleSecuritiesContinuousUnrealizedLossPositionLessThan12MonthsAggregateLosses' xlink:label='loc_AvailableForSaleSecuritiesContinuousUnrealizedLossPositionLessThan12MonthsAggregateLosses' xlink:type='locator' />
<link:loc xlink:href='../elts/us-gaap-2016-01-31.xsd#us-gaap_AvailableForSaleSecuritiesContinuousUnrealizedLossPosition12MonthsOrLongerAggregateLosses' xlink:label='loc_AvailableForSaleSecuritiesContinuousUnrealizedLossPosition12MonthsOrLongerAggregateLosses' xlink:type='locator' />
<link:loc xlink:href='../elts/us-gaap-2016-01-31.xsd#us-gaap_AvailableForSaleSecuritiesContinuousUnrealizedLossPositionFairValue' xlink:label='loc_AvailableForSaleSecuritiesContinuousUnrealizedLossPositionFairValue' xlink:type='locator' />
<link:loc xlink:href='../elts/us-gaap-2016-01-31.xsd#us-gaap_AvailableForSaleSecuritiesContinuousUnrealizedLossPositionLessThanTwelveMonthsFairValue' xlink:label='loc_AvailableForSaleSecuritiesContinuousUnrealizedLossPositionLessThanTwelveMonthsFairValue' xlink:type='locator' />
<link:loc xlink:href='../elts/us-gaap-2016-01-31.xsd#us-gaap_AvailableForSaleSecuritiesContinuousUnrealizedLossPositionTwelveMonthsOrLongerFairValue' xlink:label='loc_AvailableForSaleSecuritiesContinuousUnrealizedLossPositionTwelveMonthsOrLongerFairValue' xlink:type='locator' />
<link:loc xlink:href='../elts/us-gaap-2016-01-31.xsd#us-gaap_AvailableForSaleSecuritiesDebtMaturitiesSingleMaturityDate' xlink:label='loc_AvailableForSaleSecuritiesDebtMaturitiesSingleMaturityDate' xlink:type='locator' />
<link:loc xlink:href='../elts/us-gaap-2016-01-31.xsd#us-gaap_AvailableForSaleSecuritiesDebtMaturitiesNextRollingTwelveMonthsFairValue' xlink:label='loc_AvailableForSaleSecuritiesDebtMaturitiesNextRollingTwelveMonthsFairValue' xlink:type='locator' />
<link:loc xlink:href='../elts/us-gaap-2016-01-31.xsd#us-gaap_AvailableForSaleSecuritiesDebtMaturitiesRollingYearTwoThroughFiveFairValue' xlink:label='loc_AvailableForSaleSecuritiesDebtMaturitiesRollingYearTwoThroughFiveFairValue' xlink:type='locator' />
<link:loc xlink:href='../elts/us-gaap-2016-01-31.xsd#us-gaap_AvailableForSaleSecuritiesDebtMaturitiesRollingYearSixThroughTenFairValue' xlink:label='loc_AvailableForSaleSecuritiesDebtMaturitiesRollingYearSixThroughTenFairValue' xlink:type='locator' />
<link:loc xlink:href='../elts/us-gaap-2016-01-31.xsd#us-gaap_AvailableForSaleSecuritiesDebtMaturitiesRollingAfterYearTenFairValue' xlink:label='loc_AvailableForSaleSecuritiesDebtMaturitiesRollingAfterYearTenFairValue' xlink:type='locator' />
<link:loc xlink:href='../elts/us-gaap-2016-01-31.xsd#us-gaap_AvailableForSaleSecuritiesGrossGainsLossesNetDerivatives' xlink:label='loc_AvailableForSaleSecuritiesGrossGainsLossesNetDerivatives' xlink:type='locator' />
<link:loc xlink:href='../elts/us-gaap-2016-01-31.xsd#us-gaap_AvailableForSaleSecuritiesGrossGainsDerivatives' xlink:label='loc_AvailableForSaleSecuritiesGrossGainsDerivatives' xlink:type='locator' />
<link:loc xlink:href='../elts/us-gaap-2016-01-31.xsd#us-gaap_AvailableForSaleSecuritiesGrossLossesDerivatives' xlink:label='loc_AvailableForSaleSecuritiesGrossLossesDerivatives' xlink:type='locator' />
<link:loc xlink:href='../elts/us-gaap-2016-01-31.xsd#us-gaap_AvailableforsaleSecuritiesGrossUnrealizedGainLoss1' xlink:label='loc_AvailableforsaleSecuritiesGrossUnrealizedGainLoss1' xlink:type='locator' />
<link:loc xlink:href='../elts/us-gaap-2016-01-31.xsd#us-gaap_AvailableForSaleSecuritiesGrossUnrealizedGains' xlink:label='loc_AvailableForSaleSecuritiesGrossUnrealizedGains' xlink:type='locator' />
<link:loc xlink:href='../elts/us-gaap-2016-01-31.xsd#us-gaap_AvailableForSaleDebtSecuritiesGrossUnrealizedGain' xlink:label='loc_AvailableForSaleDebtSecuritiesGrossUnrealizedGain' xlink:type='locator' />
<link:loc xlink:href='../elts/us-gaap-2016-01-31.xsd#us-gaap_AvailableForSaleEquitySecuritiesGrossUnrealizedGain' xlink:label='loc_AvailableForSaleEquitySecuritiesGrossUnrealizedGain' xlink:type='locator' />
<link:loc xlink:href='../elts/us-gaap-2016-01-31.xsd#us-gaap_AvailableForSaleSecuritiesGrossUnrealizedLoss' xlink:label='loc_AvailableForSaleSecuritiesGrossUnrealizedLoss' xlink:type='locator' />
<link:loc xlink:href='../elts/us-gaap-2016-01-31.xsd#us-gaap_AvailableForSaleDebtSecuritiesGrossUnrealizedLoss' xlink:label='loc_AvailableForSaleDebtSecuritiesGrossUnrealizedLoss' xlink:type='locator' />
<link:loc xlink:href='../elts/us-gaap-2016-01-31.xsd#us-gaap_AvailableForSaleEquitySecuritiesGrossUnrealizedLoss' xlink:label='loc_AvailableForSaleEquitySecuritiesGrossUnrealizedLoss' xlink:type='locator' />
<link:loc xlink:href='../elts/us-gaap-2016-01-31.xsd#us-gaap_AvailableforsaleSecuritiesInUnrealizedLossPositionsQualitativeDisclosureNumberOfPositions1' xlink:label='loc_AvailableforsaleSecuritiesInUnrealizedLossPositionsQualitativeDisclosureNumberOfPositions1' xlink:type='locator' />
<link:loc xlink:href='../elts/us-gaap-2016-01-31.xsd#us-gaap_AvailableForSaleSecuritiesInUnrealizedLossPositionsQualitativeDisclosureNumberOfPositionsLessThanOneYear' xlink:label='loc_AvailableForSaleSecuritiesInUnrealizedLossPositionsQualitativeDisclosureNumberOfPositionsLessThanOneYear' xlink:type='locator' />
<link:loc xlink:href='../elts/us-gaap-2016-01-31.xsd#us-gaap_AvailableforsaleSecuritiesInUnrealizedLossPositionsQualitativeDisclosureNumberOfPositionsGreaterThanOrEqualToOneYear' xlink:label='loc_AvailableforsaleSecuritiesInUnrealizedLossPositionsQualitativeDisclosureNumberOfPositionsGreaterThanOrEqualToOneYear' xlink:type='locator' />
<link:loc xlink:href='../elts/us-gaap-2016-01-31.xsd#us-gaap_HeldToMaturitySecurities' xlink:label='loc_HeldToMaturitySecurities' xlink:type='locator' />
<link:loc xlink:href='../elts/us-gaap-2016-01-31.xsd#us-gaap_HeldToMaturitySecuritiesDebtMaturitiesWithoutSingleMaturityDateNetCarryingAmount' xlink:label='loc_HeldToMaturitySecuritiesDebtMaturitiesWithoutSingleMaturityDateNetCarryingAmount' xlink:type='locator' />
<link:loc xlink:href='../elts/us-gaap-2016-01-31.xsd#us-gaap_HeldToMaturitySecuritiesDebtMaturitiesSingleMaturityDateAmortizedCostBasis' xlink:label='loc_HeldToMaturitySecuritiesDebtMaturitiesSingleMaturityDateAmortizedCostBasis' xlink:type='locator' />
<link:loc xlink:href='../elts/us-gaap-2016-01-31.xsd#us-gaap_HeldtomaturitySecuritiesDebtMaturitiesNextRollingTwelveMonthsAmortizedCost' xlink:label='loc_HeldtomaturitySecuritiesDebtMaturitiesNextRollingTwelveMonthsAmortizedCost' xlink:type='locator' />
<link:loc xlink:href='../elts/us-gaap-2016-01-31.xsd#us-gaap_HeldtomaturitySecuritiesDebtMaturitiesRollingYearTwoThroughFiveAmortizedCost' xlink:label='loc_HeldtomaturitySecuritiesDebtMaturitiesRollingYearTwoThroughFiveAmortizedCost' xlink:type='locator' />
<link:loc xlink:href='../elts/us-gaap-2016-01-31.xsd#us-gaap_HeldtomaturitySecuritiesDebtMaturitiesRollingYearSixThroughTenAmortizedCost' xlink:label='loc_HeldtomaturitySecuritiesDebtMaturitiesRollingYearSixThroughTenAmortizedCost' xlink:type='locator' />
<link:loc xlink:href='../elts/us-gaap-2016-01-31.xsd#us-gaap_HeldtomaturitySecuritiesDebtMaturitiesRollingAfterTenYearsAmortizedCost' xlink:label='loc_HeldtomaturitySecuritiesDebtMaturitiesRollingAfterTenYearsAmortizedCost' xlink:type='locator' />
<link:loc xlink:href='../elts/us-gaap-2016-01-31.xsd#us-gaap_HeldToMaturitySecuritiesContinuousUnrealizedLossPositionAccumulatedLoss' xlink:label='loc_HeldToMaturitySecuritiesContinuousUnrealizedLossPositionAccumulatedLoss' xlink:type='locator' />
<link:loc xlink:href='../elts/us-gaap-2016-01-31.xsd#us-gaap_HeldToMaturitySecuritiesContinuousUnrealizedLossPosition12MonthsOrLongerAccumulatedLoss' xlink:label='loc_HeldToMaturitySecuritiesContinuousUnrealizedLossPosition12MonthsOrLongerAccumulatedLoss' xlink:type='locator' />
<link:loc xlink:href='../elts/us-gaap-2016-01-31.xsd#us-gaap_HeldToMaturitySecuritiesContinuousUnrealizedLossPositionLessThan12MonthsAccumulatedLoss' xlink:label='loc_HeldToMaturitySecuritiesContinuousUnrealizedLossPositionLessThan12MonthsAccumulatedLoss' xlink:type='locator' />
<link:loc xlink:href='../elts/us-gaap-2016-01-31.xsd#us-gaap_HeldtomaturitySecuritiesContinuousUnrealizedLossPositionAggregateLoss' xlink:label='loc_HeldtomaturitySecuritiesContinuousUnrealizedLossPositionAggregateLoss' xlink:type='locator' />
<link:loc xlink:href='../elts/us-gaap-2016-01-31.xsd#us-gaap_HeldtomaturitySecuritiesContinuousUnrealizedLossPositionLessThan12MonthsAggregateLoss' xlink:label='loc_HeldtomaturitySecuritiesContinuousUnrealizedLossPositionLessThan12MonthsAggregateLoss' xlink:type='locator' />
<link:loc xlink:href='../elts/us-gaap-2016-01-31.xsd#us-gaap_HeldtomaturitySecuritiesContinuousUnrealizedLossPosition12MonthsOrLongerAggregateLoss' xlink:label='loc_HeldtomaturitySecuritiesContinuousUnrealizedLossPosition12MonthsOrLongerAggregateLoss' xlink:type='locator' />
<link:loc xlink:href='../elts/us-gaap-2016-01-31.xsd#us-gaap_HeldToMaturitySecuritiesContinuousUnrealizedLossPositionFairValue' xlink:label='loc_HeldToMaturitySecuritiesContinuousUnrealizedLossPositionFairValue' xlink:type='locator' />
<link:loc xlink:href='../elts/us-gaap-2016-01-31.xsd#us-gaap_HeldToMaturitySecuritiesContinuousUnrealizedLossPositionLessThanTwelveMonthsFairValue' xlink:label='loc_HeldToMaturitySecuritiesContinuousUnrealizedLossPositionLessThanTwelveMonthsFairValue' xlink:type='locator' />
<link:loc xlink:href='../elts/us-gaap-2016-01-31.xsd#us-gaap_HeldToMaturitySecuritiesContinuousUnrealizedLossPositionTwelveMonthsOrLongerFairValue' xlink:label='loc_HeldToMaturitySecuritiesContinuousUnrealizedLossPositionTwelveMonthsOrLongerFairValue' xlink:type='locator' />
<link:loc xlink:href='../elts/us-gaap-2016-01-31.xsd#us-gaap_HeldToMaturitySecuritiesGrossGainsLossesDerivatives' xlink:label='loc_HeldToMaturitySecuritiesGrossGainsLossesDerivatives' xlink:type='locator' />
<link:loc xlink:href='../elts/us-gaap-2016-01-31.xsd#us-gaap_HeldToMaturitySecuritiesGrossGainsDerivatives' xlink:label='loc_HeldToMaturitySecuritiesGrossGainsDerivatives' xlink:type='locator' />
<link:loc xlink:href='../elts/us-gaap-2016-01-31.xsd#us-gaap_HeldToMaturitySecuritiesGrossLossesDerivatives' xlink:label='loc_HeldToMaturitySecuritiesGrossLossesDerivatives' xlink:type='locator' />
<link:loc xlink:href='../elts/us-gaap-2016-01-31.xsd#us-gaap_HeldToMaturitySecuritiesTransferredSecurityUnrealizedGainLoss' xlink:label='loc_HeldToMaturitySecuritiesTransferredSecurityUnrealizedGainLoss' xlink:type='locator' />
<link:loc xlink:href='../elts/us-gaap-2016-01-31.xsd#us-gaap_HeldToMaturitySecuritiesTransferredToTradingSecuritiesUnrealizedGainLoss' xlink:label='loc_HeldToMaturitySecuritiesTransferredToTradingSecuritiesUnrealizedGainLoss' xlink:type='locator' />
<link:loc xlink:href='../elts/us-gaap-2016-01-31.xsd#us-gaap_HeldToMaturitySecuritiesTransferredToAvailableForSaleSecuritiesUnrealizedGainLoss' xlink:label='loc_HeldToMaturitySecuritiesTransferredToAvailableForSaleSecuritiesUnrealizedGainLoss' xlink:type='locator' />
<link:loc xlink:href='../elts/us-gaap-2016-01-31.xsd#us-gaap_InterestAndDividendIncomeSecurities' xlink:label='loc_InterestAndDividendIncomeSecurities' xlink:type='locator' />
<link:loc xlink:href='../elts/us-gaap-2016-01-31.xsd#us-gaap_DividendIncomeOperating' xlink:label='loc_DividendIncomeOperating' xlink:type='locator' />
<link:loc xlink:href='../elts/us-gaap-2016-01-31.xsd#us-gaap_InterestIncomeOperating' xlink:label='loc_InterestIncomeOperating' xlink:type='locator' />
<link:loc xlink:href='../elts/us-gaap-2016-01-31.xsd#us-gaap_LifeSettlementContractsFairValueMethodCarryingAmount' xlink:label='loc_LifeSettlementContractsFairValueMethodCarryingAmount' xlink:type='locator' />
<link:loc xlink:href='../elts/us-gaap-2016-01-31.xsd#us-gaap_LifeSettlementContractsFairValueMaturingInNextTwelveMonths' xlink:label='loc_LifeSettlementContractsFairValueMaturingInNextTwelveMonths' xlink:type='locator' />
<link:loc xlink:href='../elts/us-gaap-2016-01-31.xsd#us-gaap_LifeSettlementContractsFairValueMaturingInYearTwo' xlink:label='loc_LifeSettlementContractsFairValueMaturingInYearTwo' xlink:type='locator' />
<link:loc xlink:href='../elts/us-gaap-2016-01-31.xsd#us-gaap_LifeSettlementContractsFairValueMaturingInYearThree' xlink:label='loc_LifeSettlementContractsFairValueMaturingInYearThree' xlink:type='locator' />
<link:loc xlink:href='../elts/us-gaap-2016-01-31.xsd#us-gaap_LifeSettlementContractsFairValueMaturingInYearFour' xlink:label='loc_LifeSettlementContractsFairValueMaturingInYearFour' xlink:type='locator' />
<link:loc xlink:href='../elts/us-gaap-2016-01-31.xsd#us-gaap_LifeSettlementContractsFairValueMaturingInYearFive' xlink:label='loc_LifeSettlementContractsFairValueMaturingInYearFive' xlink:type='locator' />
<link:loc xlink:href='../elts/us-gaap-2016-01-31.xsd#us-gaap_LifeSettlementContractsFairValueMaturingAfterYearFive' xlink:label='loc_LifeSettlementContractsFairValueMaturingAfterYearFive' xlink:type='locator' />
<link:loc xlink:href='../elts/us-gaap-2016-01-31.xsd#us-gaap_LifeSettlementContractsFairValueMethodFaceValue' xlink:label='loc_LifeSettlementContractsFairValueMethodFaceValue' xlink:type='locator' />
<link:loc xlink:href='../elts/us-gaap-2016-01-31.xsd#us-gaap_LifeSettlementContractsFairValueMethodFaceValueMaturingInNextTwelveMonths' xlink:label='loc_LifeSettlementContractsFairValueMethodFaceValueMaturingInNextTwelveMonths' xlink:type='locator' />
<link:loc xlink:href='../elts/us-gaap-2016-01-31.xsd#us-gaap_LifeSettlementContractsFairValueMethodFaceValueMaturingInYearTwo' xlink:label='loc_LifeSettlementContractsFairValueMethodFaceValueMaturingInYearTwo' xlink:type='locator' />
<link:loc xlink:href='../elts/us-gaap-2016-01-31.xsd#us-gaap_LifeSettlementContractsFairValueMethodFaceValueMaturingInYearThree' xlink:label='loc_LifeSettlementContractsFairValueMethodFaceValueMaturingInYearThree' xlink:type='locator' />
<link:loc xlink:href='../elts/us-gaap-2016-01-31.xsd#us-gaap_LifeSettlementContractsFairValueMethodFaceValueMaturingInYearFour' xlink:label='loc_LifeSettlementContractsFairValueMethodFaceValueMaturingInYearFour' xlink:type='locator' />
<link:loc xlink:href='../elts/us-gaap-2016-01-31.xsd#us-gaap_LifeSettlementContractsFairValueMethodFaceValueMaturingInYearFive' xlink:label='loc_LifeSettlementContractsFairValueMethodFaceValueMaturingInYearFive' xlink:type='locator' />
<link:loc xlink:href='../elts/us-gaap-2016-01-31.xsd#us-gaap_LifeSettlementContractsFairValueMethodFaceValueMaturingAfterYearFive' xlink:label='loc_LifeSettlementContractsFairValueMethodFaceValueMaturingAfterYearFive' xlink:type='locator' />
<link:loc xlink:href='../elts/us-gaap-2016-01-31.xsd#us-gaap_LifeSettlementContractsFairValueMethodNumberOfContracts' xlink:label='loc_LifeSettlementContractsFairValueMethodNumberOfContracts' xlink:type='locator' />
<link:loc xlink:href='../elts/us-gaap-2016-01-31.xsd#us-gaap_LifeSettlementContractsFairValueMethodNumberOfContractsMaturingInNextTwelveMonths' xlink:label='loc_LifeSettlementContractsFairValueMethodNumberOfContractsMaturingInNextTwelveMonths' xlink:type='locator' />
<link:loc xlink:href='../elts/us-gaap-2016-01-31.xsd#us-gaap_LifeSettlementContractsFairValueMethodNumberOfContractsMaturingInYearTwo' xlink:label='loc_LifeSettlementContractsFairValueMethodNumberOfContractsMaturingInYearTwo' xlink:type='locator' />
<link:loc xlink:href='../elts/us-gaap-2016-01-31.xsd#us-gaap_LifeSettlementContractsFairValueMethodNumberOfContractsMaturingInYearThree' xlink:label='loc_LifeSettlementContractsFairValueMethodNumberOfContractsMaturingInYearThree' xlink:type='locator' />
<link:loc xlink:href='../elts/us-gaap-2016-01-31.xsd#us-gaap_LifeSettlementContractsFairValueMethodNumberOfContractsMaturingInYearFour' xlink:label='loc_LifeSettlementContractsFairValueMethodNumberOfContractsMaturingInYearFour' xlink:type='locator' />
<link:loc xlink:href='../elts/us-gaap-2016-01-31.xsd#us-gaap_LifeSettlementContractsFairValueMethodNumberOfContractsMaturingInYearFive' xlink:label='loc_LifeSettlementContractsFairValueMethodNumberOfContractsMaturingInYearFive' xlink:type='locator' />
<link:loc xlink:href='../elts/us-gaap-2016-01-31.xsd#us-gaap_LifeSettlementContractsFairValueMethodNumberOfContractsMaturingAfterYearFive' xlink:label='loc_LifeSettlementContractsFairValueMethodNumberOfContractsMaturingAfterYearFive' xlink:type='locator' />
<link:loc xlink:href='../elts/us-gaap-2016-01-31.xsd#us-gaap_LifeSettlementContractsInvestmentMethodCarryingAmount' xlink:label='loc_LifeSettlementContractsInvestmentMethodCarryingAmount' xlink:type='locator' />
<link:loc xlink:href='../elts/us-gaap-2016-01-31.xsd#us-gaap_LifeSettlementContractsInvestmentMethodCarryingAmountMaturingInNextTwelveMonths' xlink:label='loc_LifeSettlementContractsInvestmentMethodCarryingAmountMaturingInNextTwelveMonths' xlink:type='locator' />
<link:loc xlink:href='../elts/us-gaap-2016-01-31.xsd#us-gaap_LifeSettlementContractsInvestmentMethodCarryingAmountMaturingInYearTwo' xlink:label='loc_LifeSettlementContractsInvestmentMethodCarryingAmountMaturingInYearTwo' xlink:type='locator' />
<link:loc xlink:href='../elts/us-gaap-2016-01-31.xsd#us-gaap_LifeSettlementContractsInvestmentMethodCarryingAmountMaturingInYearThree' xlink:label='loc_LifeSettlementContractsInvestmentMethodCarryingAmountMaturingInYearThree' xlink:type='locator' />
<link:loc xlink:href='../elts/us-gaap-2016-01-31.xsd#us-gaap_LifeSettlementContractsInvestmentMethodCarryingAmountMaturingInYearFour' xlink:label='loc_LifeSettlementContractsInvestmentMethodCarryingAmountMaturingInYearFour' xlink:type='locator' />
<link:loc xlink:href='../elts/us-gaap-2016-01-31.xsd#us-gaap_LifeSettlementContractsInvestmentMethodCarryingAmountMaturingInYearFive' xlink:label='loc_LifeSettlementContractsInvestmentMethodCarryingAmountMaturingInYearFive' xlink:type='locator' />
<link:loc xlink:href='../elts/us-gaap-2016-01-31.xsd#us-gaap_LifeSettlementContractsInvestmentMethodCarryingAmountMaturingAfterYearFive' xlink:label='loc_LifeSettlementContractsInvestmentMethodCarryingAmountMaturingAfterYearFive' xlink:type='locator' />
<link:loc xlink:href='../elts/us-gaap-2016-01-31.xsd#us-gaap_LifeSettlementContractsInvestmentMethodFaceValue' xlink:label='loc_LifeSettlementContractsInvestmentMethodFaceValue' xlink:type='locator' />
<link:loc xlink:href='../elts/us-gaap-2016-01-31.xsd#us-gaap_LifeSettlementContractsInvestmentMethodFaceValueMaturingInNextTwelveMonths' xlink:label='loc_LifeSettlementContractsInvestmentMethodFaceValueMaturingInNextTwelveMonths' xlink:type='locator' />
<link:loc xlink:href='../elts/us-gaap-2016-01-31.xsd#us-gaap_LifeSettlementContractsInvestmentMethodFaceValueMaturingInYearTwo' xlink:label='loc_LifeSettlementContractsInvestmentMethodFaceValueMaturingInYearTwo' xlink:type='locator' />
<link:loc xlink:href='../elts/us-gaap-2016-01-31.xsd#us-gaap_LifeSettlementContractsInvestmentMethodFaceValueMaturingInYearThree' xlink:label='loc_LifeSettlementContractsInvestmentMethodFaceValueMaturingInYearThree' xlink:type='locator' />
<link:loc xlink:href='../elts/us-gaap-2016-01-31.xsd#us-gaap_LifeSettlementContractsInvestmentMethodFaceValueMaturingInYearFour' xlink:label='loc_LifeSettlementContractsInvestmentMethodFaceValueMaturingInYearFour' xlink:type='locator' />
<link:loc xlink:href='../elts/us-gaap-2016-01-31.xsd#us-gaap_LifeSettlementContractsInvestmentMethodFaceValueMaturingInYearFive' xlink:label='loc_LifeSettlementContractsInvestmentMethodFaceValueMaturingInYearFive' xlink:type='locator' />
<link:loc xlink:href='../elts/us-gaap-2016-01-31.xsd#us-gaap_LifeSettlementContractsInvestmentMethodFaceValueMaturingAfterYearFive' xlink:label='loc_LifeSettlementContractsInvestmentMethodFaceValueMaturingAfterYearFive' xlink:type='locator' />
<link:loc xlink:href='../elts/us-gaap-2016-01-31.xsd#us-gaap_LifeSettlementContractsInvestmentMethodNumberOfContracts' xlink:label='loc_LifeSettlementContractsInvestmentMethodNumberOfContracts' xlink:type='locator' />
<link:loc xlink:href='../elts/us-gaap-2016-01-31.xsd#us-gaap_LifeSettlementContractsInvestmentMethodNumberOfContractsMaturingInNextRollingTwelveMonths' xlink:label='loc_LifeSettlementContractsInvestmentMethodNumberOfContractsMaturingInNextRollingTwelveMonths' xlink:type='locator' />
<link:loc xlink:href='../elts/us-gaap-2016-01-31.xsd#us-gaap_LifeSettlementContractsInvestmentMethodNumberOfContractsMaturingInRollingYearTwo' xlink:label='loc_LifeSettlementContractsInvestmentMethodNumberOfContractsMaturingInRollingYearTwo' xlink:type='locator' />
<link:loc xlink:href='../elts/us-gaap-2016-01-31.xsd#us-gaap_LifeSettlementContractsInvestmentMethodNumberOfContractsMaturingInRollingYearThree' xlink:label='loc_LifeSettlementContractsInvestmentMethodNumberOfContractsMaturingInRollingYearThree' xlink:type='locator' />
<link:loc xlink:href='../elts/us-gaap-2016-01-31.xsd#us-gaap_LifeSettlementContractsInvestmentMethodNumberOfContractsMaturingInRollingYearFour' xlink:label='loc_LifeSettlementContractsInvestmentMethodNumberOfContractsMaturingInRollingYearFour' xlink:type='locator' />
<link:loc xlink:href='../elts/us-gaap-2016-01-31.xsd#us-gaap_LifeSettlementContractsInvestmentMethodNumberOfContractsMaturingInRollingYearFive' xlink:label='loc_LifeSettlementContractsInvestmentMethodNumberOfContractsMaturingInRollingYearFive' xlink:type='locator' />
<link:loc xlink:href='../elts/us-gaap-2016-01-31.xsd#us-gaap_LifeSettlementContractsInvestmentMethodNumberOfContractsMaturingAfterRollingYearFive' xlink:label='loc_LifeSettlementContractsInvestmentMethodNumberOfContractsMaturingAfterRollingYearFive' xlink:type='locator' />
<link:loc xlink:href='../elts/us-gaap-2016-01-31.xsd#us-gaap_LifeSettlementContractsInvestmentMethodFiveYearDisclosurePremiumsToBePaid' xlink:label='loc_LifeSettlementContractsInvestmentMethodFiveYearDisclosurePremiumsToBePaid' xlink:type='locator' />
<link:loc xlink:href='../elts/us-gaap-2016-01-31.xsd#us-gaap_LifeSettlementContractsInvestmentMethodPremiumsToBePaidInNextTwelveMonths' xlink:label='loc_LifeSettlementContractsInvestmentMethodPremiumsToBePaidInNextTwelveMonths' xlink:type='locator' />
<link:loc xlink:href='../elts/us-gaap-2016-01-31.xsd#us-gaap_LifeSettlementContractsInvestmentMethodPremiumsToBePaidInYearTwo' xlink:label='loc_LifeSettlementContractsInvestmentMethodPremiumsToBePaidInYearTwo' xlink:type='locator' />
<link:loc xlink:href='../elts/us-gaap-2016-01-31.xsd#us-gaap_LifeSettlementContractsInvestmentMethodPremiumsToBePaidInYearThree' xlink:label='loc_LifeSettlementContractsInvestmentMethodPremiumsToBePaidInYearThree' xlink:type='locator' />
<link:loc xlink:href='../elts/us-gaap-2016-01-31.xsd#us-gaap_LifeSettlementContractsInvestmentMethodPremiumsToBePaidInYearFour' xlink:label='loc_LifeSettlementContractsInvestmentMethodPremiumsToBePaidInYearFour' xlink:type='locator' />
<link:loc xlink:href='../elts/us-gaap-2016-01-31.xsd#us-gaap_LifeSettlementContractsInvestmentMethodPremiumsToBePaidInYearFive' xlink:label='loc_LifeSettlementContractsInvestmentMethodPremiumsToBePaidInYearFive' xlink:type='locator' />
<link:loc xlink:href='../elts/us-gaap-2016-01-31.xsd#us-gaap_LifeSettlementContractsInvestmentMethodPremiumsToBePaidAfterYearFive' xlink:label='loc_LifeSettlementContractsInvestmentMethodPremiumsToBePaidAfterYearFive' xlink:type='locator' />
<link:loc xlink:href='../elts/us-gaap-2016-01-31.xsd#us-gaap_ImpairmentOfInvestments' xlink:label='loc_ImpairmentOfInvestments' xlink:type='locator' />
<link:loc xlink:href='../elts/us-gaap-2016-01-31.xsd#us-gaap_OtherThanTemporaryImpairmentLossesInvestmentsPortionInOtherComprehensiveIncomeLossBeforeTaxIncludingPortionAttributableToNoncontrollingInterest' xlink:label='loc_OtherThanTemporaryImpairmentLossesInvestmentsPortionInOtherComprehensiveIncomeLossBeforeTaxIncludingPortionAttributableToNoncontrollingInterest' xlink:type='locator' />
<link:loc xlink:href='../elts/us-gaap-2016-01-31.xsd#us-gaap_OtherThanTemporaryImpairmentLossesInvestmentsPortionRecognizedInEarningsNet' xlink:label='loc_OtherThanTemporaryImpairmentLossesInvestmentsPortionRecognizedInEarningsNet' xlink:type='locator' />
<link:loc xlink:href='../elts/us-gaap-2016-01-31.xsd#us-gaap_OtherThanTemporaryImpairmentLossesInvestmentsPortionRecognizedInEarningsNetAvailableforsaleSecurities' xlink:label='loc_OtherThanTemporaryImpairmentLossesInvestmentsPortionRecognizedInEarningsNetAvailableforsaleSecurities' xlink:type='locator' />
<link:loc xlink:href='../elts/us-gaap-2016-01-31.xsd#us-gaap_OtherThanTemporaryImpairmentLossesInvestmentsPortionRecognizedInEarningsNetHeldtomaturitySecurities' xlink:label='loc_OtherThanTemporaryImpairmentLossesInvestmentsPortionRecognizedInEarningsNetHeldtomaturitySecurities' xlink:type='locator' />
<link:loc xlink:href='../elts/us-gaap-2016-01-31.xsd#us-gaap_CostmethodInvestmentsOtherThanTemporaryImpairment' xlink:label='loc_CostmethodInvestmentsOtherThanTemporaryImpairment' xlink:type='locator' />
<link:calculationArc order='10' weight='-1.0' xlink:arcrole='http://www.xbrl.org/2003/arcrole/summation-item' xlink:from='loc_AvailableForSaleSecuritiesAccumulatedGrossUnrealizedGainLossBeforeTax' xlink:to='loc_AvailableForSaleSecuritiesAccumulatedGrossUnrealizedLossBeforeTax' xlink:type='arc' />
<link:calculationArc order='10' weight='1.0' xlink:arcrole='http://www.xbrl.org/2003/arcrole/summation-item' xlink:from='loc_AvailableForSaleSecuritiesAccumulatedGrossUnrealizedLossBeforeTax' xlink:to='loc_AvailableForSaleDebtSecuritiesAccumulatedGrossUnrealizedLossBeforeTax' xlink:type='arc' />
<link:calculationArc order='20' weight='1.0' xlink:arcrole='http://www.xbrl.org/2003/arcrole/summation-item' xlink:from='loc_AvailableForSaleSecuritiesAccumulatedGrossUnrealizedLossBeforeTax' xlink:to='loc_AvailableForSaleEquitySecuritiesAccumulatedGrossUnrealizedLossBeforeTax' xlink:type='arc' />
<link:calculationArc order='20' weight='1.0' xlink:arcrole='http://www.xbrl.org/2003/arcrole/summation-item' xlink:from='loc_AvailableForSaleSecuritiesAccumulatedGrossUnrealizedGainLossBeforeTax' xlink:to='loc_AvailableForSaleSecuritiesAccumulatedGrossUnrealizedGainBeforeTax' xlink:type='arc' />
<link:calculationArc order='10' weight='1.0' xlink:arcrole='http://www.xbrl.org/2003/arcrole/summation-item' xlink:from='loc_AvailableForSaleSecuritiesAccumulatedGrossUnrealizedGainBeforeTax' xlink:to='loc_AvailableForSaleDebtSecuritiesAccumulatedGrossUnrealizedGainBeforeTax' xlink:type='arc' />
<link:calculationArc order='20' weight='1.0' xlink:arcrole='http://www.xbrl.org/2003/arcrole/summation-item' xlink:from='loc_AvailableForSaleSecuritiesAccumulatedGrossUnrealizedGainBeforeTax' xlink:to='loc_AvailableForSaleEquitySecuritiesAccumulatedGrossUnrealizedGainBeforeTax' xlink:type='arc' />
<link:calculationArc order='10' weight='1.0' xlink:arcrole='http://www.xbrl.org/2003/arcrole/summation-item' xlink:from='loc_AvailableForSaleSecuritiesAmortizedCost' xlink:to='loc_AvailableForSaleDebtSecuritiesAmortizedCostBasis' xlink:type='arc' />
<link:calculationArc order='10' weight='1.0' xlink:arcrole='http://www.xbrl.org/2003/arcrole/summation-item' xlink:from='loc_AvailableForSaleDebtSecuritiesAmortizedCostBasis' xlink:to='loc_AvailableForSaleSecuritiesDebtMaturitiesWithoutSingleMaturityDateAmortizedCost' xlink:type='arc' />
<link:calculationArc order='20' weight='1.0' xlink:arcrole='http://www.xbrl.org/2003/arcrole/summation-item' xlink:from='loc_AvailableForSaleDebtSecuritiesAmortizedCostBasis' xlink:to='loc_AvailableForSaleSecuritiesDebtMaturitiesSingleMaturityDateAmortizedCostBasis' xlink:type='arc' />
<link:calculationArc order='10' weight='1.0' xlink:arcrole='http://www.xbrl.org/2003/arcrole/summation-item' xlink:from='loc_AvailableForSaleSecuritiesDebtMaturitiesSingleMaturityDateAmortizedCostBasis' xlink:to='loc_AvailableForSaleSecuritiesDebtMaturitiesWithinOneYearAmortizedCost' xlink:type='arc' />
<link:calculationArc order='20' weight='1.0' xlink:arcrole='http://www.xbrl.org/2003/arcrole/summation-item' xlink:from='loc_AvailableForSaleSecuritiesDebtMaturitiesSingleMaturityDateAmortizedCostBasis' xlink:to='loc_AvailableForSaleSecuritiesDebtMaturitiesAfterOneThroughFiveYearsAmortizedCost' xlink:type='arc' />
<link:calculationArc order='30' weight='1.0' xlink:arcrole='http://www.xbrl.org/2003/arcrole/summation-item' xlink:from='loc_AvailableForSaleSecuritiesDebtMaturitiesSingleMaturityDateAmortizedCostBasis' xlink:to='loc_AvailableForSaleSecuritiesDebtMaturitiesAfterFiveThroughTenYearsAmortizedCost' xlink:type='arc' />
<link:calculationArc order='40' weight='1.0' xlink:arcrole='http://www.xbrl.org/2003/arcrole/summation-item' xlink:from='loc_AvailableForSaleSecuritiesDebtMaturitiesSingleMaturityDateAmortizedCostBasis' xlink:to='loc_AvailableForSaleSecuritiesDebtMaturitiesAfterTenYearsAmortizedCost' xlink:type='arc' />
<link:calculationArc order='20' weight='1.0' xlink:arcrole='http://www.xbrl.org/2003/arcrole/summation-item' xlink:from='loc_AvailableForSaleSecuritiesAmortizedCost' xlink:to='loc_AvailableForSaleEquitySecuritiesAmortizedCostBasis' xlink:type='arc' />
<link:calculationArc order='10' weight='1.0' xlink:arcrole='http://www.xbrl.org/2003/arcrole/summation-item' xlink:from='loc_AvailableForSaleSecuritiesChangeInNetUnrealizedHoldingGainLossNetOfTax' xlink:to='loc_AvailableForSaleSecuritiesChangeInNetUnrealizedHoldingGainLoss' xlink:type='arc' />
<link:calculationArc order='20' weight='-1.0' xlink:arcrole='http://www.xbrl.org/2003/arcrole/summation-item' xlink:from='loc_AvailableForSaleSecuritiesChangeInNetUnrealizedHoldingGainLossNetOfTax' xlink:to='loc_AvailableForSaleSecuritiesIncomeTaxExpenseOnChangeInUnrealizedHoldingGainOrLoss' xlink:type='arc' />
<link:calculationArc order='10' weight='1.0' xlink:arcrole='http://www.xbrl.org/2003/arcrole/summation-item' xlink:from='loc_AvailableForSaleSecuritiesContinuousUnrealizedLossPositionAccumulatedLoss' xlink:to='loc_AvailableForSaleSecuritiesContinuousUnrealizedLossPosition12MonthsOrLongerAccumulatedLoss' xlink:type='arc' />
<link:calculationArc order='20' weight='1.0' xlink:arcrole='http://www.xbrl.org/2003/arcrole/summation-item' xlink:from='loc_AvailableForSaleSecuritiesContinuousUnrealizedLossPositionAccumulatedLoss' xlink:to='loc_AvailableForSaleSecuritiesContinuousUnrealizedLossPositionLessThan12MonthsAccumulatedLoss' xlink:type='arc' />
<link:calculationArc order='10' weight='1.0' xlink:arcrole='http://www.xbrl.org/2003/arcrole/summation-item' xlink:from='loc_AvailableForSaleSecuritiesContinuousUnrealizedLossPositionAggregateLosses' xlink:to='loc_AvailableForSaleSecuritiesContinuousUnrealizedLossPositionLessThan12MonthsAggregateLosses' xlink:type='arc' />
<link:calculationArc order='20' weight='1.0' xlink:arcrole='http://www.xbrl.org/2003/arcrole/summation-item' xlink:from='loc_AvailableForSaleSecuritiesContinuousUnrealizedLossPositionAggregateLosses' xlink:to='loc_AvailableForSaleSecuritiesContinuousUnrealizedLossPosition12MonthsOrLongerAggregateLosses' xlink:type='arc' />
<link:calculationArc order='10' weight='1.0' xlink:arcrole='http://www.xbrl.org/2003/arcrole/summation-item' xlink:from='loc_AvailableForSaleSecuritiesContinuousUnrealizedLossPositionFairValue' xlink:to='loc_AvailableForSaleSecuritiesContinuousUnrealizedLossPositionLessThanTwelveMonthsFairValue' xlink:type='arc' />
<link:calculationArc order='20' weight='1.0' xlink:arcrole='http://www.xbrl.org/2003/arcrole/summation-item' xlink:from='loc_AvailableForSaleSecuritiesContinuousUnrealizedLossPositionFairValue' xlink:to='loc_AvailableForSaleSecuritiesContinuousUnrealizedLossPositionTwelveMonthsOrLongerFairValue' xlink:type='arc' />
<link:calculationArc order='10' weight='1.0' xlink:arcrole='http://www.xbrl.org/2003/arcrole/summation-item' xlink:from='loc_AvailableForSaleSecuritiesDebtMaturitiesSingleMaturityDate' xlink:to='loc_AvailableForSaleSecuritiesDebtMaturitiesNextRollingTwelveMonthsFairValue' xlink:type='arc' />
<link:calculationArc order='20' weight='1.0' xlink:arcrole='http://www.xbrl.org/2003/arcrole/summation-item' xlink:from='loc_AvailableForSaleSecuritiesDebtMaturitiesSingleMaturityDate' xlink:to='loc_AvailableForSaleSecuritiesDebtMaturitiesRollingYearTwoThroughFiveFairValue' xlink:type='arc' />
<link:calculationArc order='30' weight='1.0' xlink:arcrole='http://www.xbrl.org/2003/arcrole/summation-item' xlink:from='loc_AvailableForSaleSecuritiesDebtMaturitiesSingleMaturityDate' xlink:to='loc_AvailableForSaleSecuritiesDebtMaturitiesRollingYearSixThroughTenFairValue' xlink:type='arc' />
<link:calculationArc order='40' weight='1.0' xlink:arcrole='http://www.xbrl.org/2003/arcrole/summation-item' xlink:from='loc_AvailableForSaleSecuritiesDebtMaturitiesSingleMaturityDate' xlink:to='loc_AvailableForSaleSecuritiesDebtMaturitiesRollingAfterYearTenFairValue' xlink:type='arc' />
<link:calculationArc order='10' weight='1.0' xlink:arcrole='http://www.xbrl.org/2003/arcrole/summation-item' xlink:from='loc_AvailableForSaleSecuritiesGrossGainsLossesNetDerivatives' xlink:to='loc_AvailableForSaleSecuritiesGrossGainsDerivatives' xlink:type='arc' />
<link:calculationArc order='20' weight='-1.0' xlink:arcrole='http://www.xbrl.org/2003/arcrole/summation-item' xlink:from='loc_AvailableForSaleSecuritiesGrossGainsLossesNetDerivatives' xlink:to='loc_AvailableForSaleSecuritiesGrossLossesDerivatives' xlink:type='arc' />
<link:calculationArc order='10' weight='1.0' xlink:arcrole='http://www.xbrl.org/2003/arcrole/summation-item' xlink:from='loc_AvailableforsaleSecuritiesGrossUnrealizedGainLoss1' xlink:to='loc_AvailableForSaleSecuritiesGrossUnrealizedGains' xlink:type='arc' />
<link:calculationArc order='10' weight='1.0' xlink:arcrole='http://www.xbrl.org/2003/arcrole/summation-item' xlink:from='loc_AvailableForSaleSecuritiesGrossUnrealizedGains' xlink:to='loc_AvailableForSaleDebtSecuritiesGrossUnrealizedGain' xlink:type='arc' />
<link:calculationArc order='20' weight='1.0' xlink:arcrole='http://www.xbrl.org/2003/arcrole/summation-item' xlink:from='loc_AvailableForSaleSecuritiesGrossUnrealizedGains' xlink:to='loc_AvailableForSaleEquitySecuritiesGrossUnrealizedGain' xlink:type='arc' />
<link:calculationArc order='20' weight='-1.0' xlink:arcrole='http://www.xbrl.org/2003/arcrole/summation-item' xlink:from='loc_AvailableforsaleSecuritiesGrossUnrealizedGainLoss1' xlink:to='loc_AvailableForSaleSecuritiesGrossUnrealizedLoss' xlink:type='arc' />
<link:calculationArc order='10' weight='1.0' xlink:arcrole='http://www.xbrl.org/2003/arcrole/summation-item' xlink:from='loc_AvailableForSaleSecuritiesGrossUnrealizedLoss' xlink:to='loc_AvailableForSaleDebtSecuritiesGrossUnrealizedLoss' xlink:type='arc' />
<link:calculationArc order='20' weight='1.0' xlink:arcrole='http://www.xbrl.org/2003/arcrole/summation-item' xlink:from='loc_AvailableForSaleSecuritiesGrossUnrealizedLoss' xlink:to='loc_AvailableForSaleEquitySecuritiesGrossUnrealizedLoss' xlink:type='arc' />
<link:calculationArc order='10' weight='1.0' xlink:arcrole='http://www.xbrl.org/2003/arcrole/summation-item' xlink:from='loc_AvailableforsaleSecuritiesInUnrealizedLossPositionsQualitativeDisclosureNumberOfPositions1' xlink:to='loc_AvailableForSaleSecuritiesInUnrealizedLossPositionsQualitativeDisclosureNumberOfPositionsLessThanOneYear' xlink:type='arc' />
<link:calculationArc order='20' weight='1.0' xlink:arcrole='http://www.xbrl.org/2003/arcrole/summation-item' xlink:from='loc_AvailableforsaleSecuritiesInUnrealizedLossPositionsQualitativeDisclosureNumberOfPositions1' xlink:to='loc_AvailableforsaleSecuritiesInUnrealizedLossPositionsQualitativeDisclosureNumberOfPositionsGreaterThanOrEqualToOneYear' xlink:type='arc' />
<link:calculationArc order='10' weight='1.0' xlink:arcrole='http://www.xbrl.org/2003/arcrole/summation-item' xlink:from='loc_HeldToMaturitySecurities' xlink:to='loc_HeldToMaturitySecuritiesDebtMaturitiesWithoutSingleMaturityDateNetCarryingAmount' xlink:type='arc' />
<link:calculationArc order='20' weight='1.0' xlink:arcrole='http://www.xbrl.org/2003/arcrole/summation-item' xlink:from='loc_HeldToMaturitySecurities' xlink:to='loc_HeldToMaturitySecuritiesDebtMaturitiesSingleMaturityDateAmortizedCostBasis' xlink:type='arc' />
<link:calculationArc order='10' weight='1.0' xlink:arcrole='http://www.xbrl.org/2003/arcrole/summation-item' xlink:from='loc_HeldToMaturitySecuritiesDebtMaturitiesSingleMaturityDateAmortizedCostBasis' xlink:to='loc_HeldtomaturitySecuritiesDebtMaturitiesNextRollingTwelveMonthsAmortizedCost' xlink:type='arc' />
<link:calculationArc order='20' weight='1.0' xlink:arcrole='http://www.xbrl.org/2003/arcrole/summation-item' xlink:from='loc_HeldToMaturitySecuritiesDebtMaturitiesSingleMaturityDateAmortizedCostBasis' xlink:to='loc_HeldtomaturitySecuritiesDebtMaturitiesRollingYearTwoThroughFiveAmortizedCost' xlink:type='arc' />
<link:calculationArc order='30' weight='1.0' xlink:arcrole='http://www.xbrl.org/2003/arcrole/summation-item' xlink:from='loc_HeldToMaturitySecuritiesDebtMaturitiesSingleMaturityDateAmortizedCostBasis' xlink:to='loc_HeldtomaturitySecuritiesDebtMaturitiesRollingYearSixThroughTenAmortizedCost' xlink:type='arc' />
<link:calculationArc order='40' weight='1.0' xlink:arcrole='http://www.xbrl.org/2003/arcrole/summation-item' xlink:from='loc_HeldToMaturitySecuritiesDebtMaturitiesSingleMaturityDateAmortizedCostBasis' xlink:to='loc_HeldtomaturitySecuritiesDebtMaturitiesRollingAfterTenYearsAmortizedCost' xlink:type='arc' />
<link:calculationArc order='10' weight='1.0' xlink:arcrole='http://www.xbrl.org/2003/arcrole/summation-item' xlink:from='loc_HeldToMaturitySecuritiesContinuousUnrealizedLossPositionAccumulatedLoss' xlink:to='loc_HeldToMaturitySecuritiesContinuousUnrealizedLossPosition12MonthsOrLongerAccumulatedLoss' xlink:type='arc' />
<link:calculationArc order='20' weight='1.0' xlink:arcrole='http://www.xbrl.org/2003/arcrole/summation-item' xlink:from='loc_HeldToMaturitySecuritiesContinuousUnrealizedLossPositionAccumulatedLoss' xlink:to='loc_HeldToMaturitySecuritiesContinuousUnrealizedLossPositionLessThan12MonthsAccumulatedLoss' xlink:type='arc' />
<link:calculationArc order='10' weight='1.0' xlink:arcrole='http://www.xbrl.org/2003/arcrole/summation-item' xlink:from='loc_HeldtomaturitySecuritiesContinuousUnrealizedLossPositionAggregateLoss' xlink:to='loc_HeldtomaturitySecuritiesContinuousUnrealizedLossPositionLessThan12MonthsAggregateLoss' xlink:type='arc' />
<link:calculationArc order='20' weight='1.0' xlink:arcrole='http://www.xbrl.org/2003/arcrole/summation-item' xlink:from='loc_HeldtomaturitySecuritiesContinuousUnrealizedLossPositionAggregateLoss' xlink:to='loc_HeldtomaturitySecuritiesContinuousUnrealizedLossPosition12MonthsOrLongerAggregateLoss' xlink:type='arc' />
<link:calculationArc order='10' weight='1.0' xlink:arcrole='http://www.xbrl.org/2003/arcrole/summation-item' xlink:from='loc_HeldToMaturitySecuritiesContinuousUnrealizedLossPositionFairValue' xlink:to='loc_HeldToMaturitySecuritiesContinuousUnrealizedLossPositionLessThanTwelveMonthsFairValue' xlink:type='arc' />
<link:calculationArc order='20' weight='1.0' xlink:arcrole='http://www.xbrl.org/2003/arcrole/summation-item' xlink:from='loc_HeldToMaturitySecuritiesContinuousUnrealizedLossPositionFairValue' xlink:to='loc_HeldToMaturitySecuritiesContinuousUnrealizedLossPositionTwelveMonthsOrLongerFairValue' xlink:type='arc' />
<link:calculationArc order='10' weight='1.0' xlink:arcrole='http://www.xbrl.org/2003/arcrole/summation-item' xlink:from='loc_HeldToMaturitySecuritiesGrossGainsLossesDerivatives' xlink:to='loc_HeldToMaturitySecuritiesGrossGainsDerivatives' xlink:type='arc' />
<link:calculationArc order='20' weight='-1.0' xlink:arcrole='http://www.xbrl.org/2003/arcrole/summation-item' xlink:from='loc_HeldToMaturitySecuritiesGrossGainsLossesDerivatives' xlink:to='loc_HeldToMaturitySecuritiesGrossLossesDerivatives' xlink:type='arc' />
<link:calculationArc order='10' weight='1.0' xlink:arcrole='http://www.xbrl.org/2003/arcrole/summation-item' xlink:from='loc_HeldToMaturitySecuritiesTransferredSecurityUnrealizedGainLoss' xlink:to='loc_HeldToMaturitySecuritiesTransferredToTradingSecuritiesUnrealizedGainLoss' xlink:type='arc' />
<link:calculationArc order='20' weight='1.0' xlink:arcrole='http://www.xbrl.org/2003/arcrole/summation-item' xlink:from='loc_HeldToMaturitySecuritiesTransferredSecurityUnrealizedGainLoss' xlink:to='loc_HeldToMaturitySecuritiesTransferredToAvailableForSaleSecuritiesUnrealizedGainLoss' xlink:type='arc' />
<link:calculationArc order='10' weight='1.0' xlink:arcrole='http://www.xbrl.org/2003/arcrole/summation-item' xlink:from='loc_InterestAndDividendIncomeSecurities' xlink:to='loc_DividendIncomeOperating' xlink:type='arc' />
<link:calculationArc order='20' weight='1.0' xlink:arcrole='http://www.xbrl.org/2003/arcrole/summation-item' xlink:from='loc_InterestAndDividendIncomeSecurities' xlink:to='loc_InterestIncomeOperating' xlink:type='arc' />
<link:calculationArc order='10' weight='1.0' xlink:arcrole='http://www.xbrl.org/2003/arcrole/summation-item' xlink:from='loc_LifeSettlementContractsFairValueMethodCarryingAmount' xlink:to='loc_LifeSettlementContractsFairValueMaturingInNextTwelveMonths' xlink:type='arc' />
<link:calculationArc order='20' weight='1.0' xlink:arcrole='http://www.xbrl.org/2003/arcrole/summation-item' xlink:from='loc_LifeSettlementContractsFairValueMethodCarryingAmount' xlink:to='loc_LifeSettlementContractsFairValueMaturingInYearTwo' xlink:type='arc' />
<link:calculationArc order='30' weight='1.0' xlink:arcrole='http://www.xbrl.org/2003/arcrole/summation-item' xlink:from='loc_LifeSettlementContractsFairValueMethodCarryingAmount' xlink:to='loc_LifeSettlementContractsFairValueMaturingInYearThree' xlink:type='arc' />
<link:calculationArc order='40' weight='1.0' xlink:arcrole='http://www.xbrl.org/2003/arcrole/summation-item' xlink:from='loc_LifeSettlementContractsFairValueMethodCarryingAmount' xlink:to='loc_LifeSettlementContractsFairValueMaturingInYearFour' xlink:type='arc' />
<link:calculationArc order='50' weight='1.0' xlink:arcrole='http://www.xbrl.org/2003/arcrole/summation-item' xlink:from='loc_LifeSettlementContractsFairValueMethodCarryingAmount' xlink:to='loc_LifeSettlementContractsFairValueMaturingInYearFive' xlink:type='arc' />
<link:calculationArc order='60' weight='1.0' xlink:arcrole='http://www.xbrl.org/2003/arcrole/summation-item' xlink:from='loc_LifeSettlementContractsFairValueMethodCarryingAmount' xlink:to='loc_LifeSettlementContractsFairValueMaturingAfterYearFive' xlink:type='arc' />
<link:calculationArc order='10' weight='1.0' xlink:arcrole='http://www.xbrl.org/2003/arcrole/summation-item' xlink:from='loc_LifeSettlementContractsFairValueMethodFaceValue' xlink:to='loc_LifeSettlementContractsFairValueMethodFaceValueMaturingInNextTwelveMonths' xlink:type='arc' />
<link:calculationArc order='20' weight='1.0' xlink:arcrole='http://www.xbrl.org/2003/arcrole/summation-item' xlink:from='loc_LifeSettlementContractsFairValueMethodFaceValue' xlink:to='loc_LifeSettlementContractsFairValueMethodFaceValueMaturingInYearTwo' xlink:type='arc' />
<link:calculationArc order='30' weight='1.0' xlink:arcrole='http://www.xbrl.org/2003/arcrole/summation-item' xlink:from='loc_LifeSettlementContractsFairValueMethodFaceValue' xlink:to='loc_LifeSettlementContractsFairValueMethodFaceValueMaturingInYearThree' xlink:type='arc' />
<link:calculationArc order='40' weight='1.0' xlink:arcrole='http://www.xbrl.org/2003/arcrole/summation-item' xlink:from='loc_LifeSettlementContractsFairValueMethodFaceValue' xlink:to='loc_LifeSettlementContractsFairValueMethodFaceValueMaturingInYearFour' xlink:type='arc' />
<link:calculationArc order='50' weight='1.0' xlink:arcrole='http://www.xbrl.org/2003/arcrole/summation-item' xlink:from='loc_LifeSettlementContractsFairValueMethodFaceValue' xlink:to='loc_LifeSettlementContractsFairValueMethodFaceValueMaturingInYearFive' xlink:type='arc' />
<link:calculationArc order='60' weight='1.0' xlink:arcrole='http://www.xbrl.org/2003/arcrole/summation-item' xlink:from='loc_LifeSettlementContractsFairValueMethodFaceValue' xlink:to='loc_LifeSettlementContractsFairValueMethodFaceValueMaturingAfterYearFive' xlink:type='arc' />
<link:calculationArc order='10' weight='1.0' xlink:arcrole='http://www.xbrl.org/2003/arcrole/summation-item' xlink:from='loc_LifeSettlementContractsFairValueMethodNumberOfContracts' xlink:to='loc_LifeSettlementContractsFairValueMethodNumberOfContractsMaturingInNextTwelveMonths' xlink:type='arc' />
<link:calculationArc order='20' weight='1.0' xlink:arcrole='http://www.xbrl.org/2003/arcrole/summation-item' xlink:from='loc_LifeSettlementContractsFairValueMethodNumberOfContracts' xlink:to='loc_LifeSettlementContractsFairValueMethodNumberOfContractsMaturingInYearTwo' xlink:type='arc' />
<link:calculationArc order='30' weight='1.0' xlink:arcrole='http://www.xbrl.org/2003/arcrole/summation-item' xlink:from='loc_LifeSettlementContractsFairValueMethodNumberOfContracts' xlink:to='loc_LifeSettlementContractsFairValueMethodNumberOfContractsMaturingInYearThree' xlink:type='arc' />
<link:calculationArc order='40' weight='1.0' xlink:arcrole='http://www.xbrl.org/2003/arcrole/summation-item' xlink:from='loc_LifeSettlementContractsFairValueMethodNumberOfContracts' xlink:to='loc_LifeSettlementContractsFairValueMethodNumberOfContractsMaturingInYearFour' xlink:type='arc' />
<link:calculationArc order='50' weight='1.0' xlink:arcrole='http://www.xbrl.org/2003/arcrole/summation-item' xlink:from='loc_LifeSettlementContractsFairValueMethodNumberOfContracts' xlink:to='loc_LifeSettlementContractsFairValueMethodNumberOfContractsMaturingInYearFive' xlink:type='arc' />
<link:calculationArc order='60' weight='1.0' xlink:arcrole='http://www.xbrl.org/2003/arcrole/summation-item' xlink:from='loc_LifeSettlementContractsFairValueMethodNumberOfContracts' xlink:to='loc_LifeSettlementContractsFairValueMethodNumberOfContractsMaturingAfterYearFive' xlink:type='arc' />
<link:calculationArc order='10' weight='1.0' xlink:arcrole='http://www.xbrl.org/2003/arcrole/summation-item' xlink:from='loc_LifeSettlementContractsInvestmentMethodCarryingAmount' xlink:to='loc_LifeSettlementContractsInvestmentMethodCarryingAmountMaturingInNextTwelveMonths' xlink:type='arc' />
<link:calculationArc order='20' weight='1.0' xlink:arcrole='http://www.xbrl.org/2003/arcrole/summation-item' xlink:from='loc_LifeSettlementContractsInvestmentMethodCarryingAmount' xlink:to='loc_LifeSettlementContractsInvestmentMethodCarryingAmountMaturingInYearTwo' xlink:type='arc' />
<link:calculationArc order='30' weight='1.0' xlink:arcrole='http://www.xbrl.org/2003/arcrole/summation-item' xlink:from='loc_LifeSettlementContractsInvestmentMethodCarryingAmount' xlink:to='loc_LifeSettlementContractsInvestmentMethodCarryingAmountMaturingInYearThree' xlink:type='arc' />
<link:calculationArc order='40' weight='1.0' xlink:arcrole='http://www.xbrl.org/2003/arcrole/summation-item' xlink:from='loc_LifeSettlementContractsInvestmentMethodCarryingAmount' xlink:to='loc_LifeSettlementContractsInvestmentMethodCarryingAmountMaturingInYearFour' xlink:type='arc' />
<link:calculationArc order='50' weight='1.0' xlink:arcrole='http://www.xbrl.org/2003/arcrole/summation-item' xlink:from='loc_LifeSettlementContractsInvestmentMethodCarryingAmount' xlink:to='loc_LifeSettlementContractsInvestmentMethodCarryingAmountMaturingInYearFive' xlink:type='arc' />
<link:calculationArc order='60' weight='1.0' xlink:arcrole='http://www.xbrl.org/2003/arcrole/summation-item' xlink:from='loc_LifeSettlementContractsInvestmentMethodCarryingAmount' xlink:to='loc_LifeSettlementContractsInvestmentMethodCarryingAmountMaturingAfterYearFive' xlink:type='arc' />
<link:calculationArc order='10' weight='1.0' xlink:arcrole='http://www.xbrl.org/2003/arcrole/summation-item' xlink:from='loc_LifeSettlementContractsInvestmentMethodFaceValue' xlink:to='loc_LifeSettlementContractsInvestmentMethodFaceValueMaturingInNextTwelveMonths' xlink:type='arc' />
<link:calculationArc order='20' weight='1.0' xlink:arcrole='http://www.xbrl.org/2003/arcrole/summation-item' xlink:from='loc_LifeSettlementContractsInvestmentMethodFaceValue' xlink:to='loc_LifeSettlementContractsInvestmentMethodFaceValueMaturingInYearTwo' xlink:type='arc' />
<link:calculationArc order='30' weight='1.0' xlink:arcrole='http://www.xbrl.org/2003/arcrole/summation-item' xlink:from='loc_LifeSettlementContractsInvestmentMethodFaceValue' xlink:to='loc_LifeSettlementContractsInvestmentMethodFaceValueMaturingInYearThree' xlink:type='arc' />
<link:calculationArc order='40' weight='1.0' xlink:arcrole='http://www.xbrl.org/2003/arcrole/summation-item' xlink:from='loc_LifeSettlementContractsInvestmentMethodFaceValue' xlink:to='loc_LifeSettlementContractsInvestmentMethodFaceValueMaturingInYearFour' xlink:type='arc' />
<link:calculationArc order='50' weight='1.0' xlink:arcrole='http://www.xbrl.org/2003/arcrole/summation-item' xlink:from='loc_LifeSettlementContractsInvestmentMethodFaceValue' xlink:to='loc_LifeSettlementContractsInvestmentMethodFaceValueMaturingInYearFive' xlink:type='arc' />
<link:calculationArc order='60' weight='1.0' xlink:arcrole='http://www.xbrl.org/2003/arcrole/summation-item' xlink:from='loc_LifeSettlementContractsInvestmentMethodFaceValue' xlink:to='loc_LifeSettlementContractsInvestmentMethodFaceValueMaturingAfterYearFive' xlink:type='arc' />
<link:calculationArc order='10' weight='1.0' xlink:arcrole='http://www.xbrl.org/2003/arcrole/summation-item' xlink:from='loc_LifeSettlementContractsInvestmentMethodNumberOfContracts' xlink:to='loc_LifeSettlementContractsInvestmentMethodNumberOfContractsMaturingInNextRollingTwelveMonths' xlink:type='arc' />
<link:calculationArc order='20' weight='1.0' xlink:arcrole='http://www.xbrl.org/2003/arcrole/summation-item' xlink:from='loc_LifeSettlementContractsInvestmentMethodNumberOfContracts' xlink:to='loc_LifeSettlementContractsInvestmentMethodNumberOfContractsMaturingInRollingYearTwo' xlink:type='arc' />
<link:calculationArc order='30' weight='1.0' xlink:arcrole='http://www.xbrl.org/2003/arcrole/summation-item' xlink:from='loc_LifeSettlementContractsInvestmentMethodNumberOfContracts' xlink:to='loc_LifeSettlementContractsInvestmentMethodNumberOfContractsMaturingInRollingYearThree' xlink:type='arc' />
<link:calculationArc order='40' weight='1.0' xlink:arcrole='http://www.xbrl.org/2003/arcrole/summation-item' xlink:from='loc_LifeSettlementContractsInvestmentMethodNumberOfContracts' xlink:to='loc_LifeSettlementContractsInvestmentMethodNumberOfContractsMaturingInRollingYearFour' xlink:type='arc' />
<link:calculationArc order='50' weight='1.0' xlink:arcrole='http://www.xbrl.org/2003/arcrole/summation-item' xlink:from='loc_LifeSettlementContractsInvestmentMethodNumberOfContracts' xlink:to='loc_LifeSettlementContractsInvestmentMethodNumberOfContractsMaturingInRollingYearFive' xlink:type='arc' />
<link:calculationArc order='60' weight='1.0' xlink:arcrole='http://www.xbrl.org/2003/arcrole/summation-item' xlink:from='loc_LifeSettlementContractsInvestmentMethodNumberOfContracts' xlink:to='loc_LifeSettlementContractsInvestmentMethodNumberOfContractsMaturingAfterRollingYearFive' xlink:type='arc' />
<link:calculationArc order='10' weight='1.0' xlink:arcrole='http://www.xbrl.org/2003/arcrole/summation-item' xlink:from='loc_LifeSettlementContractsInvestmentMethodFiveYearDisclosurePremiumsToBePaid' xlink:to='loc_LifeSettlementContractsInvestmentMethodPremiumsToBePaidInNextTwelveMonths' xlink:type='arc' />
<link:calculationArc order='20' weight='1.0' xlink:arcrole='http://www.xbrl.org/2003/arcrole/summation-item' xlink:from='loc_LifeSettlementContractsInvestmentMethodFiveYearDisclosurePremiumsToBePaid' xlink:to='loc_LifeSettlementContractsInvestmentMethodPremiumsToBePaidInYearTwo' xlink:type='arc' />
<link:calculationArc order='30' weight='1.0' xlink:arcrole='http://www.xbrl.org/2003/arcrole/summation-item' xlink:from='loc_LifeSettlementContractsInvestmentMethodFiveYearDisclosurePremiumsToBePaid' xlink:to='loc_LifeSettlementContractsInvestmentMethodPremiumsToBePaidInYearThree' xlink:type='arc' />
<link:calculationArc order='40' weight='1.0' xlink:arcrole='http://www.xbrl.org/2003/arcrole/summation-item' xlink:from='loc_LifeSettlementContractsInvestmentMethodFiveYearDisclosurePremiumsToBePaid' xlink:to='loc_LifeSettlementContractsInvestmentMethodPremiumsToBePaidInYearFour' xlink:type='arc' />
<link:calculationArc order='50' weight='1.0' xlink:arcrole='http://www.xbrl.org/2003/arcrole/summation-item' xlink:from='loc_LifeSettlementContractsInvestmentMethodFiveYearDisclosurePremiumsToBePaid' xlink:to='loc_LifeSettlementContractsInvestmentMethodPremiumsToBePaidInYearFive' xlink:type='arc' />
<link:calculationArc order='60' weight='1.0' xlink:arcrole='http://www.xbrl.org/2003/arcrole/summation-item' xlink:from='loc_LifeSettlementContractsInvestmentMethodFiveYearDisclosurePremiumsToBePaid' xlink:to='loc_LifeSettlementContractsInvestmentMethodPremiumsToBePaidAfterYearFive' xlink:type='arc' />
<link:calculationArc order='10' weight='1.0' xlink:arcrole='http://www.xbrl.org/2003/arcrole/summation-item' xlink:from='loc_ImpairmentOfInvestments' xlink:to='loc_OtherThanTemporaryImpairmentLossesInvestmentsPortionInOtherComprehensiveIncomeLossBeforeTaxIncludingPortionAttributableToNoncontrollingInterest' xlink:type='arc' />
<link:calculationArc order='20' weight='1.0' xlink:arcrole='http://www.xbrl.org/2003/arcrole/summation-item' xlink:from='loc_ImpairmentOfInvestments' xlink:to='loc_OtherThanTemporaryImpairmentLossesInvestmentsPortionRecognizedInEarningsNet' xlink:type='arc' />
<link:calculationArc order='10' weight='1.0' xlink:arcrole='http://www.xbrl.org/2003/arcrole/summation-item' xlink:from='loc_OtherThanTemporaryImpairmentLossesInvestmentsPortionRecognizedInEarningsNet' xlink:to='loc_OtherThanTemporaryImpairmentLossesInvestmentsPortionRecognizedInEarningsNetAvailableforsaleSecurities' xlink:type='arc' />
<link:calculationArc order='20' weight='1.0' xlink:arcrole='http://www.xbrl.org/2003/arcrole/summation-item' xlink:from='loc_OtherThanTemporaryImpairmentLossesInvestmentsPortionRecognizedInEarningsNet' xlink:to='loc_OtherThanTemporaryImpairmentLossesInvestmentsPortionRecognizedInEarningsNetHeldtomaturitySecurities' xlink:type='arc' />
<link:calculationArc order='30' weight='1.0' xlink:arcrole='http://www.xbrl.org/2003/arcrole/summation-item' xlink:from='loc_OtherThanTemporaryImpairmentLossesInvestmentsPortionRecognizedInEarningsNet' xlink:to='loc_CostmethodInvestmentsOtherThanTemporaryImpairment' xlink:type='arc' />
</link:calculationLink>
</link:linkbase>
