<?xml version='1.0' encoding='UTF-8'?>

<!--
(c) XBRL US, Inc. 2007-2010; Financial Accounting Foundation, Inc. 2010-2016.  All Rights Reserved.
Notice: Authorized Uses are Set Forth at http://xbrl.fasb.org/terms/TaxonomiesTermsConditions.html
  -->
<link:linkbase xmlns:link='http://www.xbrl.org/2003/linkbase' xmlns:xbrldt='http://xbrl.org/2005/xbrldt' xmlns:xlink='http://www.w3.org/1999/xlink' xmlns:xsi='http://www.w3.org/2001/XMLSchema-instance' xsi:schemaLocation='http://www.xbrl.org/2003/linkbase http://www.xbrl.org/2003/xbrl-linkbase-2003-12-31.xsd'>
<link:roleRef roleURI='http://fasb.org/us-gaap/role/disclosure/FinancialServicesFederalHomeLoanBanks' xlink:href='../elts/us-roles-2016-01-31.xsd#fs-fhlb' xlink:type='simple' />
<link:presentationLink xlink:role='http://fasb.org/us-gaap/role/disclosure/FinancialServicesFederalHomeLoanBanks' xlink:type='extended'>
<link:loc xlink:href='../elts/us-gaap-2016-01-31.xsd#us-gaap_AffordableHousingProgramRollForward' xlink:label='loc_AffordableHousingProgramRollForward' xlink:type='locator' />
<link:loc xlink:href='../elts/us-gaap-2016-01-31.xsd#us-gaap_AffordableHousingProgramObligation' xlink:label='loc_AffordableHousingProgramObligation' xlink:type='locator' />
<link:loc xlink:href='../elts/us-gaap-2016-01-31.xsd#us-gaap_AffordableHousingProgramAssessments' xlink:label='loc_AffordableHousingProgramAssessments' xlink:type='locator' />
<link:loc xlink:href='../elts/us-gaap-2016-01-31.xsd#us-gaap_PaymentsForAffordableHousingPrograms' xlink:label='loc_PaymentsForAffordableHousingPrograms' xlink:type='locator' />
<link:loc xlink:href='../elts/us-gaap-2016-01-31.xsd#us-gaap_AffordableHousingProgramObligationPeriodIncreaseDecrease' xlink:label='loc_AffordableHousingProgramObligationPeriodIncreaseDecrease' xlink:type='locator' />
<link:loc xlink:href='../elts/us-gaap-2016-01-31.xsd#us-gaap_AffordableHousingProgramObligation' xlink:label='loc_AffordableHousingProgramObligation_1' xlink:type='locator' />
<link:loc xlink:href='../elts/us-gaap-2016-01-31.xsd#us-gaap_FederalHomeLoanBankAssessmentsAbstract' xlink:label='loc_FederalHomeLoanBankAssessmentsAbstract' xlink:type='locator' />
<link:loc xlink:href='../elts/us-gaap-2016-01-31.xsd#us-gaap_CongressionallyMandatedFederalHomeLoanBankAssessments' xlink:label='loc_CongressionallyMandatedFederalHomeLoanBankAssessments' xlink:type='locator' />
<link:loc xlink:href='../elts/us-gaap-2016-01-31.xsd#us-gaap_FederalHomeLoanBankAssessments' xlink:label='loc_FederalHomeLoanBankAssessments' xlink:type='locator' />
<link:loc xlink:href='../elts/us-gaap-2016-01-31.xsd#us-gaap_FederalHomeLoanBankAdvancesLineItems' xlink:label='loc_FederalHomeLoanBankAdvancesLineItems' xlink:type='locator' />
<link:loc xlink:href='../elts/us-gaap-2016-01-31.xsd#us-gaap_FederalHomeLoanBankAdvancesMaturityPeriodFixedRate' xlink:label='loc_FederalHomeLoanBankAdvancesMaturityPeriodFixedRate' xlink:type='locator' />
<link:loc xlink:href='../elts/us-gaap-2016-01-31.xsd#us-gaap_FederalHomeLoanBankAdvancesMaturityPeriodVariableRate' xlink:label='loc_FederalHomeLoanBankAdvancesMaturityPeriodVariableRate' xlink:type='locator' />
<link:loc xlink:href='../elts/us-gaap-2016-01-31.xsd#us-gaap_FederalHomeLoanBankAdvancesInterestRate' xlink:label='loc_FederalHomeLoanBankAdvancesInterestRate' xlink:type='locator' />
<link:loc xlink:href='../elts/us-gaap-2016-01-31.xsd#us-gaap_FederalHomeLoanBankAdvancesParValue' xlink:label='loc_FederalHomeLoanBankAdvancesParValue' xlink:type='locator' />
<link:loc xlink:href='../elts/us-gaap-2016-01-31.xsd#us-gaap_FederalHomeLoanBankAdvancesTable' xlink:label='loc_FederalHomeLoanBankAdvancesTable' xlink:type='locator' />
<link:loc xlink:href='../elts/us-gaap-2016-01-31.xsd#us-gaap_FederalHomeLoanBankAdvancesOptionAxis' xlink:label='loc_FederalHomeLoanBankAdvancesOptionAxis' xlink:type='locator' />
<link:loc xlink:href='../elts/us-gaap-2016-01-31.xsd#us-gaap_RangeAxis' xlink:label='loc_RangeAxis' xlink:type='locator' />
<link:loc xlink:href='../elts/us-gaap-2016-01-31.xsd#us-gaap_FederalHomeLoanBankAdvancesEarlierOfContractualMaturityOrNextCallDateRollingYearParValueAbstract' xlink:label='loc_FederalHomeLoanBankAdvancesEarlierOfContractualMaturityOrNextCallDateRollingYearParValueAbstract' xlink:type='locator' />
<link:loc xlink:href='../elts/us-gaap-2016-01-31.xsd#us-gaap_DepositLiabilitiesReclassifiedAsLoansReceivable1' xlink:label='loc_DepositLiabilitiesReclassifiedAsLoansReceivable1' xlink:type='locator' />
<link:loc xlink:href='../elts/us-gaap-2016-01-31.xsd#us-gaap_FederalHomeLoanBankAdvancesEarlierOfContractualMaturityOrNextCallDateInNextRollingTwelveMonths' xlink:label='loc_FederalHomeLoanBankAdvancesEarlierOfContractualMaturityOrNextCallDateInNextRollingTwelveMonths' xlink:type='locator' />
<link:loc xlink:href='../elts/us-gaap-2016-01-31.xsd#us-gaap_FederalHomeLoanBankAdvancesEarlierOfContractualMaturityOrNextCallDateInRollingYearTwo' xlink:label='loc_FederalHomeLoanBankAdvancesEarlierOfContractualMaturityOrNextCallDateInRollingYearTwo' xlink:type='locator' />
<link:loc xlink:href='../elts/us-gaap-2016-01-31.xsd#us-gaap_FederalHomeLoanBankAdvancesEarlierOfContractualMaturityOrNextCallDateInRollingYearThree' xlink:label='loc_FederalHomeLoanBankAdvancesEarlierOfContractualMaturityOrNextCallDateInRollingYearThree' xlink:type='locator' />
<link:loc xlink:href='../elts/us-gaap-2016-01-31.xsd#us-gaap_FederalHomeLoanBankAdvancesEarlierOfContractualMaturityOrNextCallDateInRollingYearFour' xlink:label='loc_FederalHomeLoanBankAdvancesEarlierOfContractualMaturityOrNextCallDateInRollingYearFour' xlink:type='locator' />
<link:loc xlink:href='../elts/us-gaap-2016-01-31.xsd#us-gaap_FederalHomeLoanBankAdvancesEarlierOfContractualMaturityOrNextCallDateInRollingYearFive' xlink:label='loc_FederalHomeLoanBankAdvancesEarlierOfContractualMaturityOrNextCallDateInRollingYearFive' xlink:type='locator' />
<link:loc xlink:href='../elts/us-gaap-2016-01-31.xsd#us-gaap_FederalHomeLoanBankAdvancesEarlierOfContractualMaturityOrNextCallDateAfterRollingYearFive' xlink:label='loc_FederalHomeLoanBankAdvancesEarlierOfContractualMaturityOrNextCallDateAfterRollingYearFive' xlink:type='locator' />
<link:loc xlink:href='../elts/us-gaap-2016-01-31.xsd#us-gaap_FederalHomeLoanBankAdvancesIndexAmortizing' xlink:label='loc_FederalHomeLoanBankAdvancesIndexAmortizing' xlink:type='locator' />
<link:loc xlink:href='../elts/us-gaap-2016-01-31.xsd#us-gaap_FederalHomeLoanBankAdvancesEarlierOfContractualMaturityOrNextPutOrConvertDateRollingYearParValueAbstract' xlink:label='loc_FederalHomeLoanBankAdvancesEarlierOfContractualMaturityOrNextPutOrConvertDateRollingYearParValueAbstract' xlink:type='locator' />
<link:loc xlink:href='../elts/us-gaap-2016-01-31.xsd#us-gaap_FederalHomeLoanBankAdvancesEarlierOfContractualMaturityOrNextPutOrConvertDateInNextRollingTwelveMonths' xlink:label='loc_FederalHomeLoanBankAdvancesEarlierOfContractualMaturityOrNextPutOrConvertDateInNextRollingTwelveMonths' xlink:type='locator' />
<link:loc xlink:href='../elts/us-gaap-2016-01-31.xsd#us-gaap_FederalHomeLoanBankAdvancesEarlierOfContractualMaturityOrNextPutOrConvertDateInRollingYearTwo' xlink:label='loc_FederalHomeLoanBankAdvancesEarlierOfContractualMaturityOrNextPutOrConvertDateInRollingYearTwo' xlink:type='locator' />
<link:loc xlink:href='../elts/us-gaap-2016-01-31.xsd#us-gaap_FederalHomeLoanBankAdvancesEarlierOfContractualMaturityOrNextPutOrConvertDateInRollingYearThree' xlink:label='loc_FederalHomeLoanBankAdvancesEarlierOfContractualMaturityOrNextPutOrConvertDateInRollingYearThree' xlink:type='locator' />
<link:loc xlink:href='../elts/us-gaap-2016-01-31.xsd#us-gaap_FederalHomeLoanBankAdvancesEarlierOfContractualMaturityOrNextPutOrConvertDateInRollingYearFour' xlink:label='loc_FederalHomeLoanBankAdvancesEarlierOfContractualMaturityOrNextPutOrConvertDateInRollingYearFour' xlink:type='locator' />
<link:loc xlink:href='../elts/us-gaap-2016-01-31.xsd#us-gaap_FederalHomeLoanBankAdvancesEarlierOfContractualMaturityOrNextPutOrConvertDateInRollingYearFive' xlink:label='loc_FederalHomeLoanBankAdvancesEarlierOfContractualMaturityOrNextPutOrConvertDateInRollingYearFive' xlink:type='locator' />
<link:loc xlink:href='../elts/us-gaap-2016-01-31.xsd#us-gaap_FederalHomeLoanBankAdvancesEarlierOfContractualMaturityOrNextPutOrConvertDateAfterRollingYearFive' xlink:label='loc_FederalHomeLoanBankAdvancesEarlierOfContractualMaturityOrNextPutOrConvertDateAfterRollingYearFive' xlink:type='locator' />
<link:loc xlink:href='../elts/us-gaap-2016-01-31.xsd#us-gaap_FederalHomeLoanBankAdvancesFixedRateAbstract' xlink:label='loc_FederalHomeLoanBankAdvancesFixedRateAbstract' xlink:type='locator' />
<link:loc xlink:href='../elts/us-gaap-2016-01-31.xsd#us-gaap_FederalHomeLoanBankAdvancesFixedRateUnderOneYear' xlink:label='loc_FederalHomeLoanBankAdvancesFixedRateUnderOneYear' xlink:type='locator' />
<link:loc xlink:href='../elts/us-gaap-2016-01-31.xsd#us-gaap_FederalHomeLoanBankAdvancesFixedRateAfterOneYear' xlink:label='loc_FederalHomeLoanBankAdvancesFixedRateAfterOneYear' xlink:type='locator' />
<link:loc xlink:href='../elts/us-gaap-2016-01-31.xsd#us-gaap_FederalHomeLoanBankAdvancesFixedRate' xlink:label='loc_FederalHomeLoanBankAdvancesFixedRate' xlink:type='locator' />
<link:loc xlink:href='../elts/us-gaap-2016-01-31.xsd#us-gaap_FederalHomeLoanBankAdvancesFloatingRateAbstract' xlink:label='loc_FederalHomeLoanBankAdvancesFloatingRateAbstract' xlink:type='locator' />
<link:loc xlink:href='../elts/us-gaap-2016-01-31.xsd#us-gaap_FederalHomeLoanBankAdvancesFloatingRateUnderOneYear' xlink:label='loc_FederalHomeLoanBankAdvancesFloatingRateUnderOneYear' xlink:type='locator' />
<link:loc xlink:href='../elts/us-gaap-2016-01-31.xsd#us-gaap_FederalHomeLoanBankAdvancesFloatingRateAfterOneYear' xlink:label='loc_FederalHomeLoanBankAdvancesFloatingRateAfterOneYear' xlink:type='locator' />
<link:loc xlink:href='../elts/us-gaap-2016-01-31.xsd#us-gaap_FederalHomeLoanBankAdvancesFloatingRate' xlink:label='loc_FederalHomeLoanBankAdvancesFloatingRate' xlink:type='locator' />
<link:loc xlink:href='../elts/us-gaap-2016-01-31.xsd#us-gaap_FederalHomeLoanBankAdvancesMaturityRollingYearAbstract' xlink:label='loc_FederalHomeLoanBankAdvancesMaturityRollingYearAbstract' xlink:type='locator' />
<link:loc xlink:href='../elts/us-gaap-2016-01-31.xsd#us-gaap_FederalHomeLoanBankAdvancesMaturityRollingYearParValueAbstract' xlink:label='loc_FederalHomeLoanBankAdvancesMaturityRollingYearParValueAbstract' xlink:type='locator' />
<link:loc xlink:href='../elts/us-gaap-2016-01-31.xsd#us-gaap_FederalHomeLoanBankAdvancesCommitmentFees' xlink:label='loc_FederalHomeLoanBankAdvancesCommitmentFees' xlink:type='locator' />
<link:loc xlink:href='../elts/us-gaap-2016-01-31.xsd#us-gaap_FederalHomeLoanBankAdvancesDiscountOnAffordableHousingProgram' xlink:label='loc_FederalHomeLoanBankAdvancesDiscountOnAffordableHousingProgram' xlink:type='locator' />
<link:loc xlink:href='../elts/us-gaap-2016-01-31.xsd#us-gaap_FederalHomeLoanBankAdvancesPremium' xlink:label='loc_FederalHomeLoanBankAdvancesPremium' xlink:type='locator' />
<link:loc xlink:href='../elts/us-gaap-2016-01-31.xsd#us-gaap_FederalHomeLoanBankAdvancesDiscount' xlink:label='loc_FederalHomeLoanBankAdvancesDiscount' xlink:type='locator' />
<link:loc xlink:href='../elts/us-gaap-2016-01-31.xsd#us-gaap_FederalHomeLoanBankAdvancesValuationAdjustmentsForHedgingActivities' xlink:label='loc_FederalHomeLoanBankAdvancesValuationAdjustmentsForHedgingActivities' xlink:type='locator' />
<link:loc xlink:href='../elts/us-gaap-2016-01-31.xsd#us-gaap_FederalHomeLoanBankAdvancesValuationAdjustmentsUnderFairValueOption' xlink:label='loc_FederalHomeLoanBankAdvancesValuationAdjustmentsUnderFairValueOption' xlink:type='locator' />
<link:loc xlink:href='../elts/us-gaap-2016-01-31.xsd#us-gaap_FederalHomeLoanBankAdvances' xlink:label='loc_FederalHomeLoanBankAdvances' xlink:type='locator' />
<link:loc xlink:href='../elts/us-gaap-2016-01-31.xsd#us-gaap_FederalHomeLoanBankAdvancesMaturitiesSummaryInNextRollingTwelveMonths' xlink:label='loc_FederalHomeLoanBankAdvancesMaturitiesSummaryInNextRollingTwelveMonths' xlink:type='locator' />
<link:loc xlink:href='../elts/us-gaap-2016-01-31.xsd#us-gaap_FederalHomeLoanBankAdvancesMaturitiesSummaryInRollingYearTwo' xlink:label='loc_FederalHomeLoanBankAdvancesMaturitiesSummaryInRollingYearTwo' xlink:type='locator' />
<link:loc xlink:href='../elts/us-gaap-2016-01-31.xsd#us-gaap_FederalHomeLoanBankAdvancesMaturitiesSummaryInRollingYearThree' xlink:label='loc_FederalHomeLoanBankAdvancesMaturitiesSummaryInRollingYearThree' xlink:type='locator' />
<link:loc xlink:href='../elts/us-gaap-2016-01-31.xsd#us-gaap_FederalHomeLoanBankAdvancesMaturitiesSummaryInRollingYearFour' xlink:label='loc_FederalHomeLoanBankAdvancesMaturitiesSummaryInRollingYearFour' xlink:type='locator' />
<link:loc xlink:href='../elts/us-gaap-2016-01-31.xsd#us-gaap_FederalHomeLoanBankAdvancesMaturitiesSummaryInRollingYearFive' xlink:label='loc_FederalHomeLoanBankAdvancesMaturitiesSummaryInRollingYearFive' xlink:type='locator' />
<link:loc xlink:href='../elts/us-gaap-2016-01-31.xsd#us-gaap_FederalHomeLoanBankAdvancesMaturitiesSummaryAfterRollingYearFive' xlink:label='loc_FederalHomeLoanBankAdvancesMaturitiesSummaryAfterRollingYearFive' xlink:type='locator' />
<link:loc xlink:href='../elts/us-gaap-2016-01-31.xsd#us-gaap_FederalHomeLoanBankAdvancesOptionDomain' xlink:label='loc_FederalHomeLoanBankAdvancesOptionDomain' xlink:type='locator' />
<link:loc xlink:href='../elts/us-gaap-2016-01-31.xsd#us-gaap_FederalHomeLoanBankAdvancesCallableOptionMember' xlink:label='loc_FederalHomeLoanBankAdvancesCallableOptionMember' xlink:type='locator' />
<link:loc xlink:href='../elts/us-gaap-2016-01-31.xsd#us-gaap_FederalHomeLoanBankAdvancesPutableOptionMember' xlink:label='loc_FederalHomeLoanBankAdvancesPutableOptionMember' xlink:type='locator' />
<link:loc xlink:href='../elts/us-gaap-2016-01-31.xsd#us-gaap_FederalHomeLoanBankAdvancesConvertibleOptionMember' xlink:label='loc_FederalHomeLoanBankAdvancesConvertibleOptionMember' xlink:type='locator' />
<link:loc xlink:href='../elts/us-gaap-2016-01-31.xsd#us-gaap_FederalHomeLoanBankAdvancesWeightedAverageInterestRateAbstract' xlink:label='loc_FederalHomeLoanBankAdvancesWeightedAverageInterestRateAbstract' xlink:type='locator' />
<link:loc xlink:href='../elts/us-gaap-2016-01-31.xsd#us-gaap_WeightedAverageInterestRateOnOverdrawnDemandDeposit' xlink:label='loc_WeightedAverageInterestRateOnOverdrawnDemandDeposit' xlink:type='locator' />
<link:loc xlink:href='../elts/us-gaap-2016-01-31.xsd#us-gaap_FederalHomeLoanBankAdvancesWeightedAverageInterestRateRollingYearAbstract' xlink:label='loc_FederalHomeLoanBankAdvancesWeightedAverageInterestRateRollingYearAbstract' xlink:type='locator' />
<link:loc xlink:href='../elts/us-gaap-2016-01-31.xsd#us-gaap_FederalHomeLoanBankAdvancesWeightedAverageInterestRateIndexAmortizing' xlink:label='loc_FederalHomeLoanBankAdvancesWeightedAverageInterestRateIndexAmortizing' xlink:type='locator' />
<link:loc xlink:href='../elts/us-gaap-2016-01-31.xsd#us-gaap_FederalHomeLoanBankAdvancesWeightedAverageInterestRate' xlink:label='loc_FederalHomeLoanBankAdvancesWeightedAverageInterestRate' xlink:type='locator' />
<link:loc xlink:href='../elts/us-gaap-2016-01-31.xsd#us-gaap_FederalHomeLoanBankAdvancesWeightedAverageInterestRateMaturingInNextTwelveRollingMonths' xlink:label='loc_FederalHomeLoanBankAdvancesWeightedAverageInterestRateMaturingInNextTwelveRollingMonths' xlink:type='locator' />
<link:loc xlink:href='../elts/us-gaap-2016-01-31.xsd#us-gaap_FederalHomeLoanBankAdvancesWeightedAverageInterestRateMaturingInRollingYearTwo' xlink:label='loc_FederalHomeLoanBankAdvancesWeightedAverageInterestRateMaturingInRollingYearTwo' xlink:type='locator' />
<link:loc xlink:href='../elts/us-gaap-2016-01-31.xsd#us-gaap_FederalHomeLoanBankAdvancesWeightedAverageInterestRateMaturingInRollingYearThree' xlink:label='loc_FederalHomeLoanBankAdvancesWeightedAverageInterestRateMaturingInRollingYearThree' xlink:type='locator' />
<link:loc xlink:href='../elts/us-gaap-2016-01-31.xsd#us-gaap_FederalHomeLoanBankAdvancesWeightedAverageInterestRateMaturingInRollingYearFour' xlink:label='loc_FederalHomeLoanBankAdvancesWeightedAverageInterestRateMaturingInRollingYearFour' xlink:type='locator' />
<link:loc xlink:href='../elts/us-gaap-2016-01-31.xsd#us-gaap_FederalHomeLoanBankAdvancesWeightedAverageInterestRateMaturingInRollingYearFive' xlink:label='loc_FederalHomeLoanBankAdvancesWeightedAverageInterestRateMaturingInRollingYearFive' xlink:type='locator' />
<link:loc xlink:href='../elts/us-gaap-2016-01-31.xsd#us-gaap_FederalHomeLoanBankAdvancesWeightedAverageInterestRateMaturingAfterRollingYearFive' xlink:label='loc_FederalHomeLoanBankAdvancesWeightedAverageInterestRateMaturingAfterRollingYearFive' xlink:type='locator' />
<link:loc xlink:href='../elts/us-gaap-2016-01-31.xsd#us-gaap_FederalHomeLoanBankAdvancesByInterestRateTypeAbstract' xlink:label='loc_FederalHomeLoanBankAdvancesByInterestRateTypeAbstract' xlink:type='locator' />
<link:loc xlink:href='../elts/us-gaap-2016-01-31.xsd#us-gaap_FederalHomeLoanBankConsolidatedObligationsAbstract' xlink:label='loc_FederalHomeLoanBankConsolidatedObligationsAbstract' xlink:type='locator' />
<link:loc xlink:href='../elts/us-gaap-2016-01-31.xsd#us-gaap_FederalHomeLoanBankConsolidatedObligationsBonds' xlink:label='loc_FederalHomeLoanBankConsolidatedObligationsBonds' xlink:type='locator' />
<link:loc xlink:href='../elts/us-gaap-2016-01-31.xsd#us-gaap_FederalHomeLoanBankConsolidatedObligationsDiscountNotes' xlink:label='loc_FederalHomeLoanBankConsolidatedObligationsDiscountNotes' xlink:type='locator' />
<link:loc xlink:href='../elts/us-gaap-2016-01-31.xsd#us-gaap_FederalHomeLoanBankConsolidatedObligations' xlink:label='loc_FederalHomeLoanBankConsolidatedObligations' xlink:type='locator' />
<link:loc xlink:href='../elts/us-gaap-2016-01-31.xsd#us-gaap_FederalHomeLoanBanksAbstract' xlink:label='loc_FederalHomeLoanBanksAbstract' xlink:type='locator' />
<link:loc xlink:href='../elts/us-gaap-2016-01-31.xsd#us-gaap_IncomeStatementAbstract' xlink:label='loc_IncomeStatementAbstract' xlink:type='locator' />
<link:loc xlink:href='../elts/us-gaap-2016-01-31.xsd#us-gaap_StatementOfStockholdersEquityAbstract' xlink:label='loc_StatementOfStockholdersEquityAbstract' xlink:type='locator' />
<link:loc xlink:href='../elts/us-gaap-2016-01-31.xsd#us-gaap_StatementOfCashFlowsAbstract' xlink:label='loc_StatementOfCashFlowsAbstract' xlink:type='locator' />
<link:loc xlink:href='../elts/us-gaap-2016-01-31.xsd#us-gaap_StatementOfFinancialPositionAbstract' xlink:label='loc_StatementOfFinancialPositionAbstract' xlink:type='locator' />
<link:loc xlink:href='../elts/us-gaap-2016-01-31.xsd#us-gaap_LongTermCommitmentExcludingUnconditionalPurchaseObligationAbstract' xlink:label='loc_LongTermCommitmentExcludingUnconditionalPurchaseObligationAbstract' xlink:type='locator' />
<link:loc xlink:href='../elts/us-gaap-2016-01-31.xsd#us-gaap_FederalHomeLoanBankAdvancesTextBlock' xlink:label='loc_FederalHomeLoanBankAdvancesTextBlock' xlink:type='locator' />
<link:loc xlink:href='../elts/us-gaap-2016-01-31.xsd#us-gaap_FederalHomeLoanBankAdvancesTableTextBlock' xlink:label='loc_FederalHomeLoanBankAdvancesTableTextBlock' xlink:type='locator' />
<link:loc xlink:href='../elts/us-gaap-2016-01-31.xsd#us-gaap_FederalHomeLoanBankAdvancesInterestRateOnAffordableHousingProgramSubsidizedLoans' xlink:label='loc_FederalHomeLoanBankAdvancesInterestRateOnAffordableHousingProgramSubsidizedLoans' xlink:type='locator' />
<link:loc xlink:href='../elts/us-gaap-2016-01-31.xsd#us-gaap_FederalHomeLoanBankAdvancesOutstandingGreaterThanOneBillionDollarsPerBorrowerAmount' xlink:label='loc_FederalHomeLoanBankAdvancesOutstandingGreaterThanOneBillionDollarsPerBorrowerAmount' xlink:type='locator' />
<link:loc xlink:href='../elts/us-gaap-2016-01-31.xsd#us-gaap_FederalHomeLoanBankAdvancesOutstandingGreaterThanOneBillionDollarsPerBorrowerNumberOfBorrowers' xlink:label='loc_FederalHomeLoanBankAdvancesOutstandingGreaterThanOneBillionDollarsPerBorrowerNumberOfBorrowers' xlink:type='locator' />
<link:loc xlink:href='../elts/us-gaap-2016-01-31.xsd#us-gaap_FederalHomeLoanBankAdvancesOutstandingGreaterThanOneBillionDollarsPerBorrowerPercent' xlink:label='loc_FederalHomeLoanBankAdvancesOutstandingGreaterThanOneBillionDollarsPerBorrowerPercent' xlink:type='locator' />
<link:loc xlink:href='../elts/us-gaap-2016-01-31.xsd#us-gaap_AffordableHousingProgramTextBlock' xlink:label='loc_AffordableHousingProgramTextBlock' xlink:type='locator' />
<link:loc xlink:href='../elts/us-gaap-2016-01-31.xsd#us-gaap_ScheduleOfActivityInAffordableHousingProgramObligationTableTextBlock' xlink:label='loc_ScheduleOfActivityInAffordableHousingProgramObligationTableTextBlock' xlink:type='locator' />
<link:loc xlink:href='../elts/us-gaap-2016-01-31.xsd#us-gaap_FederalHomeLoanBankAdvancesAffordableHousingProgramPrincipalOutstanding' xlink:label='loc_FederalHomeLoanBankAdvancesAffordableHousingProgramPrincipalOutstanding' xlink:type='locator' />
<link:loc xlink:href='../elts/us-gaap-2016-01-31.xsd#us-gaap_StockholdersEquityNoteDisclosureTextBlock' xlink:label='loc_StockholdersEquityNoteDisclosureTextBlock' xlink:type='locator' />
<link:loc xlink:href='../elts/us-gaap-2016-01-31.xsd#us-gaap_ScheduleOfComplianceWithRegulatoryCapitalRequirementsUnderBankingRegulationsTextBlock' xlink:label='loc_ScheduleOfComplianceWithRegulatoryCapitalRequirementsUnderBankingRegulationsTextBlock' xlink:type='locator' />
<link:loc xlink:href='../elts/us-gaap-2016-01-31.xsd#us-gaap_FederalHomeLoanBankRiskBasedCapitalRequired' xlink:label='loc_FederalHomeLoanBankRiskBasedCapitalRequired' xlink:type='locator' />
<link:loc xlink:href='../elts/us-gaap-2016-01-31.xsd#us-gaap_FederalHomeLoanBankRegulatoryCapitalRequired' xlink:label='loc_FederalHomeLoanBankRegulatoryCapitalRequired' xlink:type='locator' />
<link:loc xlink:href='../elts/us-gaap-2016-01-31.xsd#us-gaap_FederalHomeLoanBankLeverageCapitalRequired' xlink:label='loc_FederalHomeLoanBankLeverageCapitalRequired' xlink:type='locator' />
<link:loc xlink:href='../elts/us-gaap-2016-01-31.xsd#us-gaap_FederalHomeLoanBankRiskBasedCapitalActual' xlink:label='loc_FederalHomeLoanBankRiskBasedCapitalActual' xlink:type='locator' />
<link:loc xlink:href='../elts/us-gaap-2016-01-31.xsd#us-gaap_FederalHomeLoanBankRegulatoryCapitalRatioActual' xlink:label='loc_FederalHomeLoanBankRegulatoryCapitalRatioActual' xlink:type='locator' />
<link:loc xlink:href='../elts/us-gaap-2016-01-31.xsd#us-gaap_FederalHomeLoanBankRegulatoryCapitalActual' xlink:label='loc_FederalHomeLoanBankRegulatoryCapitalActual' xlink:type='locator' />
<link:loc xlink:href='../elts/us-gaap-2016-01-31.xsd#us-gaap_FederalHomeLoanBankLeverageRatioActual1' xlink:label='loc_FederalHomeLoanBankLeverageRatioActual1' xlink:type='locator' />
<link:loc xlink:href='../elts/us-gaap-2016-01-31.xsd#us-gaap_FederalHomeLoanBankLeverageCapitalActual' xlink:label='loc_FederalHomeLoanBankLeverageCapitalActual' xlink:type='locator' />
<link:loc xlink:href='../elts/us-gaap-2016-01-31.xsd#us-gaap_MandatorilyRedeemableCapitalStockTableTextBlock' xlink:label='loc_MandatorilyRedeemableCapitalStockTableTextBlock' xlink:type='locator' />
<link:loc xlink:href='../elts/us-gaap-2016-01-31.xsd#us-gaap_SharesSubjectToMandatoryRedemptionSettlementTermsAmountAbstract' xlink:label='loc_SharesSubjectToMandatoryRedemptionSettlementTermsAmountAbstract' xlink:type='locator' />
<link:loc xlink:href='../elts/us-gaap-2016-01-31.xsd#us-gaap_FinancialInstrumentsSubjectToMandatoryRedemptionNumberOfStockholders1' xlink:label='loc_FinancialInstrumentsSubjectToMandatoryRedemptionNumberOfStockholders1' xlink:type='locator' />
<link:loc xlink:href='../elts/us-gaap-2016-01-31.xsd#us-gaap_FinancialInstrumentsSubjectToMandatoryRedemptionRedeemableWithinOneYear' xlink:label='loc_FinancialInstrumentsSubjectToMandatoryRedemptionRedeemableWithinOneYear' xlink:type='locator' />
<link:loc xlink:href='../elts/us-gaap-2016-01-31.xsd#us-gaap_FinancialInstrumentsSubjectToMandatoryRedemptionRedeemableInYearTwo' xlink:label='loc_FinancialInstrumentsSubjectToMandatoryRedemptionRedeemableInYearTwo' xlink:type='locator' />
<link:loc xlink:href='../elts/us-gaap-2016-01-31.xsd#us-gaap_FinancialInstrumentsSubjectToMandatoryRedemptionRedeemableInYearThree' xlink:label='loc_FinancialInstrumentsSubjectToMandatoryRedemptionRedeemableInYearThree' xlink:type='locator' />
<link:loc xlink:href='../elts/us-gaap-2016-01-31.xsd#us-gaap_FinancialInstrumentsSubjectToMandatoryRedemptionRedeemableInYearFour' xlink:label='loc_FinancialInstrumentsSubjectToMandatoryRedemptionRedeemableInYearFour' xlink:type='locator' />
<link:loc xlink:href='../elts/us-gaap-2016-01-31.xsd#us-gaap_FinancialInstrumentsSubjectToMandatoryRedemptionRedeemableInYearFive' xlink:label='loc_FinancialInstrumentsSubjectToMandatoryRedemptionRedeemableInYearFive' xlink:type='locator' />
<link:loc xlink:href='../elts/us-gaap-2016-01-31.xsd#us-gaap_FinancialInstrumentsSubjectToMandatoryRedemptionPastContractualRedemptionDateDueToOutstandingActivity' xlink:label='loc_FinancialInstrumentsSubjectToMandatoryRedemptionPastContractualRedemptionDateDueToOutstandingActivity' xlink:type='locator' />
<link:loc xlink:href='../elts/us-gaap-2016-01-31.xsd#us-gaap_FinancialInstrumentsSubjectToMandatoryRedemptionPastContractualRedemptionDateDueToRegulatoryAction' xlink:label='loc_FinancialInstrumentsSubjectToMandatoryRedemptionPastContractualRedemptionDateDueToRegulatoryAction' xlink:type='locator' />
<link:loc xlink:href='../elts/us-gaap-2016-01-31.xsd#us-gaap_SharesSubjectToMandatoryRedemptionSettlementTermsAmount' xlink:label='loc_SharesSubjectToMandatoryRedemptionSettlementTermsAmount' xlink:type='locator' />
<link:loc xlink:href='../elts/us-gaap-2016-01-31.xsd#us-gaap_InterestIncomeFederalHomeLoanBankAdvances' xlink:label='loc_InterestIncomeFederalHomeLoanBankAdvances' xlink:type='locator' />
<link:loc xlink:href='../elts/us-gaap-2016-01-31.xsd#us-gaap_PrepaymentFeesOnAdvancesNet' xlink:label='loc_PrepaymentFeesOnAdvancesNet' xlink:type='locator' />
<link:loc xlink:href='../elts/us-gaap-2016-01-31.xsd#us-gaap_InterestIncomeDepositsWithOtherFederalHomeLoanBanks' xlink:label='loc_InterestIncomeDepositsWithOtherFederalHomeLoanBanks' xlink:type='locator' />
<link:loc xlink:href='../elts/us-gaap-2016-01-31.xsd#us-gaap_InterestIncomeLoansToOtherFederalHomeLoanBanks' xlink:label='loc_InterestIncomeLoansToOtherFederalHomeLoanBanks' xlink:type='locator' />
<link:loc xlink:href='../elts/us-gaap-2016-01-31.xsd#us-gaap_InterestExpenseDepositsFromOtherFederalHomeLoanBanks' xlink:label='loc_InterestExpenseDepositsFromOtherFederalHomeLoanBanks' xlink:type='locator' />
<link:loc xlink:href='../elts/us-gaap-2016-01-31.xsd#us-gaap_InterestExpenseLoansFromOtherFederalHomeLoanBanks' xlink:label='loc_InterestExpenseLoansFromOtherFederalHomeLoanBanks' xlink:type='locator' />
<link:loc xlink:href='../elts/us-gaap-2016-01-31.xsd#us-gaap_RegulatorExpensesCostAssessedOnFederalHomeLoanBank' xlink:label='loc_RegulatorExpensesCostAssessedOnFederalHomeLoanBank' xlink:type='locator' />
<link:loc xlink:href='../elts/us-gaap-2016-01-31.xsd#us-gaap_OfficeOfFinanceAssessmentsCostAssessedOnFederalHomeLoanBank' xlink:label='loc_OfficeOfFinanceAssessmentsCostAssessedOnFederalHomeLoanBank' xlink:type='locator' />
<link:loc xlink:href='../elts/us-gaap-2016-01-31.xsd#us-gaap_NetIncomeLossAttributableToParentNetOfFederalHomeLoanBankAssessments' xlink:label='loc_NetIncomeLossAttributableToParentNetOfFederalHomeLoanBankAssessments' xlink:type='locator' />
<link:loc xlink:href='../elts/us-gaap-2016-01-31.xsd#us-gaap_StandbyBondPurchaseCommitmentExpirationPeriod' xlink:label='loc_StandbyBondPurchaseCommitmentExpirationPeriod' xlink:type='locator' />
<link:loc xlink:href='../elts/us-gaap-2016-01-31.xsd#us-gaap_RangeMember' xlink:label='loc_RangeMember' xlink:type='locator' />
<link:loc xlink:href='../elts/us-gaap-2016-01-31.xsd#us-gaap_MaximumMember' xlink:label='loc_MaximumMember' xlink:type='locator' />
<link:loc xlink:href='../elts/us-gaap-2016-01-31.xsd#us-gaap_MinimumMember' xlink:label='loc_MinimumMember' xlink:type='locator' />
<link:loc xlink:href='../elts/us-gaap-2016-01-31.xsd#us-gaap_WeightedAverageMember' xlink:label='loc_WeightedAverageMember' xlink:type='locator' />
<link:loc xlink:href='../elts/us-gaap-2016-01-31.xsd#us-gaap_IncreaseDecreaseInDepositsWithOtherFederalHomeLoanBanks' xlink:label='loc_IncreaseDecreaseInDepositsWithOtherFederalHomeLoanBanks' xlink:type='locator' />
<link:loc xlink:href='../elts/us-gaap-2016-01-31.xsd#us-gaap_IncreaseDecreaseInFairValueAdjustmentsOnAssetsAndLiabilitiesCarriedAtFairValueUnderFairValueOption' xlink:label='loc_IncreaseDecreaseInFairValueAdjustmentsOnAssetsAndLiabilitiesCarriedAtFairValueUnderFairValueOption' xlink:type='locator' />
<link:loc xlink:href='../elts/us-gaap-2016-01-31.xsd#us-gaap_IncreaseDecreaseInLoansToFederalHomeLoanBanks' xlink:label='loc_IncreaseDecreaseInLoansToFederalHomeLoanBanks' xlink:type='locator' />
<link:loc xlink:href='../elts/us-gaap-2016-01-31.xsd#us-gaap_ProceedsFromFederalHomeLoanBankAdvances' xlink:label='loc_ProceedsFromFederalHomeLoanBankAdvances' xlink:type='locator' />
<link:loc xlink:href='../elts/us-gaap-2016-01-31.xsd#us-gaap_PaymentsForFederalHomeLoanBankAdvances' xlink:label='loc_PaymentsForFederalHomeLoanBankAdvances' xlink:type='locator' />
<link:loc xlink:href='../elts/us-gaap-2016-01-31.xsd#us-gaap_IncreaseDecreaseInDepositsFromOtherFederalHomeLoanBanks' xlink:label='loc_IncreaseDecreaseInDepositsFromOtherFederalHomeLoanBanks' xlink:type='locator' />
<link:loc xlink:href='../elts/us-gaap-2016-01-31.xsd#us-gaap_IncreaseDecreaseInLoansFromOtherFederalHomeLoanBanks' xlink:label='loc_IncreaseDecreaseInLoansFromOtherFederalHomeLoanBanks' xlink:type='locator' />
<link:loc xlink:href='../elts/us-gaap-2016-01-31.xsd#us-gaap_ProceedsFromBondsTransferredFromOtherOtherFederalHomeLoanBanks' xlink:label='loc_ProceedsFromBondsTransferredFromOtherOtherFederalHomeLoanBanks' xlink:type='locator' />
<link:loc xlink:href='../elts/us-gaap-2016-01-31.xsd#us-gaap_PaymentsForBondsTransferredToOtherOtherFederalHomeLoanBanks' xlink:label='loc_PaymentsForBondsTransferredToOtherOtherFederalHomeLoanBanks' xlink:type='locator' />
<link:loc xlink:href='../elts/us-gaap-2016-01-31.xsd#us-gaap_PaymentsForCongressionallyMandatedFederalHomeLoanBankAssessments' xlink:label='loc_PaymentsForCongressionallyMandatedFederalHomeLoanBankAssessments' xlink:type='locator' />
<link:loc xlink:href='../elts/us-gaap-2016-01-31.xsd#us-gaap_PaymentsForProceedsFromAvailableforsaleSecuritiesShortterm' xlink:label='loc_PaymentsForProceedsFromAvailableforsaleSecuritiesShortterm' xlink:type='locator' />
<link:loc xlink:href='../elts/us-gaap-2016-01-31.xsd#us-gaap_ProceedsFromPaymentsForTradingSecurities' xlink:label='loc_ProceedsFromPaymentsForTradingSecurities' xlink:type='locator' />
<link:loc xlink:href='../elts/us-gaap-2016-01-31.xsd#us-gaap_PaymentsForProceedsFromHeldtomaturitySecuritiesShortterm' xlink:label='loc_PaymentsForProceedsFromHeldtomaturitySecuritiesShortterm' xlink:type='locator' />
<link:loc xlink:href='../elts/us-gaap-2016-01-31.xsd#us-gaap_DepositsWithOtherFederalHomeLoanBanks' xlink:label='loc_DepositsWithOtherFederalHomeLoanBanks' xlink:type='locator' />
<link:loc xlink:href='../elts/us-gaap-2016-01-31.xsd#us-gaap_AverageCollectedCashBalancesWithCommercialBanksFederalHomeLoanBank' xlink:label='loc_AverageCollectedCashBalancesWithCommercialBanksFederalHomeLoanBank' xlink:type='locator' />
<link:loc xlink:href='../elts/us-gaap-2016-01-31.xsd#us-gaap_CashPassThroughReserveFederalHomeLoanBank' xlink:label='loc_CashPassThroughReserveFederalHomeLoanBank' xlink:type='locator' />
<link:loc xlink:href='../elts/us-gaap-2016-01-31.xsd#us-gaap_AdvancesFairValueDisclosure' xlink:label='loc_AdvancesFairValueDisclosure' xlink:type='locator' />
<link:loc xlink:href='../elts/us-gaap-2016-01-31.xsd#us-gaap_LoansToOtherFederalHomeLoanBanks' xlink:label='loc_LoansToOtherFederalHomeLoanBanks' xlink:type='locator' />
<link:loc xlink:href='../elts/us-gaap-2016-01-31.xsd#us-gaap_LoansFromOtherFederalHomeLoanBanks' xlink:label='loc_LoansFromOtherFederalHomeLoanBanks' xlink:type='locator' />
<link:loc xlink:href='../elts/us-gaap-2016-01-31.xsd#us-gaap_PayablesForCongressionallyMandatedAssessments' xlink:label='loc_PayablesForCongressionallyMandatedAssessments' xlink:type='locator' />
<link:loc xlink:href='../elts/us-gaap-2016-01-31.xsd#us-gaap_AccumulatedOtherComprehensiveIncomeLossBeforeFederalHomeLoanBankAssessments' xlink:label='loc_AccumulatedOtherComprehensiveIncomeLossBeforeFederalHomeLoanBankAssessments' xlink:type='locator' />
<link:loc xlink:href='../elts/us-gaap-2016-01-31.xsd#us-gaap_NetSharesReclassifiedToMandatorilyRedeemableCapitalStockValue' xlink:label='loc_NetSharesReclassifiedToMandatorilyRedeemableCapitalStockValue' xlink:type='locator' />
<link:loc xlink:href='../elts/us-gaap-2016-01-31.xsd#us-gaap_NetSharesReclassifiedToMandatorilyRedeemableCapitalStockShares' xlink:label='loc_NetSharesReclassifiedToMandatorilyRedeemableCapitalStockShares' xlink:type='locator' />
<link:loc xlink:href='../elts/us-gaap-2016-01-31.xsd#us-gaap_OtherThanTemporaryImpairmentLossesInvestmentsReclassificationAdjustmentOfNoncreditPortionIncludedInNetIncomeHeldtomaturitySecuritiesBeforeTax' xlink:label='loc_OtherThanTemporaryImpairmentLossesInvestmentsReclassificationAdjustmentOfNoncreditPortionIncludedInNetIncomeHeldtomaturitySecuritiesBeforeTax' xlink:type='locator' />
<link:loc xlink:href='../elts/us-gaap-2016-01-31.xsd#us-gaap_OtherThanTemporaryImpairmentLossesInvestmentsReclassificationAdjustmentOfNoncreditPortionIncludedInNetIncomeAvailabeforsaleSecuritiesBeforeTax' xlink:label='loc_OtherThanTemporaryImpairmentLossesInvestmentsReclassificationAdjustmentOfNoncreditPortionIncludedInNetIncomeAvailabeforsaleSecuritiesBeforeTax' xlink:type='locator' />
<link:loc xlink:href='../elts/us-gaap-2016-01-31.xsd#us-gaap_OtherThanTemporaryImpairmentLossesInvestmentsReclassificationAdjustmentOfNoncreditPortionFromHeldtomaturityToAvailableforsaleSecuritiesBeforeTax' xlink:label='loc_OtherThanTemporaryImpairmentLossesInvestmentsReclassificationAdjustmentOfNoncreditPortionFromHeldtomaturityToAvailableforsaleSecuritiesBeforeTax' xlink:type='locator' />
<link:loc xlink:href='../elts/us-gaap-2016-01-31.xsd#us-gaap_OtherThanTemporaryImpairmentLossesInvestmentsAccretionOfNoncreditPortionHeldtomaturitySecuritiesBeforeTax' xlink:label='loc_OtherThanTemporaryImpairmentLossesInvestmentsAccretionOfNoncreditPortionHeldtomaturitySecuritiesBeforeTax' xlink:type='locator' />
<link:loc xlink:href='../elts/us-gaap-2016-01-31.xsd#us-gaap_ComprehensiveIncomeLossNetOfFederalHomeLoanBankAssessmentsAttributableToParent' xlink:label='loc_ComprehensiveIncomeLossNetOfFederalHomeLoanBankAssessmentsAttributableToParent' xlink:type='locator' />
<link:presentationArc order='10' preferredLabel='http://www.xbrl.org/2003/role/periodStartLabel' xlink:arcrole='http://www.xbrl.org/2003/arcrole/parent-child' xlink:from='loc_AffordableHousingProgramRollForward' xlink:to='loc_AffordableHousingProgramObligation' xlink:type='arc' />
<link:presentationArc order='20' xlink:arcrole='http://www.xbrl.org/2003/arcrole/parent-child' xlink:from='loc_AffordableHousingProgramRollForward' xlink:to='loc_AffordableHousingProgramAssessments' xlink:type='arc' />
<link:presentationArc order='30' xlink:arcrole='http://www.xbrl.org/2003/arcrole/parent-child' xlink:from='loc_AffordableHousingProgramRollForward' xlink:to='loc_PaymentsForAffordableHousingPrograms' xlink:type='arc' />
<link:presentationArc order='40' preferredLabel='http://www.xbrl.org/2003/role/totalLabel' xlink:arcrole='http://www.xbrl.org/2003/arcrole/parent-child' xlink:from='loc_AffordableHousingProgramRollForward' xlink:to='loc_AffordableHousingProgramObligationPeriodIncreaseDecrease' xlink:type='arc' />
<link:presentationArc order='50' preferredLabel='http://www.xbrl.org/2003/role/periodEndLabel' xlink:arcrole='http://www.xbrl.org/2003/arcrole/parent-child' xlink:from='loc_AffordableHousingProgramRollForward' xlink:to='loc_AffordableHousingProgramObligation_1' xlink:type='arc' />
<link:presentationArc order='10' xlink:arcrole='http://www.xbrl.org/2003/arcrole/parent-child' xlink:from='loc_FederalHomeLoanBankAssessmentsAbstract' xlink:to='loc_AffordableHousingProgramAssessments' xlink:type='arc' />
<link:presentationArc order='20' xlink:arcrole='http://www.xbrl.org/2003/arcrole/parent-child' xlink:from='loc_FederalHomeLoanBankAssessmentsAbstract' xlink:to='loc_CongressionallyMandatedFederalHomeLoanBankAssessments' xlink:type='arc' />
<link:presentationArc order='30' preferredLabel='http://www.xbrl.org/2003/role/totalLabel' xlink:arcrole='http://www.xbrl.org/2003/arcrole/parent-child' xlink:from='loc_FederalHomeLoanBankAssessmentsAbstract' xlink:to='loc_FederalHomeLoanBankAssessments' xlink:type='arc' />
<link:presentationArc order='10' xlink:arcrole='http://www.xbrl.org/2003/arcrole/parent-child' xlink:from='loc_FederalHomeLoanBankAdvancesLineItems' xlink:to='loc_FederalHomeLoanBankAdvancesMaturityPeriodFixedRate' xlink:type='arc' />
<link:presentationArc order='20' xlink:arcrole='http://www.xbrl.org/2003/arcrole/parent-child' xlink:from='loc_FederalHomeLoanBankAdvancesLineItems' xlink:to='loc_FederalHomeLoanBankAdvancesMaturityPeriodVariableRate' xlink:type='arc' />
<link:presentationArc order='30' xlink:arcrole='http://www.xbrl.org/2003/arcrole/parent-child' xlink:from='loc_FederalHomeLoanBankAdvancesLineItems' xlink:to='loc_FederalHomeLoanBankAdvancesInterestRate' xlink:type='arc' />
<link:presentationArc order='40' xlink:arcrole='http://www.xbrl.org/2003/arcrole/parent-child' xlink:from='loc_FederalHomeLoanBankAdvancesLineItems' xlink:to='loc_FederalHomeLoanBankAdvancesParValue' xlink:type='arc' />
<link:presentationArc order='10' xlink:arcrole='http://www.xbrl.org/2003/arcrole/parent-child' xlink:from='loc_FederalHomeLoanBankAdvancesTable' xlink:to='loc_FederalHomeLoanBankAdvancesOptionAxis' xlink:type='arc' />
<link:presentationArc order='20' xlink:arcrole='http://www.xbrl.org/2003/arcrole/parent-child' xlink:from='loc_FederalHomeLoanBankAdvancesTable' xlink:to='loc_RangeAxis' xlink:type='arc' />
<link:presentationArc order='30' xlink:arcrole='http://www.xbrl.org/2003/arcrole/parent-child' xlink:from='loc_FederalHomeLoanBankAdvancesTable' xlink:to='loc_FederalHomeLoanBankAdvancesLineItems' xlink:type='arc' />
<link:presentationArc order='10' xlink:arcrole='http://www.xbrl.org/2003/arcrole/parent-child' xlink:from='loc_FederalHomeLoanBankAdvancesEarlierOfContractualMaturityOrNextCallDateRollingYearParValueAbstract' xlink:to='loc_DepositLiabilitiesReclassifiedAsLoansReceivable1' xlink:type='arc' />
<link:presentationArc order='20' xlink:arcrole='http://www.xbrl.org/2003/arcrole/parent-child' xlink:from='loc_FederalHomeLoanBankAdvancesEarlierOfContractualMaturityOrNextCallDateRollingYearParValueAbstract' xlink:to='loc_FederalHomeLoanBankAdvancesEarlierOfContractualMaturityOrNextCallDateInNextRollingTwelveMonths' xlink:type='arc' />
<link:presentationArc order='30' xlink:arcrole='http://www.xbrl.org/2003/arcrole/parent-child' xlink:from='loc_FederalHomeLoanBankAdvancesEarlierOfContractualMaturityOrNextCallDateRollingYearParValueAbstract' xlink:to='loc_FederalHomeLoanBankAdvancesEarlierOfContractualMaturityOrNextCallDateInRollingYearTwo' xlink:type='arc' />
<link:presentationArc order='40' xlink:arcrole='http://www.xbrl.org/2003/arcrole/parent-child' xlink:from='loc_FederalHomeLoanBankAdvancesEarlierOfContractualMaturityOrNextCallDateRollingYearParValueAbstract' xlink:to='loc_FederalHomeLoanBankAdvancesEarlierOfContractualMaturityOrNextCallDateInRollingYearThree' xlink:type='arc' />
<link:presentationArc order='50' xlink:arcrole='http://www.xbrl.org/2003/arcrole/parent-child' xlink:from='loc_FederalHomeLoanBankAdvancesEarlierOfContractualMaturityOrNextCallDateRollingYearParValueAbstract' xlink:to='loc_FederalHomeLoanBankAdvancesEarlierOfContractualMaturityOrNextCallDateInRollingYearFour' xlink:type='arc' />
<link:presentationArc order='60' xlink:arcrole='http://www.xbrl.org/2003/arcrole/parent-child' xlink:from='loc_FederalHomeLoanBankAdvancesEarlierOfContractualMaturityOrNextCallDateRollingYearParValueAbstract' xlink:to='loc_FederalHomeLoanBankAdvancesEarlierOfContractualMaturityOrNextCallDateInRollingYearFive' xlink:type='arc' />
<link:presentationArc order='70' xlink:arcrole='http://www.xbrl.org/2003/arcrole/parent-child' xlink:from='loc_FederalHomeLoanBankAdvancesEarlierOfContractualMaturityOrNextCallDateRollingYearParValueAbstract' xlink:to='loc_FederalHomeLoanBankAdvancesEarlierOfContractualMaturityOrNextCallDateAfterRollingYearFive' xlink:type='arc' />
<link:presentationArc order='80' xlink:arcrole='http://www.xbrl.org/2003/arcrole/parent-child' xlink:from='loc_FederalHomeLoanBankAdvancesEarlierOfContractualMaturityOrNextCallDateRollingYearParValueAbstract' xlink:to='loc_FederalHomeLoanBankAdvancesIndexAmortizing' xlink:type='arc' />
<link:presentationArc order='90' preferredLabel='http://www.xbrl.org/2003/role/totalLabel' xlink:arcrole='http://www.xbrl.org/2003/arcrole/parent-child' xlink:from='loc_FederalHomeLoanBankAdvancesEarlierOfContractualMaturityOrNextCallDateRollingYearParValueAbstract' xlink:to='loc_FederalHomeLoanBankAdvancesParValue' xlink:type='arc' />
<link:presentationArc order='10' xlink:arcrole='http://www.xbrl.org/2003/arcrole/parent-child' xlink:from='loc_FederalHomeLoanBankAdvancesEarlierOfContractualMaturityOrNextPutOrConvertDateRollingYearParValueAbstract' xlink:to='loc_DepositLiabilitiesReclassifiedAsLoansReceivable1' xlink:type='arc' />
<link:presentationArc order='20' xlink:arcrole='http://www.xbrl.org/2003/arcrole/parent-child' xlink:from='loc_FederalHomeLoanBankAdvancesEarlierOfContractualMaturityOrNextPutOrConvertDateRollingYearParValueAbstract' xlink:to='loc_FederalHomeLoanBankAdvancesEarlierOfContractualMaturityOrNextPutOrConvertDateInNextRollingTwelveMonths' xlink:type='arc' />
<link:presentationArc order='30' xlink:arcrole='http://www.xbrl.org/2003/arcrole/parent-child' xlink:from='loc_FederalHomeLoanBankAdvancesEarlierOfContractualMaturityOrNextPutOrConvertDateRollingYearParValueAbstract' xlink:to='loc_FederalHomeLoanBankAdvancesEarlierOfContractualMaturityOrNextPutOrConvertDateInRollingYearTwo' xlink:type='arc' />
<link:presentationArc order='40' xlink:arcrole='http://www.xbrl.org/2003/arcrole/parent-child' xlink:from='loc_FederalHomeLoanBankAdvancesEarlierOfContractualMaturityOrNextPutOrConvertDateRollingYearParValueAbstract' xlink:to='loc_FederalHomeLoanBankAdvancesEarlierOfContractualMaturityOrNextPutOrConvertDateInRollingYearThree' xlink:type='arc' />
<link:presentationArc order='50' xlink:arcrole='http://www.xbrl.org/2003/arcrole/parent-child' xlink:from='loc_FederalHomeLoanBankAdvancesEarlierOfContractualMaturityOrNextPutOrConvertDateRollingYearParValueAbstract' xlink:to='loc_FederalHomeLoanBankAdvancesEarlierOfContractualMaturityOrNextPutOrConvertDateInRollingYearFour' xlink:type='arc' />
<link:presentationArc order='60' xlink:arcrole='http://www.xbrl.org/2003/arcrole/parent-child' xlink:from='loc_FederalHomeLoanBankAdvancesEarlierOfContractualMaturityOrNextPutOrConvertDateRollingYearParValueAbstract' xlink:to='loc_FederalHomeLoanBankAdvancesEarlierOfContractualMaturityOrNextPutOrConvertDateInRollingYearFive' xlink:type='arc' />
<link:presentationArc order='70' xlink:arcrole='http://www.xbrl.org/2003/arcrole/parent-child' xlink:from='loc_FederalHomeLoanBankAdvancesEarlierOfContractualMaturityOrNextPutOrConvertDateRollingYearParValueAbstract' xlink:to='loc_FederalHomeLoanBankAdvancesEarlierOfContractualMaturityOrNextPutOrConvertDateAfterRollingYearFive' xlink:type='arc' />
<link:presentationArc order='80' xlink:arcrole='http://www.xbrl.org/2003/arcrole/parent-child' xlink:from='loc_FederalHomeLoanBankAdvancesEarlierOfContractualMaturityOrNextPutOrConvertDateRollingYearParValueAbstract' xlink:to='loc_FederalHomeLoanBankAdvancesIndexAmortizing' xlink:type='arc' />
<link:presentationArc order='90' preferredLabel='http://www.xbrl.org/2003/role/totalLabel' xlink:arcrole='http://www.xbrl.org/2003/arcrole/parent-child' xlink:from='loc_FederalHomeLoanBankAdvancesEarlierOfContractualMaturityOrNextPutOrConvertDateRollingYearParValueAbstract' xlink:to='loc_FederalHomeLoanBankAdvancesParValue' xlink:type='arc' />
<link:presentationArc order='10' xlink:arcrole='http://www.xbrl.org/2003/arcrole/parent-child' xlink:from='loc_FederalHomeLoanBankAdvancesFixedRateAbstract' xlink:to='loc_FederalHomeLoanBankAdvancesFixedRateUnderOneYear' xlink:type='arc' />
<link:presentationArc order='20' xlink:arcrole='http://www.xbrl.org/2003/arcrole/parent-child' xlink:from='loc_FederalHomeLoanBankAdvancesFixedRateAbstract' xlink:to='loc_FederalHomeLoanBankAdvancesFixedRateAfterOneYear' xlink:type='arc' />
<link:presentationArc order='30' preferredLabel='http://www.xbrl.org/2003/role/totalLabel' xlink:arcrole='http://www.xbrl.org/2003/arcrole/parent-child' xlink:from='loc_FederalHomeLoanBankAdvancesFixedRateAbstract' xlink:to='loc_FederalHomeLoanBankAdvancesFixedRate' xlink:type='arc' />
<link:presentationArc order='10' xlink:arcrole='http://www.xbrl.org/2003/arcrole/parent-child' xlink:from='loc_FederalHomeLoanBankAdvancesFloatingRateAbstract' xlink:to='loc_FederalHomeLoanBankAdvancesFloatingRateUnderOneYear' xlink:type='arc' />
<link:presentationArc order='20' xlink:arcrole='http://www.xbrl.org/2003/arcrole/parent-child' xlink:from='loc_FederalHomeLoanBankAdvancesFloatingRateAbstract' xlink:to='loc_FederalHomeLoanBankAdvancesFloatingRateAfterOneYear' xlink:type='arc' />
<link:presentationArc order='30' preferredLabel='http://www.xbrl.org/2003/role/totalLabel' xlink:arcrole='http://www.xbrl.org/2003/arcrole/parent-child' xlink:from='loc_FederalHomeLoanBankAdvancesFloatingRateAbstract' xlink:to='loc_FederalHomeLoanBankAdvancesFloatingRate' xlink:type='arc' />
<link:presentationArc order='10' xlink:arcrole='http://www.xbrl.org/2003/arcrole/parent-child' xlink:from='loc_FederalHomeLoanBankAdvancesMaturityRollingYearAbstract' xlink:to='loc_FederalHomeLoanBankAdvancesMaturityRollingYearParValueAbstract' xlink:type='arc' />
<link:presentationArc order='20' xlink:arcrole='http://www.xbrl.org/2003/arcrole/parent-child' xlink:from='loc_FederalHomeLoanBankAdvancesMaturityRollingYearAbstract' xlink:to='loc_FederalHomeLoanBankAdvancesCommitmentFees' xlink:type='arc' />
<link:presentationArc order='30' xlink:arcrole='http://www.xbrl.org/2003/arcrole/parent-child' xlink:from='loc_FederalHomeLoanBankAdvancesMaturityRollingYearAbstract' xlink:to='loc_FederalHomeLoanBankAdvancesDiscountOnAffordableHousingProgram' xlink:type='arc' />
<link:presentationArc order='40' xlink:arcrole='http://www.xbrl.org/2003/arcrole/parent-child' xlink:from='loc_FederalHomeLoanBankAdvancesMaturityRollingYearAbstract' xlink:to='loc_FederalHomeLoanBankAdvancesPremium' xlink:type='arc' />
<link:presentationArc order='50' xlink:arcrole='http://www.xbrl.org/2003/arcrole/parent-child' xlink:from='loc_FederalHomeLoanBankAdvancesMaturityRollingYearAbstract' xlink:to='loc_FederalHomeLoanBankAdvancesDiscount' xlink:type='arc' />
<link:presentationArc order='60' xlink:arcrole='http://www.xbrl.org/2003/arcrole/parent-child' xlink:from='loc_FederalHomeLoanBankAdvancesMaturityRollingYearAbstract' xlink:to='loc_FederalHomeLoanBankAdvancesValuationAdjustmentsForHedgingActivities' xlink:type='arc' />
<link:presentationArc order='70' xlink:arcrole='http://www.xbrl.org/2003/arcrole/parent-child' xlink:from='loc_FederalHomeLoanBankAdvancesMaturityRollingYearAbstract' xlink:to='loc_FederalHomeLoanBankAdvancesValuationAdjustmentsUnderFairValueOption' xlink:type='arc' />
<link:presentationArc order='80' preferredLabel='http://www.xbrl.org/2003/role/totalLabel' xlink:arcrole='http://www.xbrl.org/2003/arcrole/parent-child' xlink:from='loc_FederalHomeLoanBankAdvancesMaturityRollingYearAbstract' xlink:to='loc_FederalHomeLoanBankAdvances' xlink:type='arc' />
<link:presentationArc order='10' xlink:arcrole='http://www.xbrl.org/2003/arcrole/parent-child' xlink:from='loc_FederalHomeLoanBankAdvancesMaturityRollingYearParValueAbstract' xlink:to='loc_DepositLiabilitiesReclassifiedAsLoansReceivable1' xlink:type='arc' />
<link:presentationArc order='20' xlink:arcrole='http://www.xbrl.org/2003/arcrole/parent-child' xlink:from='loc_FederalHomeLoanBankAdvancesMaturityRollingYearParValueAbstract' xlink:to='loc_FederalHomeLoanBankAdvancesMaturitiesSummaryInNextRollingTwelveMonths' xlink:type='arc' />
<link:presentationArc order='30' xlink:arcrole='http://www.xbrl.org/2003/arcrole/parent-child' xlink:from='loc_FederalHomeLoanBankAdvancesMaturityRollingYearParValueAbstract' xlink:to='loc_FederalHomeLoanBankAdvancesMaturitiesSummaryInRollingYearTwo' xlink:type='arc' />
<link:presentationArc order='40' xlink:arcrole='http://www.xbrl.org/2003/arcrole/parent-child' xlink:from='loc_FederalHomeLoanBankAdvancesMaturityRollingYearParValueAbstract' xlink:to='loc_FederalHomeLoanBankAdvancesMaturitiesSummaryInRollingYearThree' xlink:type='arc' />
<link:presentationArc order='50' xlink:arcrole='http://www.xbrl.org/2003/arcrole/parent-child' xlink:from='loc_FederalHomeLoanBankAdvancesMaturityRollingYearParValueAbstract' xlink:to='loc_FederalHomeLoanBankAdvancesMaturitiesSummaryInRollingYearFour' xlink:type='arc' />
<link:presentationArc order='60' xlink:arcrole='http://www.xbrl.org/2003/arcrole/parent-child' xlink:from='loc_FederalHomeLoanBankAdvancesMaturityRollingYearParValueAbstract' xlink:to='loc_FederalHomeLoanBankAdvancesMaturitiesSummaryInRollingYearFive' xlink:type='arc' />
<link:presentationArc order='70' xlink:arcrole='http://www.xbrl.org/2003/arcrole/parent-child' xlink:from='loc_FederalHomeLoanBankAdvancesMaturityRollingYearParValueAbstract' xlink:to='loc_FederalHomeLoanBankAdvancesMaturitiesSummaryAfterRollingYearFive' xlink:type='arc' />
<link:presentationArc order='80' xlink:arcrole='http://www.xbrl.org/2003/arcrole/parent-child' xlink:from='loc_FederalHomeLoanBankAdvancesMaturityRollingYearParValueAbstract' xlink:to='loc_FederalHomeLoanBankAdvancesIndexAmortizing' xlink:type='arc' />
<link:presentationArc order='90' preferredLabel='http://www.xbrl.org/2003/role/totalLabel' xlink:arcrole='http://www.xbrl.org/2003/arcrole/parent-child' xlink:from='loc_FederalHomeLoanBankAdvancesMaturityRollingYearParValueAbstract' xlink:to='loc_FederalHomeLoanBankAdvancesParValue' xlink:type='arc' />
<link:presentationArc order='10' xlink:arcrole='http://www.xbrl.org/2003/arcrole/parent-child' xlink:from='loc_FederalHomeLoanBankAdvancesOptionAxis' xlink:to='loc_FederalHomeLoanBankAdvancesOptionDomain' xlink:type='arc' />
<link:presentationArc order='10' xlink:arcrole='http://www.xbrl.org/2003/arcrole/parent-child' xlink:from='loc_FederalHomeLoanBankAdvancesOptionDomain' xlink:to='loc_FederalHomeLoanBankAdvancesCallableOptionMember' xlink:type='arc' />
<link:presentationArc order='20' xlink:arcrole='http://www.xbrl.org/2003/arcrole/parent-child' xlink:from='loc_FederalHomeLoanBankAdvancesOptionDomain' xlink:to='loc_FederalHomeLoanBankAdvancesPutableOptionMember' xlink:type='arc' />
<link:presentationArc order='30' xlink:arcrole='http://www.xbrl.org/2003/arcrole/parent-child' xlink:from='loc_FederalHomeLoanBankAdvancesOptionDomain' xlink:to='loc_FederalHomeLoanBankAdvancesConvertibleOptionMember' xlink:type='arc' />
<link:presentationArc order='10' xlink:arcrole='http://www.xbrl.org/2003/arcrole/parent-child' xlink:from='loc_FederalHomeLoanBankAdvancesWeightedAverageInterestRateAbstract' xlink:to='loc_WeightedAverageInterestRateOnOverdrawnDemandDeposit' xlink:type='arc' />
<link:presentationArc order='20' xlink:arcrole='http://www.xbrl.org/2003/arcrole/parent-child' xlink:from='loc_FederalHomeLoanBankAdvancesWeightedAverageInterestRateAbstract' xlink:to='loc_FederalHomeLoanBankAdvancesWeightedAverageInterestRateRollingYearAbstract' xlink:type='arc' />
<link:presentationArc order='30' xlink:arcrole='http://www.xbrl.org/2003/arcrole/parent-child' xlink:from='loc_FederalHomeLoanBankAdvancesWeightedAverageInterestRateAbstract' xlink:to='loc_FederalHomeLoanBankAdvancesWeightedAverageInterestRateIndexAmortizing' xlink:type='arc' />
<link:presentationArc order='40' xlink:arcrole='http://www.xbrl.org/2003/arcrole/parent-child' xlink:from='loc_FederalHomeLoanBankAdvancesWeightedAverageInterestRateAbstract' xlink:to='loc_FederalHomeLoanBankAdvancesWeightedAverageInterestRate' xlink:type='arc' />
<link:presentationArc order='10' xlink:arcrole='http://www.xbrl.org/2003/arcrole/parent-child' xlink:from='loc_FederalHomeLoanBankAdvancesWeightedAverageInterestRateRollingYearAbstract' xlink:to='loc_FederalHomeLoanBankAdvancesWeightedAverageInterestRateMaturingInNextTwelveRollingMonths' xlink:type='arc' />
<link:presentationArc order='20' xlink:arcrole='http://www.xbrl.org/2003/arcrole/parent-child' xlink:from='loc_FederalHomeLoanBankAdvancesWeightedAverageInterestRateRollingYearAbstract' xlink:to='loc_FederalHomeLoanBankAdvancesWeightedAverageInterestRateMaturingInRollingYearTwo' xlink:type='arc' />
<link:presentationArc order='30' xlink:arcrole='http://www.xbrl.org/2003/arcrole/parent-child' xlink:from='loc_FederalHomeLoanBankAdvancesWeightedAverageInterestRateRollingYearAbstract' xlink:to='loc_FederalHomeLoanBankAdvancesWeightedAverageInterestRateMaturingInRollingYearThree' xlink:type='arc' />
<link:presentationArc order='40' xlink:arcrole='http://www.xbrl.org/2003/arcrole/parent-child' xlink:from='loc_FederalHomeLoanBankAdvancesWeightedAverageInterestRateRollingYearAbstract' xlink:to='loc_FederalHomeLoanBankAdvancesWeightedAverageInterestRateMaturingInRollingYearFour' xlink:type='arc' />
<link:presentationArc order='50' xlink:arcrole='http://www.xbrl.org/2003/arcrole/parent-child' xlink:from='loc_FederalHomeLoanBankAdvancesWeightedAverageInterestRateRollingYearAbstract' xlink:to='loc_FederalHomeLoanBankAdvancesWeightedAverageInterestRateMaturingInRollingYearFive' xlink:type='arc' />
<link:presentationArc order='60' xlink:arcrole='http://www.xbrl.org/2003/arcrole/parent-child' xlink:from='loc_FederalHomeLoanBankAdvancesWeightedAverageInterestRateRollingYearAbstract' xlink:to='loc_FederalHomeLoanBankAdvancesWeightedAverageInterestRateMaturingAfterRollingYearFive' xlink:type='arc' />
<link:presentationArc order='10' xlink:arcrole='http://www.xbrl.org/2003/arcrole/parent-child' xlink:from='loc_FederalHomeLoanBankAdvancesByInterestRateTypeAbstract' xlink:to='loc_FederalHomeLoanBankAdvancesFixedRateAbstract' xlink:type='arc' />
<link:presentationArc order='20' xlink:arcrole='http://www.xbrl.org/2003/arcrole/parent-child' xlink:from='loc_FederalHomeLoanBankAdvancesByInterestRateTypeAbstract' xlink:to='loc_FederalHomeLoanBankAdvancesFloatingRateAbstract' xlink:type='arc' />
<link:presentationArc order='30' preferredLabel='http://www.xbrl.org/2003/role/totalLabel' xlink:arcrole='http://www.xbrl.org/2003/arcrole/parent-child' xlink:from='loc_FederalHomeLoanBankAdvancesByInterestRateTypeAbstract' xlink:to='loc_FederalHomeLoanBankAdvancesParValue' xlink:type='arc' />
<link:presentationArc order='10' xlink:arcrole='http://www.xbrl.org/2003/arcrole/parent-child' xlink:from='loc_FederalHomeLoanBankConsolidatedObligationsAbstract' xlink:to='loc_FederalHomeLoanBankConsolidatedObligationsBonds' xlink:type='arc' />
<link:presentationArc order='20' xlink:arcrole='http://www.xbrl.org/2003/arcrole/parent-child' xlink:from='loc_FederalHomeLoanBankConsolidatedObligationsAbstract' xlink:to='loc_FederalHomeLoanBankConsolidatedObligationsDiscountNotes' xlink:type='arc' />
<link:presentationArc order='30' preferredLabel='http://www.xbrl.org/2003/role/totalLabel' xlink:arcrole='http://www.xbrl.org/2003/arcrole/parent-child' xlink:from='loc_FederalHomeLoanBankConsolidatedObligationsAbstract' xlink:to='loc_FederalHomeLoanBankConsolidatedObligations' xlink:type='arc' />
<link:presentationArc order='10' xlink:arcrole='http://www.xbrl.org/2003/arcrole/parent-child' xlink:from='loc_FederalHomeLoanBanksAbstract' xlink:to='loc_IncomeStatementAbstract' xlink:type='arc' />
<link:presentationArc order='20' xlink:arcrole='http://www.xbrl.org/2003/arcrole/parent-child' xlink:from='loc_FederalHomeLoanBanksAbstract' xlink:to='loc_StatementOfStockholdersEquityAbstract' xlink:type='arc' />
<link:presentationArc order='30' xlink:arcrole='http://www.xbrl.org/2003/arcrole/parent-child' xlink:from='loc_FederalHomeLoanBanksAbstract' xlink:to='loc_StatementOfCashFlowsAbstract' xlink:type='arc' />
<link:presentationArc order='40' xlink:arcrole='http://www.xbrl.org/2003/arcrole/parent-child' xlink:from='loc_FederalHomeLoanBanksAbstract' xlink:to='loc_StatementOfFinancialPositionAbstract' xlink:type='arc' />
<link:presentationArc order='50' xlink:arcrole='http://www.xbrl.org/2003/arcrole/parent-child' xlink:from='loc_FederalHomeLoanBanksAbstract' xlink:to='loc_LongTermCommitmentExcludingUnconditionalPurchaseObligationAbstract' xlink:type='arc' />
<link:presentationArc order='60' xlink:arcrole='http://www.xbrl.org/2003/arcrole/parent-child' xlink:from='loc_FederalHomeLoanBanksAbstract' xlink:to='loc_FederalHomeLoanBankAdvancesTextBlock' xlink:type='arc' />
<link:presentationArc order='10' xlink:arcrole='http://www.xbrl.org/2003/arcrole/parent-child' xlink:from='loc_FederalHomeLoanBankAdvancesTextBlock' xlink:to='loc_FederalHomeLoanBankAdvancesTableTextBlock' xlink:type='arc' />
<link:presentationArc order='10' xlink:arcrole='http://www.xbrl.org/2003/arcrole/parent-child' xlink:from='loc_FederalHomeLoanBankAdvancesTableTextBlock' xlink:to='loc_FederalHomeLoanBankAdvancesTable' xlink:type='arc' />
<link:presentationArc order='20' xlink:arcrole='http://www.xbrl.org/2003/arcrole/parent-child' xlink:from='loc_FederalHomeLoanBankAdvancesTableTextBlock' xlink:to='loc_FederalHomeLoanBankAdvancesInterestRateOnAffordableHousingProgramSubsidizedLoans' xlink:type='arc' />
<link:presentationArc order='30' xlink:arcrole='http://www.xbrl.org/2003/arcrole/parent-child' xlink:from='loc_FederalHomeLoanBankAdvancesTableTextBlock' xlink:to='loc_FederalHomeLoanBankAdvancesOutstandingGreaterThanOneBillionDollarsPerBorrowerAmount' xlink:type='arc' />
<link:presentationArc order='40' xlink:arcrole='http://www.xbrl.org/2003/arcrole/parent-child' xlink:from='loc_FederalHomeLoanBankAdvancesTableTextBlock' xlink:to='loc_FederalHomeLoanBankAdvancesOutstandingGreaterThanOneBillionDollarsPerBorrowerNumberOfBorrowers' xlink:type='arc' />
<link:presentationArc order='50' xlink:arcrole='http://www.xbrl.org/2003/arcrole/parent-child' xlink:from='loc_FederalHomeLoanBankAdvancesTableTextBlock' xlink:to='loc_FederalHomeLoanBankAdvancesOutstandingGreaterThanOneBillionDollarsPerBorrowerPercent' xlink:type='arc' />
<link:presentationArc order='60' xlink:arcrole='http://www.xbrl.org/2003/arcrole/parent-child' xlink:from='loc_FederalHomeLoanBankAdvancesTableTextBlock' xlink:to='loc_FederalHomeLoanBankAdvancesMaturityRollingYearAbstract' xlink:type='arc' />
<link:presentationArc order='70' xlink:arcrole='http://www.xbrl.org/2003/arcrole/parent-child' xlink:from='loc_FederalHomeLoanBankAdvancesTableTextBlock' xlink:to='loc_FederalHomeLoanBankAdvancesWeightedAverageInterestRateAbstract' xlink:type='arc' />
<link:presentationArc order='80' xlink:arcrole='http://www.xbrl.org/2003/arcrole/parent-child' xlink:from='loc_FederalHomeLoanBankAdvancesTableTextBlock' xlink:to='loc_FederalHomeLoanBankAdvancesEarlierOfContractualMaturityOrNextCallDateRollingYearParValueAbstract' xlink:type='arc' />
<link:presentationArc order='90' xlink:arcrole='http://www.xbrl.org/2003/arcrole/parent-child' xlink:from='loc_FederalHomeLoanBankAdvancesTableTextBlock' xlink:to='loc_FederalHomeLoanBankAdvancesEarlierOfContractualMaturityOrNextPutOrConvertDateRollingYearParValueAbstract' xlink:type='arc' />
<link:presentationArc order='100' xlink:arcrole='http://www.xbrl.org/2003/arcrole/parent-child' xlink:from='loc_FederalHomeLoanBankAdvancesTableTextBlock' xlink:to='loc_FederalHomeLoanBankAdvancesByInterestRateTypeAbstract' xlink:type='arc' />
<link:presentationArc order='70' xlink:arcrole='http://www.xbrl.org/2003/arcrole/parent-child' xlink:from='loc_FederalHomeLoanBanksAbstract' xlink:to='loc_AffordableHousingProgramTextBlock' xlink:type='arc' />
<link:presentationArc order='10' xlink:arcrole='http://www.xbrl.org/2003/arcrole/parent-child' xlink:from='loc_AffordableHousingProgramTextBlock' xlink:to='loc_ScheduleOfActivityInAffordableHousingProgramObligationTableTextBlock' xlink:type='arc' />
<link:presentationArc order='10' xlink:arcrole='http://www.xbrl.org/2003/arcrole/parent-child' xlink:from='loc_ScheduleOfActivityInAffordableHousingProgramObligationTableTextBlock' xlink:to='loc_AffordableHousingProgramRollForward' xlink:type='arc' />
<link:presentationArc order='20' xlink:arcrole='http://www.xbrl.org/2003/arcrole/parent-child' xlink:from='loc_ScheduleOfActivityInAffordableHousingProgramObligationTableTextBlock' xlink:to='loc_FederalHomeLoanBankAdvancesAffordableHousingProgramPrincipalOutstanding' xlink:type='arc' />
<link:presentationArc order='80' xlink:arcrole='http://www.xbrl.org/2003/arcrole/parent-child' xlink:from='loc_FederalHomeLoanBanksAbstract' xlink:to='loc_StockholdersEquityNoteDisclosureTextBlock' xlink:type='arc' />
<link:presentationArc order='10' xlink:arcrole='http://www.xbrl.org/2003/arcrole/parent-child' xlink:from='loc_StockholdersEquityNoteDisclosureTextBlock' xlink:to='loc_ScheduleOfComplianceWithRegulatoryCapitalRequirementsUnderBankingRegulationsTextBlock' xlink:type='arc' />
<link:presentationArc order='10' xlink:arcrole='http://www.xbrl.org/2003/arcrole/parent-child' xlink:from='loc_ScheduleOfComplianceWithRegulatoryCapitalRequirementsUnderBankingRegulationsTextBlock' xlink:to='loc_FederalHomeLoanBankRiskBasedCapitalRequired' xlink:type='arc' />
<link:presentationArc order='20' xlink:arcrole='http://www.xbrl.org/2003/arcrole/parent-child' xlink:from='loc_ScheduleOfComplianceWithRegulatoryCapitalRequirementsUnderBankingRegulationsTextBlock' xlink:to='loc_FederalHomeLoanBankRegulatoryCapitalRequired' xlink:type='arc' />
<link:presentationArc order='30' xlink:arcrole='http://www.xbrl.org/2003/arcrole/parent-child' xlink:from='loc_ScheduleOfComplianceWithRegulatoryCapitalRequirementsUnderBankingRegulationsTextBlock' xlink:to='loc_FederalHomeLoanBankLeverageCapitalRequired' xlink:type='arc' />
<link:presentationArc order='40' xlink:arcrole='http://www.xbrl.org/2003/arcrole/parent-child' xlink:from='loc_ScheduleOfComplianceWithRegulatoryCapitalRequirementsUnderBankingRegulationsTextBlock' xlink:to='loc_FederalHomeLoanBankRiskBasedCapitalActual' xlink:type='arc' />
<link:presentationArc order='50' xlink:arcrole='http://www.xbrl.org/2003/arcrole/parent-child' xlink:from='loc_ScheduleOfComplianceWithRegulatoryCapitalRequirementsUnderBankingRegulationsTextBlock' xlink:to='loc_FederalHomeLoanBankRegulatoryCapitalRatioActual' xlink:type='arc' />
<link:presentationArc order='60' xlink:arcrole='http://www.xbrl.org/2003/arcrole/parent-child' xlink:from='loc_ScheduleOfComplianceWithRegulatoryCapitalRequirementsUnderBankingRegulationsTextBlock' xlink:to='loc_FederalHomeLoanBankRegulatoryCapitalActual' xlink:type='arc' />
<link:presentationArc order='70' xlink:arcrole='http://www.xbrl.org/2003/arcrole/parent-child' xlink:from='loc_ScheduleOfComplianceWithRegulatoryCapitalRequirementsUnderBankingRegulationsTextBlock' xlink:to='loc_FederalHomeLoanBankLeverageRatioActual1' xlink:type='arc' />
<link:presentationArc order='80' xlink:arcrole='http://www.xbrl.org/2003/arcrole/parent-child' xlink:from='loc_ScheduleOfComplianceWithRegulatoryCapitalRequirementsUnderBankingRegulationsTextBlock' xlink:to='loc_FederalHomeLoanBankLeverageCapitalActual' xlink:type='arc' />
<link:presentationArc order='20' xlink:arcrole='http://www.xbrl.org/2003/arcrole/parent-child' xlink:from='loc_StockholdersEquityNoteDisclosureTextBlock' xlink:to='loc_MandatorilyRedeemableCapitalStockTableTextBlock' xlink:type='arc' />
<link:presentationArc order='10' xlink:arcrole='http://www.xbrl.org/2003/arcrole/parent-child' xlink:from='loc_MandatorilyRedeemableCapitalStockTableTextBlock' xlink:to='loc_SharesSubjectToMandatoryRedemptionSettlementTermsAmountAbstract' xlink:type='arc' />
<link:presentationArc order='30' xlink:arcrole='http://www.xbrl.org/2003/arcrole/parent-child' xlink:from='loc_StockholdersEquityNoteDisclosureTextBlock' xlink:to='loc_FinancialInstrumentsSubjectToMandatoryRedemptionNumberOfStockholders1' xlink:type='arc' />
<link:presentationArc order='10' xlink:arcrole='http://www.xbrl.org/2003/arcrole/parent-child' xlink:from='loc_SharesSubjectToMandatoryRedemptionSettlementTermsAmountAbstract' xlink:to='loc_FinancialInstrumentsSubjectToMandatoryRedemptionRedeemableWithinOneYear' xlink:type='arc' />
<link:presentationArc order='20' xlink:arcrole='http://www.xbrl.org/2003/arcrole/parent-child' xlink:from='loc_SharesSubjectToMandatoryRedemptionSettlementTermsAmountAbstract' xlink:to='loc_FinancialInstrumentsSubjectToMandatoryRedemptionRedeemableInYearTwo' xlink:type='arc' />
<link:presentationArc order='30' xlink:arcrole='http://www.xbrl.org/2003/arcrole/parent-child' xlink:from='loc_SharesSubjectToMandatoryRedemptionSettlementTermsAmountAbstract' xlink:to='loc_FinancialInstrumentsSubjectToMandatoryRedemptionRedeemableInYearThree' xlink:type='arc' />
<link:presentationArc order='40' xlink:arcrole='http://www.xbrl.org/2003/arcrole/parent-child' xlink:from='loc_SharesSubjectToMandatoryRedemptionSettlementTermsAmountAbstract' xlink:to='loc_FinancialInstrumentsSubjectToMandatoryRedemptionRedeemableInYearFour' xlink:type='arc' />
<link:presentationArc order='50' xlink:arcrole='http://www.xbrl.org/2003/arcrole/parent-child' xlink:from='loc_SharesSubjectToMandatoryRedemptionSettlementTermsAmountAbstract' xlink:to='loc_FinancialInstrumentsSubjectToMandatoryRedemptionRedeemableInYearFive' xlink:type='arc' />
<link:presentationArc order='60' xlink:arcrole='http://www.xbrl.org/2003/arcrole/parent-child' xlink:from='loc_SharesSubjectToMandatoryRedemptionSettlementTermsAmountAbstract' xlink:to='loc_FinancialInstrumentsSubjectToMandatoryRedemptionPastContractualRedemptionDateDueToOutstandingActivity' xlink:type='arc' />
<link:presentationArc order='70' xlink:arcrole='http://www.xbrl.org/2003/arcrole/parent-child' xlink:from='loc_SharesSubjectToMandatoryRedemptionSettlementTermsAmountAbstract' xlink:to='loc_FinancialInstrumentsSubjectToMandatoryRedemptionPastContractualRedemptionDateDueToRegulatoryAction' xlink:type='arc' />
<link:presentationArc order='80' preferredLabel='http://www.xbrl.org/2003/role/totalLabel' xlink:arcrole='http://www.xbrl.org/2003/arcrole/parent-child' xlink:from='loc_SharesSubjectToMandatoryRedemptionSettlementTermsAmountAbstract' xlink:to='loc_SharesSubjectToMandatoryRedemptionSettlementTermsAmount' xlink:type='arc' />
<link:presentationArc order='10' xlink:arcrole='http://www.xbrl.org/2003/arcrole/parent-child' xlink:from='loc_IncomeStatementAbstract' xlink:to='loc_InterestIncomeFederalHomeLoanBankAdvances' xlink:type='arc' />
<link:presentationArc order='20' xlink:arcrole='http://www.xbrl.org/2003/arcrole/parent-child' xlink:from='loc_IncomeStatementAbstract' xlink:to='loc_PrepaymentFeesOnAdvancesNet' xlink:type='arc' />
<link:presentationArc order='30' xlink:arcrole='http://www.xbrl.org/2003/arcrole/parent-child' xlink:from='loc_IncomeStatementAbstract' xlink:to='loc_InterestIncomeDepositsWithOtherFederalHomeLoanBanks' xlink:type='arc' />
<link:presentationArc order='40' xlink:arcrole='http://www.xbrl.org/2003/arcrole/parent-child' xlink:from='loc_IncomeStatementAbstract' xlink:to='loc_InterestIncomeLoansToOtherFederalHomeLoanBanks' xlink:type='arc' />
<link:presentationArc order='50' xlink:arcrole='http://www.xbrl.org/2003/arcrole/parent-child' xlink:from='loc_IncomeStatementAbstract' xlink:to='loc_InterestExpenseDepositsFromOtherFederalHomeLoanBanks' xlink:type='arc' />
<link:presentationArc order='60' xlink:arcrole='http://www.xbrl.org/2003/arcrole/parent-child' xlink:from='loc_IncomeStatementAbstract' xlink:to='loc_InterestExpenseLoansFromOtherFederalHomeLoanBanks' xlink:type='arc' />
<link:presentationArc order='70' xlink:arcrole='http://www.xbrl.org/2003/arcrole/parent-child' xlink:from='loc_IncomeStatementAbstract' xlink:to='loc_RegulatorExpensesCostAssessedOnFederalHomeLoanBank' xlink:type='arc' />
<link:presentationArc order='80' xlink:arcrole='http://www.xbrl.org/2003/arcrole/parent-child' xlink:from='loc_IncomeStatementAbstract' xlink:to='loc_OfficeOfFinanceAssessmentsCostAssessedOnFederalHomeLoanBank' xlink:type='arc' />
<link:presentationArc order='90' xlink:arcrole='http://www.xbrl.org/2003/arcrole/parent-child' xlink:from='loc_IncomeStatementAbstract' xlink:to='loc_NetIncomeLossAttributableToParentNetOfFederalHomeLoanBankAssessments' xlink:type='arc' />
<link:presentationArc order='100' xlink:arcrole='http://www.xbrl.org/2003/arcrole/parent-child' xlink:from='loc_IncomeStatementAbstract' xlink:to='loc_FederalHomeLoanBankAssessmentsAbstract' xlink:type='arc' />
<link:presentationArc order='10' xlink:arcrole='http://www.xbrl.org/2003/arcrole/parent-child' xlink:from='loc_LongTermCommitmentExcludingUnconditionalPurchaseObligationAbstract' xlink:to='loc_StandbyBondPurchaseCommitmentExpirationPeriod' xlink:type='arc' />
<link:presentationArc order='10' xlink:arcrole='http://www.xbrl.org/2003/arcrole/parent-child' xlink:from='loc_RangeAxis' xlink:to='loc_RangeMember' xlink:type='arc' />
<link:presentationArc order='10' xlink:arcrole='http://www.xbrl.org/2003/arcrole/parent-child' xlink:from='loc_RangeMember' xlink:to='loc_MaximumMember' xlink:type='arc' />
<link:presentationArc order='20' xlink:arcrole='http://www.xbrl.org/2003/arcrole/parent-child' xlink:from='loc_RangeMember' xlink:to='loc_MinimumMember' xlink:type='arc' />
<link:presentationArc order='30' xlink:arcrole='http://www.xbrl.org/2003/arcrole/parent-child' xlink:from='loc_RangeMember' xlink:to='loc_WeightedAverageMember' xlink:type='arc' />
<link:presentationArc order='10' xlink:arcrole='http://www.xbrl.org/2003/arcrole/parent-child' xlink:from='loc_StatementOfCashFlowsAbstract' xlink:to='loc_IncreaseDecreaseInDepositsWithOtherFederalHomeLoanBanks' xlink:type='arc' />
<link:presentationArc order='20' xlink:arcrole='http://www.xbrl.org/2003/arcrole/parent-child' xlink:from='loc_StatementOfCashFlowsAbstract' xlink:to='loc_IncreaseDecreaseInFairValueAdjustmentsOnAssetsAndLiabilitiesCarriedAtFairValueUnderFairValueOption' xlink:type='arc' />
<link:presentationArc order='30' xlink:arcrole='http://www.xbrl.org/2003/arcrole/parent-child' xlink:from='loc_StatementOfCashFlowsAbstract' xlink:to='loc_IncreaseDecreaseInLoansToFederalHomeLoanBanks' xlink:type='arc' />
<link:presentationArc order='40' xlink:arcrole='http://www.xbrl.org/2003/arcrole/parent-child' xlink:from='loc_StatementOfCashFlowsAbstract' xlink:to='loc_ProceedsFromFederalHomeLoanBankAdvances' xlink:type='arc' />
<link:presentationArc order='50' xlink:arcrole='http://www.xbrl.org/2003/arcrole/parent-child' xlink:from='loc_StatementOfCashFlowsAbstract' xlink:to='loc_PaymentsForFederalHomeLoanBankAdvances' xlink:type='arc' />
<link:presentationArc order='60' xlink:arcrole='http://www.xbrl.org/2003/arcrole/parent-child' xlink:from='loc_StatementOfCashFlowsAbstract' xlink:to='loc_IncreaseDecreaseInDepositsFromOtherFederalHomeLoanBanks' xlink:type='arc' />
<link:presentationArc order='70' xlink:arcrole='http://www.xbrl.org/2003/arcrole/parent-child' xlink:from='loc_StatementOfCashFlowsAbstract' xlink:to='loc_IncreaseDecreaseInLoansFromOtherFederalHomeLoanBanks' xlink:type='arc' />
<link:presentationArc order='80' xlink:arcrole='http://www.xbrl.org/2003/arcrole/parent-child' xlink:from='loc_StatementOfCashFlowsAbstract' xlink:to='loc_ProceedsFromBondsTransferredFromOtherOtherFederalHomeLoanBanks' xlink:type='arc' />
<link:presentationArc order='90' xlink:arcrole='http://www.xbrl.org/2003/arcrole/parent-child' xlink:from='loc_StatementOfCashFlowsAbstract' xlink:to='loc_PaymentsForBondsTransferredToOtherOtherFederalHomeLoanBanks' xlink:type='arc' />
<link:presentationArc order='100' xlink:arcrole='http://www.xbrl.org/2003/arcrole/parent-child' xlink:from='loc_StatementOfCashFlowsAbstract' xlink:to='loc_PaymentsForAffordableHousingPrograms' xlink:type='arc' />
<link:presentationArc order='110' xlink:arcrole='http://www.xbrl.org/2003/arcrole/parent-child' xlink:from='loc_StatementOfCashFlowsAbstract' xlink:to='loc_PaymentsForCongressionallyMandatedFederalHomeLoanBankAssessments' xlink:type='arc' />
<link:presentationArc order='120' xlink:arcrole='http://www.xbrl.org/2003/arcrole/parent-child' xlink:from='loc_StatementOfCashFlowsAbstract' xlink:to='loc_PaymentsForProceedsFromAvailableforsaleSecuritiesShortterm' xlink:type='arc' />
<link:presentationArc order='130' xlink:arcrole='http://www.xbrl.org/2003/arcrole/parent-child' xlink:from='loc_StatementOfCashFlowsAbstract' xlink:to='loc_ProceedsFromPaymentsForTradingSecurities' xlink:type='arc' />
<link:presentationArc order='140' xlink:arcrole='http://www.xbrl.org/2003/arcrole/parent-child' xlink:from='loc_StatementOfCashFlowsAbstract' xlink:to='loc_PaymentsForProceedsFromHeldtomaturitySecuritiesShortterm' xlink:type='arc' />
<link:presentationArc order='10' xlink:arcrole='http://www.xbrl.org/2003/arcrole/parent-child' xlink:from='loc_StatementOfFinancialPositionAbstract' xlink:to='loc_DepositsWithOtherFederalHomeLoanBanks' xlink:type='arc' />
<link:presentationArc order='20' xlink:arcrole='http://www.xbrl.org/2003/arcrole/parent-child' xlink:from='loc_StatementOfFinancialPositionAbstract' xlink:to='loc_AverageCollectedCashBalancesWithCommercialBanksFederalHomeLoanBank' xlink:type='arc' />
<link:presentationArc order='30' xlink:arcrole='http://www.xbrl.org/2003/arcrole/parent-child' xlink:from='loc_StatementOfFinancialPositionAbstract' xlink:to='loc_CashPassThroughReserveFederalHomeLoanBank' xlink:type='arc' />
<link:presentationArc order='40' xlink:arcrole='http://www.xbrl.org/2003/arcrole/parent-child' xlink:from='loc_StatementOfFinancialPositionAbstract' xlink:to='loc_FederalHomeLoanBankAdvances' xlink:type='arc' />
<link:presentationArc order='50' xlink:arcrole='http://www.xbrl.org/2003/arcrole/parent-child' xlink:from='loc_StatementOfFinancialPositionAbstract' xlink:to='loc_AdvancesFairValueDisclosure' xlink:type='arc' />
<link:presentationArc order='60' xlink:arcrole='http://www.xbrl.org/2003/arcrole/parent-child' xlink:from='loc_StatementOfFinancialPositionAbstract' xlink:to='loc_LoansToOtherFederalHomeLoanBanks' xlink:type='arc' />
<link:presentationArc order='70' xlink:arcrole='http://www.xbrl.org/2003/arcrole/parent-child' xlink:from='loc_StatementOfFinancialPositionAbstract' xlink:to='loc_LoansFromOtherFederalHomeLoanBanks' xlink:type='arc' />
<link:presentationArc order='80' xlink:arcrole='http://www.xbrl.org/2003/arcrole/parent-child' xlink:from='loc_StatementOfFinancialPositionAbstract' xlink:to='loc_AffordableHousingProgramObligation' xlink:type='arc' />
<link:presentationArc order='90' xlink:arcrole='http://www.xbrl.org/2003/arcrole/parent-child' xlink:from='loc_StatementOfFinancialPositionAbstract' xlink:to='loc_PayablesForCongressionallyMandatedAssessments' xlink:type='arc' />
<link:presentationArc order='100' xlink:arcrole='http://www.xbrl.org/2003/arcrole/parent-child' xlink:from='loc_StatementOfFinancialPositionAbstract' xlink:to='loc_AccumulatedOtherComprehensiveIncomeLossBeforeFederalHomeLoanBankAssessments' xlink:type='arc' />
<link:presentationArc order='110' xlink:arcrole='http://www.xbrl.org/2003/arcrole/parent-child' xlink:from='loc_StatementOfFinancialPositionAbstract' xlink:to='loc_FederalHomeLoanBankConsolidatedObligationsAbstract' xlink:type='arc' />
<link:presentationArc order='10' xlink:arcrole='http://www.xbrl.org/2003/arcrole/parent-child' xlink:from='loc_StatementOfStockholdersEquityAbstract' xlink:to='loc_NetSharesReclassifiedToMandatorilyRedeemableCapitalStockValue' xlink:type='arc' />
<link:presentationArc order='20' xlink:arcrole='http://www.xbrl.org/2003/arcrole/parent-child' xlink:from='loc_StatementOfStockholdersEquityAbstract' xlink:to='loc_NetSharesReclassifiedToMandatorilyRedeemableCapitalStockShares' xlink:type='arc' />
<link:presentationArc order='30' xlink:arcrole='http://www.xbrl.org/2003/arcrole/parent-child' xlink:from='loc_StatementOfStockholdersEquityAbstract' xlink:to='loc_OtherThanTemporaryImpairmentLossesInvestmentsReclassificationAdjustmentOfNoncreditPortionIncludedInNetIncomeHeldtomaturitySecuritiesBeforeTax' xlink:type='arc' />
<link:presentationArc order='40' xlink:arcrole='http://www.xbrl.org/2003/arcrole/parent-child' xlink:from='loc_StatementOfStockholdersEquityAbstract' xlink:to='loc_OtherThanTemporaryImpairmentLossesInvestmentsReclassificationAdjustmentOfNoncreditPortionIncludedInNetIncomeAvailabeforsaleSecuritiesBeforeTax' xlink:type='arc' />
<link:presentationArc order='50' xlink:arcrole='http://www.xbrl.org/2003/arcrole/parent-child' xlink:from='loc_StatementOfStockholdersEquityAbstract' xlink:to='loc_OtherThanTemporaryImpairmentLossesInvestmentsReclassificationAdjustmentOfNoncreditPortionFromHeldtomaturityToAvailableforsaleSecuritiesBeforeTax' xlink:type='arc' />
<link:presentationArc order='60' xlink:arcrole='http://www.xbrl.org/2003/arcrole/parent-child' xlink:from='loc_StatementOfStockholdersEquityAbstract' xlink:to='loc_OtherThanTemporaryImpairmentLossesInvestmentsAccretionOfNoncreditPortionHeldtomaturitySecuritiesBeforeTax' xlink:type='arc' />
<link:presentationArc order='70' xlink:arcrole='http://www.xbrl.org/2003/arcrole/parent-child' xlink:from='loc_StatementOfStockholdersEquityAbstract' xlink:to='loc_ComprehensiveIncomeLossNetOfFederalHomeLoanBankAssessmentsAttributableToParent' xlink:type='arc' />
</link:presentationLink>
</link:linkbase>
