<?xml version='1.0' encoding='UTF-8'?>

<!--
(c) XBRL US, Inc. 2007-2010; Financial Accounting Foundation, Inc. 2010-2016.  All Rights Reserved.
Notice: Authorized Uses are Set Forth at http://xbrl.fasb.org/terms/TaxonomiesTermsConditions.html
  -->
<link:linkbase xmlns:link='http://www.xbrl.org/2003/linkbase' xmlns:xbrldt='http://xbrl.org/2005/xbrldt' xmlns:xlink='http://www.w3.org/1999/xlink' xmlns:xsi='http://www.w3.org/2001/XMLSchema-instance' xsi:schemaLocation='http://www.xbrl.org/2003/linkbase http://www.xbrl.org/2003/xbrl-linkbase-2003-12-31.xsd'>
<link:roleRef roleURI='http://fasb.org/us-gaap/role/disclosure/InvestmentsInAndAdvancesToAffiliates' xlink:href='../elts/us-roles-2016-01-31.xsd#schedoi-iiaa' xlink:type='simple' />
<link:presentationLink xlink:role='http://fasb.org/us-gaap/role/disclosure/InvestmentsInAndAdvancesToAffiliates' xlink:type='extended'>
<link:loc xlink:href='../elts/us-gaap-2016-01-31.xsd#us-gaap_FinancialSupportForNonconsolidatedLegalEntityAbstract' xlink:label='loc_FinancialSupportForNonconsolidatedLegalEntityAbstract' xlink:type='locator' />
<link:loc xlink:href='../elts/us-gaap-2016-01-31.xsd#us-gaap_FinancialSupportForNonconsolidatedLegalEntityTable' xlink:label='loc_FinancialSupportForNonconsolidatedLegalEntityTable' xlink:type='locator' />
<link:loc xlink:href='../elts/us-gaap-2016-01-31.xsd#us-gaap_FinancialSupportForNonconsolidatedLegalEntityLineItems' xlink:label='loc_FinancialSupportForNonconsolidatedLegalEntityLineItems' xlink:type='locator' />
<link:loc xlink:href='../elts/us-gaap-2016-01-31.xsd#us-gaap_NonconsolidatedLegalEntityFinancialSupportAmount' xlink:label='loc_NonconsolidatedLegalEntityFinancialSupportAmount' xlink:type='locator' />
<link:loc xlink:href='../elts/us-gaap-2016-01-31.xsd#us-gaap_NonconsolidatedLegalEntityFinancialSupportCumulativeAmount' xlink:label='loc_NonconsolidatedLegalEntityFinancialSupportCumulativeAmount' xlink:type='locator' />
<link:loc xlink:href='../elts/us-gaap-2016-01-31.xsd#us-gaap_FinancialSupportToNonconsolidatedLegalEntityAxis' xlink:label='loc_FinancialSupportToNonconsolidatedLegalEntityAxis' xlink:type='locator' />
<link:loc xlink:href='../elts/us-gaap-2016-01-31.xsd#us-gaap_FinancialSupportToNonconsolidatedLegalEntityDomain' xlink:label='loc_FinancialSupportToNonconsolidatedLegalEntityDomain' xlink:type='locator' />
<link:loc xlink:href='../elts/us-gaap-2016-01-31.xsd#us-gaap_FinancialSupportCapitalContributionsMember' xlink:label='loc_FinancialSupportCapitalContributionsMember' xlink:type='locator' />
<link:loc xlink:href='../elts/us-gaap-2016-01-31.xsd#us-gaap_FinancialSupportPurchaseAgreementOfFinancialAssetsMember' xlink:label='loc_FinancialSupportPurchaseAgreementOfFinancialAssetsMember' xlink:type='locator' />
<link:loc xlink:href='../elts/us-gaap-2016-01-31.xsd#us-gaap_FinancialSupportWaivedFeesMember' xlink:label='loc_FinancialSupportWaivedFeesMember' xlink:type='locator' />
<link:loc xlink:href='../elts/us-gaap-2016-01-31.xsd#us-gaap_GuaranteeOfIndebtednessOfOthersMember' xlink:label='loc_GuaranteeOfIndebtednessOfOthersMember' xlink:type='locator' />
<link:loc xlink:href='../elts/us-gaap-2016-01-31.xsd#us-gaap_StandbyLettersOfCreditMember' xlink:label='loc_StandbyLettersOfCreditMember' xlink:type='locator' />
<link:loc xlink:href='http://xbrl.sec.gov/invest/2013/invest-2013-01-31.xsd#invest_InvestmentAxis' xlink:label='loc_InvestmentAxis' xlink:type='locator' />
<link:loc xlink:href='http://xbrl.sec.gov/invest/2013/invest-2013-01-31.xsd#invest_InvestmentDomain' xlink:label='loc_InvestmentDomain' xlink:type='locator' />
<link:loc xlink:href='../elts/us-gaap-2016-01-31.xsd#us-gaap_InvestmentsInAndAdvancesToAffiliatesCategorizationAxis' xlink:label='loc_InvestmentsInAndAdvancesToAffiliatesCategorizationAxis' xlink:type='locator' />
<link:loc xlink:href='../elts/us-gaap-2016-01-31.xsd#us-gaap_InvestmentsInAndAdvancesToAffiliatesCategorizationDomain' xlink:label='loc_InvestmentsInAndAdvancesToAffiliatesCategorizationDomain' xlink:type='locator' />
<link:loc xlink:href='../elts/us-gaap-2016-01-31.xsd#us-gaap_InvestmentsInMajorityOwnedSubsidiariesMember' xlink:label='loc_InvestmentsInMajorityOwnedSubsidiariesMember' xlink:type='locator' />
<link:loc xlink:href='../elts/us-gaap-2016-01-31.xsd#us-gaap_OtherControlledCompaniesMember' xlink:label='loc_OtherControlledCompaniesMember' xlink:type='locator' />
<link:loc xlink:href='../elts/us-gaap-2016-01-31.xsd#us-gaap_OtherAffiliatesMember' xlink:label='loc_OtherAffiliatesMember' xlink:type='locator' />
<link:loc xlink:href='../elts/us-gaap-2016-01-31.xsd#us-gaap_InvestmentsInAndAdvancesToAffiliatesLineItems' xlink:label='loc_InvestmentsInAndAdvancesToAffiliatesLineItems' xlink:type='locator' />
<link:loc xlink:href='../elts/us-gaap-2016-01-31.xsd#us-gaap_InvestmentsInAndAdvancesToAffiliatesBalanceAbstract' xlink:label='loc_InvestmentsInAndAdvancesToAffiliatesBalanceAbstract' xlink:type='locator' />
<link:loc xlink:href='../elts/us-gaap-2016-01-31.xsd#us-gaap_InvestmentsInAndAdvancesToAffiliatesAmountOfEquity' xlink:label='loc_InvestmentsInAndAdvancesToAffiliatesAmountOfEquity' xlink:type='locator' />
<link:loc xlink:href='../elts/us-gaap-2016-01-31.xsd#us-gaap_InvestmentsInAndAdvancesToAffiliatesDividendsOrInterest' xlink:label='loc_InvestmentsInAndAdvancesToAffiliatesDividendsOrInterest' xlink:type='locator' />
<link:loc xlink:href='../elts/us-gaap-2016-01-31.xsd#us-gaap_InvestmentsInAndAdvancesToAffiliatesDividendOrInterestCreditedToIncome' xlink:label='loc_InvestmentsInAndAdvancesToAffiliatesDividendOrInterestCreditedToIncome' xlink:type='locator' />
<link:loc xlink:href='../elts/us-gaap-2016-01-31.xsd#us-gaap_InvestmentsInAndAdvancesToAffiliatesDividendOrInterestOther' xlink:label='loc_InvestmentsInAndAdvancesToAffiliatesDividendOrInterestOther' xlink:type='locator' />
<link:loc xlink:href='../elts/us-gaap-2016-01-31.xsd#us-gaap_InvestmentsInAndAdvancesToAffiliatesNoncashDividendsFlag' xlink:label='loc_InvestmentsInAndAdvancesToAffiliatesNoncashDividendsFlag' xlink:type='locator' />
<link:loc xlink:href='../elts/us-gaap-2016-01-31.xsd#us-gaap_InvestmentsInAndAdvancesToAffiliatesAtFairValueRollForward' xlink:label='loc_InvestmentsInAndAdvancesToAffiliatesAtFairValueRollForward' xlink:type='locator' />
<link:loc xlink:href='../elts/us-gaap-2016-01-31.xsd#us-gaap_InvestmentsInAndAdvancesToAffiliatesAdditionalInformation' xlink:label='loc_InvestmentsInAndAdvancesToAffiliatesAdditionalInformation' xlink:type='locator' />
<link:loc xlink:href='../elts/us-gaap-2016-01-31.xsd#us-gaap_InvestmentsInAndAdvancesToAffiliatesTable' xlink:label='loc_InvestmentsInAndAdvancesToAffiliatesTable' xlink:type='locator' />
<link:loc xlink:href='../elts/us-gaap-2016-01-31.xsd#us-gaap_InvestmentsInAndAdvancesToAffiliatesBalanceShares' xlink:label='loc_InvestmentsInAndAdvancesToAffiliatesBalanceShares' xlink:type='locator' />
<link:loc xlink:href='../elts/us-gaap-2016-01-31.xsd#us-gaap_InvestmentsInAndAdvancesToAffiliatesBalanceContracts1' xlink:label='loc_InvestmentsInAndAdvancesToAffiliatesBalanceContracts1' xlink:type='locator' />
<link:loc xlink:href='../elts/us-gaap-2016-01-31.xsd#us-gaap_InvestmentsInAndAdvancesToAffiliatesBalancePrincipalAmount' xlink:label='loc_InvestmentsInAndAdvancesToAffiliatesBalancePrincipalAmount' xlink:type='locator' />
<link:loc xlink:href='../elts/us-gaap-2016-01-31.xsd#us-gaap_InvestmentsInAndAdvancesToAffiliatesBalanceOtherMeasure' xlink:label='loc_InvestmentsInAndAdvancesToAffiliatesBalanceOtherMeasure' xlink:type='locator' />
<link:loc xlink:href='../elts/us-gaap-2016-01-31.xsd#us-gaap_InvestmentsInAndAdvancesToAffiliatesScheduleOfInvestmentsAbstract' xlink:label='loc_InvestmentsInAndAdvancesToAffiliatesScheduleOfInvestmentsAbstract' xlink:type='locator' />
<link:loc xlink:href='../elts/us-gaap-2016-01-31.xsd#us-gaap_InvestmentsInAndAdvancesToAffiliatesScheduleOfInvestmentsTextBlock' xlink:label='loc_InvestmentsInAndAdvancesToAffiliatesScheduleOfInvestmentsTextBlock' xlink:type='locator' />
<link:loc xlink:href='../elts/us-gaap-2016-01-31.xsd#us-gaap_ScheduleOfInvestmentsInAndAdvancesToAffiliatesScheduleOfInvestmentsTableTextBlock' xlink:label='loc_ScheduleOfInvestmentsInAndAdvancesToAffiliatesScheduleOfInvestmentsTableTextBlock' xlink:type='locator' />
<link:loc xlink:href='../elts/us-gaap-2016-01-31.xsd#us-gaap_ScheduleOfInvestmentsTable' xlink:label='loc_ScheduleOfInvestmentsTable' xlink:type='locator' />
<link:loc xlink:href='../elts/us-gaap-2016-01-31.xsd#us-gaap_InvestmentsInAndAdvancesToAffiliatesAtFairValue' xlink:label='loc_InvestmentsInAndAdvancesToAffiliatesAtFairValue' xlink:type='locator' />
<link:loc xlink:href='../elts/us-gaap-2016-01-31.xsd#us-gaap_InvestmentsInAndAdvancesToAffiliatesAtFairValueGrossAdditions' xlink:label='loc_InvestmentsInAndAdvancesToAffiliatesAtFairValueGrossAdditions' xlink:type='locator' />
<link:loc xlink:href='../elts/us-gaap-2016-01-31.xsd#us-gaap_InvestmentsInAndAdvancesToAffiliatesAtFairValueGrossReductions' xlink:label='loc_InvestmentsInAndAdvancesToAffiliatesAtFairValueGrossReductions' xlink:type='locator' />
<link:loc xlink:href='../elts/us-gaap-2016-01-31.xsd#us-gaap_InvestmentsInAndAdvancesToAffiliatesAtFairValuePeriodIncreaseDecrease' xlink:label='loc_InvestmentsInAndAdvancesToAffiliatesAtFairValuePeriodIncreaseDecrease' xlink:type='locator' />
<link:loc xlink:href='../elts/us-gaap-2016-01-31.xsd#us-gaap_InvestmentsInAndAdvancesToAffiliatesAtFairValue' xlink:label='loc_InvestmentsInAndAdvancesToAffiliatesAtFairValue_1' xlink:type='locator' />
<link:loc xlink:href='http://xbrl.sec.gov/dei/2014/dei-2014-01-31.xsd#dei_LegalEntityAxis' xlink:label='loc_LegalEntityAxis' xlink:type='locator' />
<link:loc xlink:href='http://xbrl.sec.gov/dei/2014/dei-2014-01-31.xsd#dei_EntityDomain' xlink:label='loc_EntityDomain' xlink:type='locator' />
<link:loc xlink:href='../elts/us-gaap-2016-01-31.xsd#us-gaap_ScheduleOfInvestmentsLineItems' xlink:label='loc_ScheduleOfInvestmentsLineItems' xlink:type='locator' />
<link:loc xlink:href='../elts/us-gaap-2016-01-31.xsd#us-gaap_InvestmentsInAndAdvancesToAffiliatesTextBlock' xlink:label='loc_InvestmentsInAndAdvancesToAffiliatesTextBlock' xlink:type='locator' />
<link:presentationArc order='10' xlink:arcrole='http://www.xbrl.org/2003/arcrole/parent-child' xlink:from='loc_FinancialSupportForNonconsolidatedLegalEntityAbstract' xlink:to='loc_FinancialSupportForNonconsolidatedLegalEntityTable' xlink:type='arc' />
<link:presentationArc order='10' xlink:arcrole='http://www.xbrl.org/2003/arcrole/parent-child' xlink:from='loc_FinancialSupportForNonconsolidatedLegalEntityLineItems' xlink:to='loc_NonconsolidatedLegalEntityFinancialSupportAmount' xlink:type='arc' />
<link:presentationArc order='20' xlink:arcrole='http://www.xbrl.org/2003/arcrole/parent-child' xlink:from='loc_FinancialSupportForNonconsolidatedLegalEntityLineItems' xlink:to='loc_NonconsolidatedLegalEntityFinancialSupportCumulativeAmount' xlink:type='arc' />
<link:presentationArc order='10' xlink:arcrole='http://www.xbrl.org/2003/arcrole/parent-child' xlink:from='loc_FinancialSupportForNonconsolidatedLegalEntityTable' xlink:to='loc_FinancialSupportToNonconsolidatedLegalEntityAxis' xlink:type='arc' />
<link:presentationArc order='20' xlink:arcrole='http://www.xbrl.org/2003/arcrole/parent-child' xlink:from='loc_FinancialSupportForNonconsolidatedLegalEntityTable' xlink:to='loc_FinancialSupportForNonconsolidatedLegalEntityLineItems' xlink:type='arc' />
<link:presentationArc order='10' xlink:arcrole='http://www.xbrl.org/2003/arcrole/parent-child' xlink:from='loc_FinancialSupportToNonconsolidatedLegalEntityAxis' xlink:to='loc_FinancialSupportToNonconsolidatedLegalEntityDomain' xlink:type='arc' />
<link:presentationArc order='10' xlink:arcrole='http://www.xbrl.org/2003/arcrole/parent-child' xlink:from='loc_FinancialSupportToNonconsolidatedLegalEntityDomain' xlink:to='loc_FinancialSupportCapitalContributionsMember' xlink:type='arc' />
<link:presentationArc order='20' xlink:arcrole='http://www.xbrl.org/2003/arcrole/parent-child' xlink:from='loc_FinancialSupportToNonconsolidatedLegalEntityDomain' xlink:to='loc_FinancialSupportPurchaseAgreementOfFinancialAssetsMember' xlink:type='arc' />
<link:presentationArc order='30' xlink:arcrole='http://www.xbrl.org/2003/arcrole/parent-child' xlink:from='loc_FinancialSupportToNonconsolidatedLegalEntityDomain' xlink:to='loc_FinancialSupportWaivedFeesMember' xlink:type='arc' />
<link:presentationArc order='40' xlink:arcrole='http://www.xbrl.org/2003/arcrole/parent-child' xlink:from='loc_FinancialSupportToNonconsolidatedLegalEntityDomain' xlink:to='loc_GuaranteeOfIndebtednessOfOthersMember' xlink:type='arc' />
<link:presentationArc order='50' xlink:arcrole='http://www.xbrl.org/2003/arcrole/parent-child' xlink:from='loc_FinancialSupportToNonconsolidatedLegalEntityDomain' xlink:to='loc_StandbyLettersOfCreditMember' xlink:type='arc' />
<link:presentationArc order='10' xlink:arcrole='http://www.xbrl.org/2003/arcrole/parent-child' xlink:from='loc_InvestmentAxis' xlink:to='loc_InvestmentDomain' xlink:type='arc' />
<link:presentationArc order='10' xlink:arcrole='http://www.xbrl.org/2003/arcrole/parent-child' xlink:from='loc_InvestmentsInAndAdvancesToAffiliatesCategorizationAxis' xlink:to='loc_InvestmentsInAndAdvancesToAffiliatesCategorizationDomain' xlink:type='arc' />
<link:presentationArc order='10' xlink:arcrole='http://www.xbrl.org/2003/arcrole/parent-child' xlink:from='loc_InvestmentsInAndAdvancesToAffiliatesCategorizationDomain' xlink:to='loc_InvestmentsInMajorityOwnedSubsidiariesMember' xlink:type='arc' />
<link:presentationArc order='20' xlink:arcrole='http://www.xbrl.org/2003/arcrole/parent-child' xlink:from='loc_InvestmentsInAndAdvancesToAffiliatesCategorizationDomain' xlink:to='loc_OtherControlledCompaniesMember' xlink:type='arc' />
<link:presentationArc order='30' xlink:arcrole='http://www.xbrl.org/2003/arcrole/parent-child' xlink:from='loc_InvestmentsInAndAdvancesToAffiliatesCategorizationDomain' xlink:to='loc_OtherAffiliatesMember' xlink:type='arc' />
<link:presentationArc order='10' xlink:arcrole='http://www.xbrl.org/2003/arcrole/parent-child' xlink:from='loc_InvestmentsInAndAdvancesToAffiliatesLineItems' xlink:to='loc_InvestmentsInAndAdvancesToAffiliatesBalanceAbstract' xlink:type='arc' />
<link:presentationArc order='20' xlink:arcrole='http://www.xbrl.org/2003/arcrole/parent-child' xlink:from='loc_InvestmentsInAndAdvancesToAffiliatesLineItems' xlink:to='loc_InvestmentsInAndAdvancesToAffiliatesAmountOfEquity' xlink:type='arc' />
<link:presentationArc order='30' xlink:arcrole='http://www.xbrl.org/2003/arcrole/parent-child' xlink:from='loc_InvestmentsInAndAdvancesToAffiliatesLineItems' xlink:to='loc_InvestmentsInAndAdvancesToAffiliatesDividendsOrInterest' xlink:type='arc' />
<link:presentationArc order='10' xlink:arcrole='http://www.xbrl.org/2003/arcrole/parent-child' xlink:from='loc_InvestmentsInAndAdvancesToAffiliatesDividendsOrInterest' xlink:to='loc_InvestmentsInAndAdvancesToAffiliatesDividendOrInterestCreditedToIncome' xlink:type='arc' />
<link:presentationArc order='20' xlink:arcrole='http://www.xbrl.org/2003/arcrole/parent-child' xlink:from='loc_InvestmentsInAndAdvancesToAffiliatesDividendsOrInterest' xlink:to='loc_InvestmentsInAndAdvancesToAffiliatesDividendOrInterestOther' xlink:type='arc' />
<link:presentationArc order='30' xlink:arcrole='http://www.xbrl.org/2003/arcrole/parent-child' xlink:from='loc_InvestmentsInAndAdvancesToAffiliatesDividendsOrInterest' xlink:to='loc_InvestmentsInAndAdvancesToAffiliatesNoncashDividendsFlag' xlink:type='arc' />
<link:presentationArc order='40' xlink:arcrole='http://www.xbrl.org/2003/arcrole/parent-child' xlink:from='loc_InvestmentsInAndAdvancesToAffiliatesLineItems' xlink:to='loc_InvestmentsInAndAdvancesToAffiliatesAtFairValueRollForward' xlink:type='arc' />
<link:presentationArc order='50' xlink:arcrole='http://www.xbrl.org/2003/arcrole/parent-child' xlink:from='loc_InvestmentsInAndAdvancesToAffiliatesLineItems' xlink:to='loc_InvestmentsInAndAdvancesToAffiliatesAdditionalInformation' xlink:type='arc' />
<link:presentationArc order='10' xlink:arcrole='http://www.xbrl.org/2003/arcrole/parent-child' xlink:from='loc_InvestmentsInAndAdvancesToAffiliatesTable' xlink:to='loc_InvestmentsInAndAdvancesToAffiliatesCategorizationAxis' xlink:type='arc' />
<link:presentationArc order='20' xlink:arcrole='http://www.xbrl.org/2003/arcrole/parent-child' xlink:from='loc_InvestmentsInAndAdvancesToAffiliatesTable' xlink:to='loc_InvestmentAxis' xlink:type='arc' />
<link:presentationArc order='30' xlink:arcrole='http://www.xbrl.org/2003/arcrole/parent-child' xlink:from='loc_InvestmentsInAndAdvancesToAffiliatesTable' xlink:to='loc_InvestmentsInAndAdvancesToAffiliatesLineItems' xlink:type='arc' />
<link:presentationArc order='10' xlink:arcrole='http://www.xbrl.org/2003/arcrole/parent-child' xlink:from='loc_InvestmentsInAndAdvancesToAffiliatesBalanceAbstract' xlink:to='loc_InvestmentsInAndAdvancesToAffiliatesBalanceShares' xlink:type='arc' />
<link:presentationArc order='20' xlink:arcrole='http://www.xbrl.org/2003/arcrole/parent-child' xlink:from='loc_InvestmentsInAndAdvancesToAffiliatesBalanceAbstract' xlink:to='loc_InvestmentsInAndAdvancesToAffiliatesBalanceContracts1' xlink:type='arc' />
<link:presentationArc order='30' xlink:arcrole='http://www.xbrl.org/2003/arcrole/parent-child' xlink:from='loc_InvestmentsInAndAdvancesToAffiliatesBalanceAbstract' xlink:to='loc_InvestmentsInAndAdvancesToAffiliatesBalancePrincipalAmount' xlink:type='arc' />
<link:presentationArc order='40' xlink:arcrole='http://www.xbrl.org/2003/arcrole/parent-child' xlink:from='loc_InvestmentsInAndAdvancesToAffiliatesBalanceAbstract' xlink:to='loc_InvestmentsInAndAdvancesToAffiliatesBalanceOtherMeasure' xlink:type='arc' />
<link:presentationArc order='10' xlink:arcrole='http://www.xbrl.org/2003/arcrole/parent-child' xlink:from='loc_InvestmentsInAndAdvancesToAffiliatesScheduleOfInvestmentsAbstract' xlink:to='loc_InvestmentsInAndAdvancesToAffiliatesScheduleOfInvestmentsTextBlock' xlink:type='arc' />
<link:presentationArc order='10' xlink:arcrole='http://www.xbrl.org/2003/arcrole/parent-child' xlink:from='loc_InvestmentsInAndAdvancesToAffiliatesScheduleOfInvestmentsTextBlock' xlink:to='loc_ScheduleOfInvestmentsInAndAdvancesToAffiliatesScheduleOfInvestmentsTableTextBlock' xlink:type='arc' />
<link:presentationArc order='10' xlink:arcrole='http://www.xbrl.org/2003/arcrole/parent-child' xlink:from='loc_ScheduleOfInvestmentsInAndAdvancesToAffiliatesScheduleOfInvestmentsTableTextBlock' xlink:to='loc_ScheduleOfInvestmentsTable' xlink:type='arc' />
<link:presentationArc order='10' preferredLabel='http://www.xbrl.org/2003/role/periodStartLabel' xlink:arcrole='http://www.xbrl.org/2003/arcrole/parent-child' xlink:from='loc_InvestmentsInAndAdvancesToAffiliatesAtFairValueRollForward' xlink:to='loc_InvestmentsInAndAdvancesToAffiliatesAtFairValue' xlink:type='arc' />
<link:presentationArc order='20' xlink:arcrole='http://www.xbrl.org/2003/arcrole/parent-child' xlink:from='loc_InvestmentsInAndAdvancesToAffiliatesAtFairValueRollForward' xlink:to='loc_InvestmentsInAndAdvancesToAffiliatesAtFairValueGrossAdditions' xlink:type='arc' />
<link:presentationArc order='30' xlink:arcrole='http://www.xbrl.org/2003/arcrole/parent-child' xlink:from='loc_InvestmentsInAndAdvancesToAffiliatesAtFairValueRollForward' xlink:to='loc_InvestmentsInAndAdvancesToAffiliatesAtFairValueGrossReductions' xlink:type='arc' />
<link:presentationArc order='40' preferredLabel='http://www.xbrl.org/2003/role/totalLabel' xlink:arcrole='http://www.xbrl.org/2003/arcrole/parent-child' xlink:from='loc_InvestmentsInAndAdvancesToAffiliatesAtFairValueRollForward' xlink:to='loc_InvestmentsInAndAdvancesToAffiliatesAtFairValuePeriodIncreaseDecrease' xlink:type='arc' />
<link:presentationArc order='50' preferredLabel='http://www.xbrl.org/2003/role/periodEndLabel' xlink:arcrole='http://www.xbrl.org/2003/arcrole/parent-child' xlink:from='loc_InvestmentsInAndAdvancesToAffiliatesAtFairValueRollForward' xlink:to='loc_InvestmentsInAndAdvancesToAffiliatesAtFairValue_1' xlink:type='arc' />
<link:presentationArc order='10' xlink:arcrole='http://www.xbrl.org/2003/arcrole/parent-child' xlink:from='loc_LegalEntityAxis' xlink:to='loc_EntityDomain' xlink:type='arc' />
<link:presentationArc order='10' xlink:arcrole='http://www.xbrl.org/2003/arcrole/parent-child' xlink:from='loc_ScheduleOfInvestmentsLineItems' xlink:to='loc_InvestmentsInAndAdvancesToAffiliatesTextBlock' xlink:type='arc' />
<link:presentationArc order='10' xlink:arcrole='http://www.xbrl.org/2003/arcrole/parent-child' xlink:from='loc_InvestmentsInAndAdvancesToAffiliatesTextBlock' xlink:to='loc_InvestmentsInAndAdvancesToAffiliatesTable' xlink:type='arc' />
<link:presentationArc order='10' xlink:arcrole='http://www.xbrl.org/2003/arcrole/parent-child' xlink:from='loc_ScheduleOfInvestmentsTable' xlink:to='loc_LegalEntityAxis' xlink:type='arc' />
<link:presentationArc order='20' xlink:arcrole='http://www.xbrl.org/2003/arcrole/parent-child' xlink:from='loc_ScheduleOfInvestmentsTable' xlink:to='loc_ScheduleOfInvestmentsLineItems' xlink:type='arc' />
</link:presentationLink>
</link:linkbase>
