<?xml version='1.0' encoding='UTF-8'?>

<!--
(c) XBRL US, Inc. 2007-2010; Financial Accounting Foundation, Inc. 2010-2016.  All Rights Reserved.
Notice: Authorized Uses are Set Forth at http://xbrl.fasb.org/terms/TaxonomiesTermsConditions.html
  -->
<link:linkbase xmlns:link='http://www.xbrl.org/2003/linkbase' xmlns:xbrldt='http://xbrl.org/2005/xbrldt' xmlns:xlink='http://www.w3.org/1999/xlink' xmlns:xsi='http://www.w3.org/2001/XMLSchema-instance' xsi:schemaLocation='http://www.xbrl.org/2003/linkbase http://www.xbrl.org/2003/xbrl-linkbase-2003-12-31.xsd'>
<link:roleRef roleURI='http://fasb.org/us-gaap/role/disclosure/DeferredCostsCapitalizedPrepaidAndOtherAssets' xlink:href='../elts/us-roles-2016-01-31.xsd#dccpoa' xlink:type='simple' />
<link:presentationLink xlink:role='http://fasb.org/us-gaap/role/disclosure/DeferredCostsCapitalizedPrepaidAndOtherAssets' xlink:type='extended'>
<link:loc xlink:href='../elts/us-gaap-2016-01-31.xsd#us-gaap_AssetsHeldInTrustAbstract' xlink:label='loc_AssetsHeldInTrustAbstract' xlink:type='locator' />
<link:loc xlink:href='../elts/us-gaap-2016-01-31.xsd#us-gaap_AssetsHeldInTrustCurrent' xlink:label='loc_AssetsHeldInTrustCurrent' xlink:type='locator' />
<link:loc xlink:href='../elts/us-gaap-2016-01-31.xsd#us-gaap_AssetsHeldInTrustNoncurrent' xlink:label='loc_AssetsHeldInTrustNoncurrent' xlink:type='locator' />
<link:loc xlink:href='../elts/us-gaap-2016-01-31.xsd#us-gaap_AssetsHeldInTrust' xlink:label='loc_AssetsHeldInTrust' xlink:type='locator' />
<link:loc xlink:href='../elts/us-gaap-2016-01-31.xsd#us-gaap_CreditCardOriginationCostsAbstract' xlink:label='loc_CreditCardOriginationCostsAbstract' xlink:type='locator' />
<link:loc xlink:href='../elts/us-gaap-2016-01-31.xsd#us-gaap_DeferredCostsCreditCardOriginationCostsAmount' xlink:label='loc_DeferredCostsCreditCardOriginationCostsAmount' xlink:type='locator' />
<link:loc xlink:href='../elts/us-gaap-2016-01-31.xsd#us-gaap_DeferredCostsCreditCardOriginationCostsAmortization' xlink:label='loc_DeferredCostsCreditCardOriginationCostsAmortization' xlink:type='locator' />
<link:loc xlink:href='../elts/us-gaap-2016-01-31.xsd#us-gaap_DeferredCostsAbstract' xlink:label='loc_DeferredCostsAbstract' xlink:type='locator' />
<link:loc xlink:href='../elts/us-gaap-2016-01-31.xsd#us-gaap_OtherDeferredCostsAbstract' xlink:label='loc_OtherDeferredCostsAbstract' xlink:type='locator' />
<link:loc xlink:href='../elts/us-gaap-2016-01-31.xsd#us-gaap_DeferredCostsCapitalizedPrepaidAndOtherAssetsDisclosureAbstract' xlink:label='loc_DeferredCostsCapitalizedPrepaidAndOtherAssetsDisclosureAbstract' xlink:type='locator' />
<link:loc xlink:href='../elts/us-gaap-2016-01-31.xsd#us-gaap_DeferredCostsCapitalizedPrepaidAndOtherAssetsDisclosureTextBlock' xlink:label='loc_DeferredCostsCapitalizedPrepaidAndOtherAssetsDisclosureTextBlock' xlink:type='locator' />
<link:loc xlink:href='../elts/us-gaap-2016-01-31.xsd#us-gaap_DeferredCostsLeasingNetAbstract' xlink:label='loc_DeferredCostsLeasingNetAbstract' xlink:type='locator' />
<link:loc xlink:href='../elts/us-gaap-2016-01-31.xsd#us-gaap_PrepaidExpenseAndOtherAssetsCurrentAbstract' xlink:label='loc_PrepaidExpenseAndOtherAssetsCurrentAbstract' xlink:type='locator' />
<link:loc xlink:href='../elts/us-gaap-2016-01-31.xsd#us-gaap_OtherAssetsAbstract' xlink:label='loc_OtherAssetsAbstract' xlink:type='locator' />
<link:loc xlink:href='../elts/us-gaap-2016-01-31.xsd#us-gaap_OtherAssetsMiscellaneousAbstract' xlink:label='loc_OtherAssetsMiscellaneousAbstract' xlink:type='locator' />
<link:loc xlink:href='../elts/us-gaap-2016-01-31.xsd#us-gaap_DepositAssetsDisclosureAbstract' xlink:label='loc_DepositAssetsDisclosureAbstract' xlink:type='locator' />
<link:loc xlink:href='../elts/us-gaap-2016-01-31.xsd#us-gaap_OtherAssetsNoncurrentDisclosureAbstract' xlink:label='loc_OtherAssetsNoncurrentDisclosureAbstract' xlink:type='locator' />
<link:loc xlink:href='../elts/us-gaap-2016-01-31.xsd#us-gaap_OtherAssetsUnclassifiedAbstract' xlink:label='loc_OtherAssetsUnclassifiedAbstract' xlink:type='locator' />
<link:loc xlink:href='../elts/us-gaap-2016-01-31.xsd#us-gaap_OtherAssetsSignificantAdditionsOrDeletionsAbstract' xlink:label='loc_OtherAssetsSignificantAdditionsOrDeletionsAbstract' xlink:type='locator' />
<link:loc xlink:href='../elts/us-gaap-2016-01-31.xsd#us-gaap_PreproductionCostsRelatedToLongTermSupplyArrangementsAbstract' xlink:label='loc_PreproductionCostsRelatedToLongTermSupplyArrangementsAbstract' xlink:type='locator' />
<link:loc xlink:href='../elts/us-gaap-2016-01-31.xsd#us-gaap_PrepaidExpenseAndOtherAssetsNoncurrentAbstract' xlink:label='loc_PrepaidExpenseAndOtherAssetsNoncurrentAbstract' xlink:type='locator' />
<link:loc xlink:href='../elts/us-gaap-2016-01-31.xsd#us-gaap_DeferredIncomeTaxesAbstract' xlink:label='loc_DeferredIncomeTaxesAbstract' xlink:type='locator' />
<link:loc xlink:href='../elts/us-gaap-2016-01-31.xsd#us-gaap_InterestReceivableAndOtherAssetsAbstract' xlink:label='loc_InterestReceivableAndOtherAssetsAbstract' xlink:type='locator' />
<link:loc xlink:href='../elts/us-gaap-2016-01-31.xsd#us-gaap_MaterialsSuppliesAndOther' xlink:label='loc_MaterialsSuppliesAndOther' xlink:type='locator' />
<link:loc xlink:href='../elts/us-gaap-2016-01-31.xsd#us-gaap_SettlementAssetsCurrent' xlink:label='loc_SettlementAssetsCurrent' xlink:type='locator' />
<link:loc xlink:href='../elts/us-gaap-2016-01-31.xsd#us-gaap_DeferredCostsAndOtherAssets' xlink:label='loc_DeferredCostsAndOtherAssets' xlink:type='locator' />
<link:loc xlink:href='../elts/us-gaap-2016-01-31.xsd#us-gaap_AssetsNoncurrentOtherThanNoncurrentInvestmentsAndPropertyPlantAndEquipment' xlink:label='loc_AssetsNoncurrentOtherThanNoncurrentInvestmentsAndPropertyPlantAndEquipment' xlink:type='locator' />
<link:loc xlink:href='../elts/us-gaap-2016-01-31.xsd#us-gaap_DisclosureTextBlockSupplementAbstract' xlink:label='loc_DisclosureTextBlockSupplementAbstract' xlink:type='locator' />
<link:loc xlink:href='../elts/us-gaap-2016-01-31.xsd#us-gaap_TableTextBlockSupplementAbstract' xlink:label='loc_TableTextBlockSupplementAbstract' xlink:type='locator' />
<link:loc xlink:href='../elts/us-gaap-2016-01-31.xsd#us-gaap_DeferredCostsLeasingGross' xlink:label='loc_DeferredCostsLeasingGross' xlink:type='locator' />
<link:loc xlink:href='../elts/us-gaap-2016-01-31.xsd#us-gaap_DeferredCostsLeasingAccumulatedAmortization' xlink:label='loc_DeferredCostsLeasingAccumulatedAmortization' xlink:type='locator' />
<link:loc xlink:href='../elts/us-gaap-2016-01-31.xsd#us-gaap_DeferredCostsLeasingNet' xlink:label='loc_DeferredCostsLeasingNet' xlink:type='locator' />
<link:loc xlink:href='../elts/us-gaap-2016-01-31.xsd#us-gaap_DeferredIncomeTaxesAndOtherAssetsCurrent' xlink:label='loc_DeferredIncomeTaxesAndOtherAssetsCurrent' xlink:type='locator' />
<link:loc xlink:href='../elts/us-gaap-2016-01-31.xsd#us-gaap_DeferredIncomeTaxesAndOtherAssetsNoncurrent' xlink:label='loc_DeferredIncomeTaxesAndOtherAssetsNoncurrent' xlink:type='locator' />
<link:loc xlink:href='../elts/us-gaap-2016-01-31.xsd#us-gaap_DeferredIncomeTaxesAndOtherTaxReceivableCurrent' xlink:label='loc_DeferredIncomeTaxesAndOtherTaxReceivableCurrent' xlink:type='locator' />
<link:loc xlink:href='../elts/us-gaap-2016-01-31.xsd#us-gaap_DepositAssetsAbstract' xlink:label='loc_DepositAssetsAbstract' xlink:type='locator' />
<link:loc xlink:href='../elts/us-gaap-2016-01-31.xsd#us-gaap_OtherDepositAssetRelatedText' xlink:label='loc_OtherDepositAssetRelatedText' xlink:type='locator' />
<link:loc xlink:href='../elts/us-gaap-2016-01-31.xsd#us-gaap_SecurityDeposit' xlink:label='loc_SecurityDeposit' xlink:type='locator' />
<link:loc xlink:href='../elts/us-gaap-2016-01-31.xsd#us-gaap_DepositContractsAssets' xlink:label='loc_DepositContractsAssets' xlink:type='locator' />
<link:loc xlink:href='../elts/us-gaap-2016-01-31.xsd#us-gaap_RetainageDeposit' xlink:label='loc_RetainageDeposit' xlink:type='locator' />
<link:loc xlink:href='../elts/us-gaap-2016-01-31.xsd#us-gaap_MarginDepositAssets' xlink:label='loc_MarginDepositAssets' xlink:type='locator' />
<link:loc xlink:href='../elts/us-gaap-2016-01-31.xsd#us-gaap_EscrowDeposit' xlink:label='loc_EscrowDeposit' xlink:type='locator' />
<link:loc xlink:href='../elts/us-gaap-2016-01-31.xsd#us-gaap_DepositsWithClearingOrganizationsAndOthersSecurities' xlink:label='loc_DepositsWithClearingOrganizationsAndOthersSecurities' xlink:type='locator' />
<link:loc xlink:href='../elts/us-gaap-2016-01-31.xsd#us-gaap_EarnestMoneyDeposits' xlink:label='loc_EarnestMoneyDeposits' xlink:type='locator' />
<link:loc xlink:href='../elts/us-gaap-2016-01-31.xsd#us-gaap_DepositAssets' xlink:label='loc_DepositAssets' xlink:type='locator' />
<link:loc xlink:href='../elts/us-gaap-2016-01-31.xsd#us-gaap_OtherAssetsDisclosureTextBlock' xlink:label='loc_OtherAssetsDisclosureTextBlock' xlink:type='locator' />
<link:loc xlink:href='../elts/us-gaap-2016-01-31.xsd#us-gaap_OtherCurrentAssetsTextBlock' xlink:label='loc_OtherCurrentAssetsTextBlock' xlink:type='locator' />
<link:loc xlink:href='../elts/us-gaap-2016-01-31.xsd#us-gaap_InterestReceivable' xlink:label='loc_InterestReceivable' xlink:type='locator' />
<link:loc xlink:href='../elts/us-gaap-2016-01-31.xsd#us-gaap_OtherAssets' xlink:label='loc_OtherAssets' xlink:type='locator' />
<link:loc xlink:href='../elts/us-gaap-2016-01-31.xsd#us-gaap_InterestReceivableAndOtherAssets' xlink:label='loc_InterestReceivableAndOtherAssets' xlink:type='locator' />
<link:loc xlink:href='../elts/us-gaap-2016-01-31.xsd#us-gaap_OtherAssetsCurrent' xlink:label='loc_OtherAssetsCurrent' xlink:type='locator' />
<link:loc xlink:href='../elts/us-gaap-2016-01-31.xsd#us-gaap_OtherAssetsNoncurrent' xlink:label='loc_OtherAssetsNoncurrent' xlink:type='locator' />
<link:loc xlink:href='../elts/us-gaap-2016-01-31.xsd#us-gaap_OtherAssetsMiscellaneousCurrent' xlink:label='loc_OtherAssetsMiscellaneousCurrent' xlink:type='locator' />
<link:loc xlink:href='../elts/us-gaap-2016-01-31.xsd#us-gaap_OtherAssetsMiscellaneousNoncurrent' xlink:label='loc_OtherAssetsMiscellaneousNoncurrent' xlink:type='locator' />
<link:loc xlink:href='../elts/us-gaap-2016-01-31.xsd#us-gaap_OtherAssetsMiscellaneous' xlink:label='loc_OtherAssetsMiscellaneous' xlink:type='locator' />
<link:loc xlink:href='../elts/us-gaap-2016-01-31.xsd#us-gaap_ScheduleOfOtherAssetsNoncurrentTextBlock' xlink:label='loc_ScheduleOfOtherAssetsNoncurrentTextBlock' xlink:type='locator' />
<link:loc xlink:href='../elts/us-gaap-2016-01-31.xsd#us-gaap_OtherAssetsNoncurrentAbstract' xlink:label='loc_OtherAssetsNoncurrentAbstract' xlink:type='locator' />
<link:loc xlink:href='../elts/us-gaap-2016-01-31.xsd#us-gaap_DeferredAdvertisingCosts' xlink:label='loc_DeferredAdvertisingCosts' xlink:type='locator' />
<link:loc xlink:href='../elts/us-gaap-2016-01-31.xsd#us-gaap_CapitalizedSoftwareDevelopmentCostsForSoftwareSoldToCustomers' xlink:label='loc_CapitalizedSoftwareDevelopmentCostsForSoftwareSoldToCustomers' xlink:type='locator' />
<link:loc xlink:href='../elts/us-gaap-2016-01-31.xsd#us-gaap_CustomerFunds' xlink:label='loc_CustomerFunds' xlink:type='locator' />
<link:loc xlink:href='../elts/us-gaap-2016-01-31.xsd#us-gaap_CashSurrenderValueOfLifeInsurance' xlink:label='loc_CashSurrenderValueOfLifeInsurance' xlink:type='locator' />
<link:loc xlink:href='../elts/us-gaap-2016-01-31.xsd#us-gaap_EstimatedInsuranceRecoveries' xlink:label='loc_EstimatedInsuranceRecoveries' xlink:type='locator' />
<link:loc xlink:href='../elts/us-gaap-2016-01-31.xsd#us-gaap_DeferredCompensationPlanAssets' xlink:label='loc_DeferredCompensationPlanAssets' xlink:type='locator' />
<link:loc xlink:href='../elts/us-gaap-2016-01-31.xsd#us-gaap_LeveragedLeaseInvestment' xlink:label='loc_LeveragedLeaseInvestment' xlink:type='locator' />
<link:loc xlink:href='../elts/us-gaap-2016-01-31.xsd#us-gaap_DemandSideManagementProgramCostsNoncurrent' xlink:label='loc_DemandSideManagementProgramCostsNoncurrent' xlink:type='locator' />
<link:loc xlink:href='../elts/us-gaap-2016-01-31.xsd#us-gaap_AdditionsToOtherAssetsDescription' xlink:label='loc_AdditionsToOtherAssetsDescription' xlink:type='locator' />
<link:loc xlink:href='../elts/us-gaap-2016-01-31.xsd#us-gaap_AdditionsToOtherAssetsAmount' xlink:label='loc_AdditionsToOtherAssetsAmount' xlink:type='locator' />
<link:loc xlink:href='../elts/us-gaap-2016-01-31.xsd#us-gaap_ReductionsInOtherAssetsDescription' xlink:label='loc_ReductionsInOtherAssetsDescription' xlink:type='locator' />
<link:loc xlink:href='../elts/us-gaap-2016-01-31.xsd#us-gaap_ReductionsInOtherAssetsAmount' xlink:label='loc_ReductionsInOtherAssetsAmount' xlink:type='locator' />
<link:loc xlink:href='../elts/us-gaap-2016-01-31.xsd#us-gaap_RestrictedInvestments' xlink:label='loc_RestrictedInvestments' xlink:type='locator' />
<link:loc xlink:href='../elts/us-gaap-2016-01-31.xsd#us-gaap_OtherRestrictedAssets' xlink:label='loc_OtherRestrictedAssets' xlink:type='locator' />
<link:loc xlink:href='../elts/us-gaap-2016-01-31.xsd#us-gaap_PrepaidExpenseCurrentAndNoncurrent' xlink:label='loc_PrepaidExpenseCurrentAndNoncurrent' xlink:type='locator' />
<link:loc xlink:href='../elts/us-gaap-2016-01-31.xsd#us-gaap_PrepaidPensionCosts' xlink:label='loc_PrepaidPensionCosts' xlink:type='locator' />
<link:loc xlink:href='../elts/us-gaap-2016-01-31.xsd#us-gaap_IncentiveToLessee' xlink:label='loc_IncentiveToLessee' xlink:type='locator' />
<link:loc xlink:href='../elts/us-gaap-2016-01-31.xsd#us-gaap_DeferredRentReceivablesNet' xlink:label='loc_DeferredRentReceivablesNet' xlink:type='locator' />
<link:loc xlink:href='../elts/us-gaap-2016-01-31.xsd#us-gaap_OtherDeferredCostsNetAbstract' xlink:label='loc_OtherDeferredCostsNetAbstract' xlink:type='locator' />
<link:loc xlink:href='../elts/us-gaap-2016-01-31.xsd#us-gaap_OtherAmortizationOfDeferredCharges' xlink:label='loc_OtherAmortizationOfDeferredCharges' xlink:type='locator' />
<link:loc xlink:href='../elts/us-gaap-2016-01-31.xsd#us-gaap_OtherDeferredCostsGross' xlink:label='loc_OtherDeferredCostsGross' xlink:type='locator' />
<link:loc xlink:href='../elts/us-gaap-2016-01-31.xsd#us-gaap_AccumulatedAmortizationOfOtherDeferredCosts' xlink:label='loc_AccumulatedAmortizationOfOtherDeferredCosts' xlink:type='locator' />
<link:loc xlink:href='../elts/us-gaap-2016-01-31.xsd#us-gaap_OtherDeferredCostsNet' xlink:label='loc_OtherDeferredCostsNet' xlink:type='locator' />
<link:loc xlink:href='../elts/us-gaap-2016-01-31.xsd#us-gaap_PrepaidExpenseCurrentAbstract' xlink:label='loc_PrepaidExpenseCurrentAbstract' xlink:type='locator' />
<link:loc xlink:href='../elts/us-gaap-2016-01-31.xsd#us-gaap_PrepaidExpenseAndOtherAssetsCurrent' xlink:label='loc_PrepaidExpenseAndOtherAssetsCurrent' xlink:type='locator' />
<link:loc xlink:href='../elts/us-gaap-2016-01-31.xsd#us-gaap_PrepaidExpenseAndOtherAssetsNoncurrent' xlink:label='loc_PrepaidExpenseAndOtherAssetsNoncurrent' xlink:type='locator' />
<link:loc xlink:href='../elts/us-gaap-2016-01-31.xsd#us-gaap_PrepaidExpenseNoncurrentAbstract' xlink:label='loc_PrepaidExpenseNoncurrentAbstract' xlink:type='locator' />
<link:loc xlink:href='../elts/us-gaap-2016-01-31.xsd#us-gaap_PrepaidInsurance' xlink:label='loc_PrepaidInsurance' xlink:type='locator' />
<link:loc xlink:href='../elts/us-gaap-2016-01-31.xsd#us-gaap_PrepaidRent' xlink:label='loc_PrepaidRent' xlink:type='locator' />
<link:loc xlink:href='../elts/us-gaap-2016-01-31.xsd#us-gaap_PrepaidAdvertising' xlink:label='loc_PrepaidAdvertising' xlink:type='locator' />
<link:loc xlink:href='../elts/us-gaap-2016-01-31.xsd#us-gaap_PrepaidRoyalties' xlink:label='loc_PrepaidRoyalties' xlink:type='locator' />
<link:loc xlink:href='../elts/us-gaap-2016-01-31.xsd#us-gaap_Supplies' xlink:label='loc_Supplies' xlink:type='locator' />
<link:loc xlink:href='../elts/us-gaap-2016-01-31.xsd#us-gaap_PrepaidInterest' xlink:label='loc_PrepaidInterest' xlink:type='locator' />
<link:loc xlink:href='../elts/us-gaap-2016-01-31.xsd#us-gaap_PrepaidTaxes' xlink:label='loc_PrepaidTaxes' xlink:type='locator' />
<link:loc xlink:href='../elts/us-gaap-2016-01-31.xsd#us-gaap_OtherPrepaidExpenseCurrent' xlink:label='loc_OtherPrepaidExpenseCurrent' xlink:type='locator' />
<link:loc xlink:href='../elts/us-gaap-2016-01-31.xsd#us-gaap_PrepaidExpenseCurrent' xlink:label='loc_PrepaidExpenseCurrent' xlink:type='locator' />
<link:loc xlink:href='../elts/us-gaap-2016-01-31.xsd#us-gaap_PrepaidExpenseOtherNoncurrent' xlink:label='loc_PrepaidExpenseOtherNoncurrent' xlink:type='locator' />
<link:loc xlink:href='../elts/us-gaap-2016-01-31.xsd#us-gaap_PrepaidMineralRoyaltiesNoncurrent' xlink:label='loc_PrepaidMineralRoyaltiesNoncurrent' xlink:type='locator' />
<link:loc xlink:href='../elts/us-gaap-2016-01-31.xsd#us-gaap_PrepaidExpenseNoncurrent' xlink:label='loc_PrepaidExpenseNoncurrent' xlink:type='locator' />
<link:loc xlink:href='../elts/us-gaap-2016-01-31.xsd#us-gaap_PreproductionCostsRelatedToLongTermSupplyArrangementsCostsCapitalized' xlink:label='loc_PreproductionCostsRelatedToLongTermSupplyArrangementsCostsCapitalized' xlink:type='locator' />
<link:loc xlink:href='../elts/us-gaap-2016-01-31.xsd#us-gaap_PreproductionCostsRelatedToLongTermSupplyArrangementsAssetForMoldsDiesAndToolsOwned' xlink:label='loc_PreproductionCostsRelatedToLongTermSupplyArrangementsAssetForMoldsDiesAndToolsOwned' xlink:type='locator' />
<link:loc xlink:href='../elts/us-gaap-2016-01-31.xsd#us-gaap_PreproductionCostsRelatedToLongTermSupplyArrangementsAssetForMoldsDiesAndToolsNotOwned' xlink:label='loc_PreproductionCostsRelatedToLongTermSupplyArrangementsAssetForMoldsDiesAndToolsNotOwned' xlink:type='locator' />
<link:loc xlink:href='../elts/us-gaap-2016-01-31.xsd#us-gaap_ScheduleOfOtherAssetsTableTextBlock' xlink:label='loc_ScheduleOfOtherAssetsTableTextBlock' xlink:type='locator' />
<link:loc xlink:href='../elts/us-gaap-2016-01-31.xsd#us-gaap_ScheduleOfOtherAssetsAndOtherLiabilitiesTableTextBlock' xlink:label='loc_ScheduleOfOtherAssetsAndOtherLiabilitiesTableTextBlock' xlink:type='locator' />
<link:loc xlink:href='../elts/us-gaap-2016-01-31.xsd#us-gaap_ScheduleOfOtherCurrentAssetsTableTextBlock' xlink:label='loc_ScheduleOfOtherCurrentAssetsTableTextBlock' xlink:type='locator' />
<link:presentationArc order='10' xlink:arcrole='http://www.xbrl.org/2003/arcrole/parent-child' xlink:from='loc_AssetsHeldInTrustAbstract' xlink:to='loc_AssetsHeldInTrustCurrent' xlink:type='arc' />
<link:presentationArc order='20' xlink:arcrole='http://www.xbrl.org/2003/arcrole/parent-child' xlink:from='loc_AssetsHeldInTrustAbstract' xlink:to='loc_AssetsHeldInTrustNoncurrent' xlink:type='arc' />
<link:presentationArc order='30' preferredLabel='http://www.xbrl.org/2003/role/totalLabel' xlink:arcrole='http://www.xbrl.org/2003/arcrole/parent-child' xlink:from='loc_AssetsHeldInTrustAbstract' xlink:to='loc_AssetsHeldInTrust' xlink:type='arc' />
<link:presentationArc order='10' use='optional' xlink:arcrole='http://www.xbrl.org/2003/arcrole/parent-child' xlink:from='loc_CreditCardOriginationCostsAbstract' xlink:to='loc_DeferredCostsCreditCardOriginationCostsAmount' xlink:type='arc' />
<link:presentationArc order='20' use='optional' xlink:arcrole='http://www.xbrl.org/2003/arcrole/parent-child' xlink:from='loc_CreditCardOriginationCostsAbstract' xlink:to='loc_DeferredCostsCreditCardOriginationCostsAmortization' xlink:type='arc' />
<link:presentationArc order='10' xlink:arcrole='http://www.xbrl.org/2003/arcrole/parent-child' xlink:from='loc_DeferredCostsAbstract' xlink:to='loc_OtherDeferredCostsAbstract' xlink:type='arc' />
<link:presentationArc order='10' xlink:arcrole='http://www.xbrl.org/2003/arcrole/parent-child' xlink:from='loc_DeferredCostsCapitalizedPrepaidAndOtherAssetsDisclosureAbstract' xlink:to='loc_DeferredCostsCapitalizedPrepaidAndOtherAssetsDisclosureTextBlock' xlink:type='arc' />
<link:presentationArc order='10' xlink:arcrole='http://www.xbrl.org/2003/arcrole/parent-child' xlink:from='loc_DeferredCostsCapitalizedPrepaidAndOtherAssetsDisclosureTextBlock' xlink:to='loc_DeferredCostsAbstract' xlink:type='arc' />
<link:presentationArc order='20' xlink:arcrole='http://www.xbrl.org/2003/arcrole/parent-child' xlink:from='loc_DeferredCostsCapitalizedPrepaidAndOtherAssetsDisclosureTextBlock' xlink:to='loc_DeferredCostsLeasingNetAbstract' xlink:type='arc' />
<link:presentationArc order='30' xlink:arcrole='http://www.xbrl.org/2003/arcrole/parent-child' xlink:from='loc_DeferredCostsCapitalizedPrepaidAndOtherAssetsDisclosureTextBlock' xlink:to='loc_PrepaidExpenseAndOtherAssetsCurrentAbstract' xlink:type='arc' />
<link:presentationArc order='40' use='optional' xlink:arcrole='http://www.xbrl.org/2003/arcrole/parent-child' xlink:from='loc_DeferredCostsCapitalizedPrepaidAndOtherAssetsDisclosureTextBlock' xlink:to='loc_CreditCardOriginationCostsAbstract' xlink:type='arc' />
<link:presentationArc order='50' xlink:arcrole='http://www.xbrl.org/2003/arcrole/parent-child' xlink:from='loc_DeferredCostsCapitalizedPrepaidAndOtherAssetsDisclosureTextBlock' xlink:to='loc_OtherAssetsAbstract' xlink:type='arc' />
<link:presentationArc order='60' xlink:arcrole='http://www.xbrl.org/2003/arcrole/parent-child' xlink:from='loc_DeferredCostsCapitalizedPrepaidAndOtherAssetsDisclosureTextBlock' xlink:to='loc_OtherAssetsMiscellaneousAbstract' xlink:type='arc' />
<link:presentationArc order='70' use='optional' xlink:arcrole='http://www.xbrl.org/2003/arcrole/parent-child' xlink:from='loc_DeferredCostsCapitalizedPrepaidAndOtherAssetsDisclosureTextBlock' xlink:to='loc_DepositAssetsDisclosureAbstract' xlink:type='arc' />
<link:presentationArc order='80' xlink:arcrole='http://www.xbrl.org/2003/arcrole/parent-child' xlink:from='loc_DeferredCostsCapitalizedPrepaidAndOtherAssetsDisclosureTextBlock' xlink:to='loc_OtherAssetsNoncurrentDisclosureAbstract' xlink:type='arc' />
<link:presentationArc order='90' xlink:arcrole='http://www.xbrl.org/2003/arcrole/parent-child' xlink:from='loc_DeferredCostsCapitalizedPrepaidAndOtherAssetsDisclosureTextBlock' xlink:to='loc_OtherAssetsUnclassifiedAbstract' xlink:type='arc' />
<link:presentationArc order='100' xlink:arcrole='http://www.xbrl.org/2003/arcrole/parent-child' xlink:from='loc_DeferredCostsCapitalizedPrepaidAndOtherAssetsDisclosureTextBlock' xlink:to='loc_OtherAssetsSignificantAdditionsOrDeletionsAbstract' xlink:type='arc' />
<link:presentationArc order='110' use='optional' xlink:arcrole='http://www.xbrl.org/2003/arcrole/parent-child' xlink:from='loc_DeferredCostsCapitalizedPrepaidAndOtherAssetsDisclosureTextBlock' xlink:to='loc_PreproductionCostsRelatedToLongTermSupplyArrangementsAbstract' xlink:type='arc' />
<link:presentationArc order='120' xlink:arcrole='http://www.xbrl.org/2003/arcrole/parent-child' xlink:from='loc_DeferredCostsCapitalizedPrepaidAndOtherAssetsDisclosureTextBlock' xlink:to='loc_AssetsHeldInTrustAbstract' xlink:type='arc' />
<link:presentationArc order='130' xlink:arcrole='http://www.xbrl.org/2003/arcrole/parent-child' xlink:from='loc_DeferredCostsCapitalizedPrepaidAndOtherAssetsDisclosureTextBlock' xlink:to='loc_PrepaidExpenseAndOtherAssetsNoncurrentAbstract' xlink:type='arc' />
<link:presentationArc order='140' xlink:arcrole='http://www.xbrl.org/2003/arcrole/parent-child' xlink:from='loc_DeferredCostsCapitalizedPrepaidAndOtherAssetsDisclosureTextBlock' xlink:to='loc_DeferredIncomeTaxesAbstract' xlink:type='arc' />
<link:presentationArc order='150' xlink:arcrole='http://www.xbrl.org/2003/arcrole/parent-child' xlink:from='loc_DeferredCostsCapitalizedPrepaidAndOtherAssetsDisclosureTextBlock' xlink:to='loc_InterestReceivableAndOtherAssetsAbstract' xlink:type='arc' />
<link:presentationArc order='160' xlink:arcrole='http://www.xbrl.org/2003/arcrole/parent-child' xlink:from='loc_DeferredCostsCapitalizedPrepaidAndOtherAssetsDisclosureTextBlock' xlink:to='loc_MaterialsSuppliesAndOther' xlink:type='arc' />
<link:presentationArc order='170' xlink:arcrole='http://www.xbrl.org/2003/arcrole/parent-child' xlink:from='loc_DeferredCostsCapitalizedPrepaidAndOtherAssetsDisclosureTextBlock' xlink:to='loc_SettlementAssetsCurrent' xlink:type='arc' />
<link:presentationArc order='180' xlink:arcrole='http://www.xbrl.org/2003/arcrole/parent-child' xlink:from='loc_DeferredCostsCapitalizedPrepaidAndOtherAssetsDisclosureTextBlock' xlink:to='loc_DeferredCostsAndOtherAssets' xlink:type='arc' />
<link:presentationArc order='190' xlink:arcrole='http://www.xbrl.org/2003/arcrole/parent-child' xlink:from='loc_DeferredCostsCapitalizedPrepaidAndOtherAssetsDisclosureTextBlock' xlink:to='loc_AssetsNoncurrentOtherThanNoncurrentInvestmentsAndPropertyPlantAndEquipment' xlink:type='arc' />
<link:presentationArc order='20' xlink:arcrole='http://www.xbrl.org/2003/arcrole/parent-child' xlink:from='loc_DeferredCostsCapitalizedPrepaidAndOtherAssetsDisclosureAbstract' xlink:to='loc_DisclosureTextBlockSupplementAbstract' xlink:type='arc' />
<link:presentationArc order='30' xlink:arcrole='http://www.xbrl.org/2003/arcrole/parent-child' xlink:from='loc_DeferredCostsCapitalizedPrepaidAndOtherAssetsDisclosureAbstract' xlink:to='loc_TableTextBlockSupplementAbstract' xlink:type='arc' />
<link:presentationArc order='10' xlink:arcrole='http://www.xbrl.org/2003/arcrole/parent-child' xlink:from='loc_DeferredCostsLeasingNetAbstract' xlink:to='loc_DeferredCostsLeasingGross' xlink:type='arc' />
<link:presentationArc order='20' xlink:arcrole='http://www.xbrl.org/2003/arcrole/parent-child' xlink:from='loc_DeferredCostsLeasingNetAbstract' xlink:to='loc_DeferredCostsLeasingAccumulatedAmortization' xlink:type='arc' />
<link:presentationArc order='30' preferredLabel='http://www.xbrl.org/2003/role/totalLabel' xlink:arcrole='http://www.xbrl.org/2003/arcrole/parent-child' xlink:from='loc_DeferredCostsLeasingNetAbstract' xlink:to='loc_DeferredCostsLeasingNet' xlink:type='arc' />
<link:presentationArc order='10' xlink:arcrole='http://www.xbrl.org/2003/arcrole/parent-child' xlink:from='loc_DeferredIncomeTaxesAbstract' xlink:to='loc_DeferredIncomeTaxesAndOtherAssetsCurrent' xlink:type='arc' />
<link:presentationArc order='20' xlink:arcrole='http://www.xbrl.org/2003/arcrole/parent-child' xlink:from='loc_DeferredIncomeTaxesAbstract' xlink:to='loc_DeferredIncomeTaxesAndOtherAssetsNoncurrent' xlink:type='arc' />
<link:presentationArc order='30' xlink:arcrole='http://www.xbrl.org/2003/arcrole/parent-child' xlink:from='loc_DeferredIncomeTaxesAbstract' xlink:to='loc_DeferredIncomeTaxesAndOtherTaxReceivableCurrent' xlink:type='arc' />
<link:presentationArc order='10' xlink:arcrole='http://www.xbrl.org/2003/arcrole/parent-child' xlink:from='loc_DepositAssetsDisclosureAbstract' xlink:to='loc_DepositAssetsAbstract' xlink:type='arc' />
<link:presentationArc order='20' xlink:arcrole='http://www.xbrl.org/2003/arcrole/parent-child' xlink:from='loc_DepositAssetsDisclosureAbstract' xlink:to='loc_OtherDepositAssetRelatedText' xlink:type='arc' />
<link:presentationArc order='10' use='optional' xlink:arcrole='http://www.xbrl.org/2003/arcrole/parent-child' xlink:from='loc_DepositAssetsAbstract' xlink:to='loc_SecurityDeposit' xlink:type='arc' />
<link:presentationArc order='20' xlink:arcrole='http://www.xbrl.org/2003/arcrole/parent-child' xlink:from='loc_DepositAssetsAbstract' xlink:to='loc_DepositContractsAssets' xlink:type='arc' />
<link:presentationArc order='30' use='optional' xlink:arcrole='http://www.xbrl.org/2003/arcrole/parent-child' xlink:from='loc_DepositAssetsAbstract' xlink:to='loc_RetainageDeposit' xlink:type='arc' />
<link:presentationArc order='40' use='optional' xlink:arcrole='http://www.xbrl.org/2003/arcrole/parent-child' xlink:from='loc_DepositAssetsAbstract' xlink:to='loc_MarginDepositAssets' xlink:type='arc' />
<link:presentationArc order='50' xlink:arcrole='http://www.xbrl.org/2003/arcrole/parent-child' xlink:from='loc_DepositAssetsAbstract' xlink:to='loc_EscrowDeposit' xlink:type='arc' />
<link:presentationArc order='60' xlink:arcrole='http://www.xbrl.org/2003/arcrole/parent-child' xlink:from='loc_DepositAssetsAbstract' xlink:to='loc_DepositsWithClearingOrganizationsAndOthersSecurities' xlink:type='arc' />
<link:presentationArc order='70' xlink:arcrole='http://www.xbrl.org/2003/arcrole/parent-child' xlink:from='loc_DepositAssetsAbstract' xlink:to='loc_EarnestMoneyDeposits' xlink:type='arc' />
<link:presentationArc order='80' preferredLabel='http://www.xbrl.org/2003/role/totalLabel' xlink:arcrole='http://www.xbrl.org/2003/arcrole/parent-child' xlink:from='loc_DepositAssetsAbstract' xlink:to='loc_DepositAssets' xlink:type='arc' />
<link:presentationArc order='10' xlink:arcrole='http://www.xbrl.org/2003/arcrole/parent-child' xlink:from='loc_DisclosureTextBlockSupplementAbstract' xlink:to='loc_OtherAssetsDisclosureTextBlock' xlink:type='arc' />
<link:presentationArc order='20' xlink:arcrole='http://www.xbrl.org/2003/arcrole/parent-child' xlink:from='loc_DisclosureTextBlockSupplementAbstract' xlink:to='loc_OtherCurrentAssetsTextBlock' xlink:type='arc' />
<link:presentationArc order='10' xlink:arcrole='http://www.xbrl.org/2003/arcrole/parent-child' xlink:from='loc_InterestReceivableAndOtherAssetsAbstract' xlink:to='loc_InterestReceivable' xlink:type='arc' />
<link:presentationArc order='20' xlink:arcrole='http://www.xbrl.org/2003/arcrole/parent-child' xlink:from='loc_InterestReceivableAndOtherAssetsAbstract' xlink:to='loc_OtherAssets' xlink:type='arc' />
<link:presentationArc order='30' xlink:arcrole='http://www.xbrl.org/2003/arcrole/parent-child' xlink:from='loc_InterestReceivableAndOtherAssetsAbstract' xlink:to='loc_InterestReceivableAndOtherAssets' xlink:type='arc' />
<link:presentationArc order='10' xlink:arcrole='http://www.xbrl.org/2003/arcrole/parent-child' xlink:from='loc_OtherAssetsAbstract' xlink:to='loc_OtherAssetsCurrent' xlink:type='arc' />
<link:presentationArc order='20' xlink:arcrole='http://www.xbrl.org/2003/arcrole/parent-child' xlink:from='loc_OtherAssetsAbstract' xlink:to='loc_OtherAssetsNoncurrent' xlink:type='arc' />
<link:presentationArc order='30' preferredLabel='http://www.xbrl.org/2003/role/totalLabel' xlink:arcrole='http://www.xbrl.org/2003/arcrole/parent-child' xlink:from='loc_OtherAssetsAbstract' xlink:to='loc_OtherAssets' xlink:type='arc' />
<link:presentationArc order='10' xlink:arcrole='http://www.xbrl.org/2003/arcrole/parent-child' xlink:from='loc_OtherAssetsMiscellaneousAbstract' xlink:to='loc_OtherAssetsMiscellaneousCurrent' xlink:type='arc' />
<link:presentationArc order='20' xlink:arcrole='http://www.xbrl.org/2003/arcrole/parent-child' xlink:from='loc_OtherAssetsMiscellaneousAbstract' xlink:to='loc_OtherAssetsMiscellaneousNoncurrent' xlink:type='arc' />
<link:presentationArc order='30' preferredLabel='http://www.xbrl.org/2003/role/totalLabel' xlink:arcrole='http://www.xbrl.org/2003/arcrole/parent-child' xlink:from='loc_OtherAssetsMiscellaneousAbstract' xlink:to='loc_OtherAssetsMiscellaneous' xlink:type='arc' />
<link:presentationArc order='10' xlink:arcrole='http://www.xbrl.org/2003/arcrole/parent-child' xlink:from='loc_OtherAssetsNoncurrentDisclosureAbstract' xlink:to='loc_ScheduleOfOtherAssetsNoncurrentTextBlock' xlink:type='arc' />
<link:presentationArc order='20' xlink:arcrole='http://www.xbrl.org/2003/arcrole/parent-child' xlink:from='loc_OtherAssetsNoncurrentDisclosureAbstract' xlink:to='loc_OtherAssetsNoncurrentAbstract' xlink:type='arc' />
<link:presentationArc order='10' xlink:arcrole='http://www.xbrl.org/2003/arcrole/parent-child' xlink:from='loc_OtherAssetsNoncurrentAbstract' xlink:to='loc_DeferredAdvertisingCosts' xlink:type='arc' />
<link:presentationArc order='20' xlink:arcrole='http://www.xbrl.org/2003/arcrole/parent-child' xlink:from='loc_OtherAssetsNoncurrentAbstract' xlink:to='loc_CapitalizedSoftwareDevelopmentCostsForSoftwareSoldToCustomers' xlink:type='arc' />
<link:presentationArc order='30' xlink:arcrole='http://www.xbrl.org/2003/arcrole/parent-child' xlink:from='loc_OtherAssetsNoncurrentAbstract' xlink:to='loc_CustomerFunds' xlink:type='arc' />
<link:presentationArc order='40' xlink:arcrole='http://www.xbrl.org/2003/arcrole/parent-child' xlink:from='loc_OtherAssetsNoncurrentAbstract' xlink:to='loc_CashSurrenderValueOfLifeInsurance' xlink:type='arc' />
<link:presentationArc order='50' xlink:arcrole='http://www.xbrl.org/2003/arcrole/parent-child' xlink:from='loc_OtherAssetsNoncurrentAbstract' xlink:to='loc_EstimatedInsuranceRecoveries' xlink:type='arc' />
<link:presentationArc order='60' xlink:arcrole='http://www.xbrl.org/2003/arcrole/parent-child' xlink:from='loc_OtherAssetsNoncurrentAbstract' xlink:to='loc_DeferredCompensationPlanAssets' xlink:type='arc' />
<link:presentationArc order='70' xlink:arcrole='http://www.xbrl.org/2003/arcrole/parent-child' xlink:from='loc_OtherAssetsNoncurrentAbstract' xlink:to='loc_LeveragedLeaseInvestment' xlink:type='arc' />
<link:presentationArc order='80' xlink:arcrole='http://www.xbrl.org/2003/arcrole/parent-child' xlink:from='loc_OtherAssetsNoncurrentAbstract' xlink:to='loc_DemandSideManagementProgramCostsNoncurrent' xlink:type='arc' />
<link:presentationArc order='90' xlink:arcrole='http://www.xbrl.org/2003/arcrole/parent-child' xlink:from='loc_OtherAssetsNoncurrentAbstract' xlink:to='loc_OtherAssetsMiscellaneousNoncurrent' xlink:type='arc' />
<link:presentationArc order='10' xlink:arcrole='http://www.xbrl.org/2003/arcrole/parent-child' xlink:from='loc_OtherAssetsSignificantAdditionsOrDeletionsAbstract' xlink:to='loc_AdditionsToOtherAssetsDescription' xlink:type='arc' />
<link:presentationArc order='20' xlink:arcrole='http://www.xbrl.org/2003/arcrole/parent-child' xlink:from='loc_OtherAssetsSignificantAdditionsOrDeletionsAbstract' xlink:to='loc_AdditionsToOtherAssetsAmount' xlink:type='arc' />
<link:presentationArc order='30' xlink:arcrole='http://www.xbrl.org/2003/arcrole/parent-child' xlink:from='loc_OtherAssetsSignificantAdditionsOrDeletionsAbstract' xlink:to='loc_ReductionsInOtherAssetsDescription' xlink:type='arc' />
<link:presentationArc order='40' xlink:arcrole='http://www.xbrl.org/2003/arcrole/parent-child' xlink:from='loc_OtherAssetsSignificantAdditionsOrDeletionsAbstract' xlink:to='loc_ReductionsInOtherAssetsAmount' xlink:type='arc' />
<link:presentationArc order='10' xlink:arcrole='http://www.xbrl.org/2003/arcrole/parent-child' xlink:from='loc_OtherAssetsUnclassifiedAbstract' xlink:to='loc_RestrictedInvestments' xlink:type='arc' />
<link:presentationArc order='20' xlink:arcrole='http://www.xbrl.org/2003/arcrole/parent-child' xlink:from='loc_OtherAssetsUnclassifiedAbstract' xlink:to='loc_OtherRestrictedAssets' xlink:type='arc' />
<link:presentationArc order='30' xlink:arcrole='http://www.xbrl.org/2003/arcrole/parent-child' xlink:from='loc_OtherAssetsUnclassifiedAbstract' xlink:to='loc_PrepaidExpenseCurrentAndNoncurrent' xlink:type='arc' />
<link:presentationArc order='40' xlink:arcrole='http://www.xbrl.org/2003/arcrole/parent-child' xlink:from='loc_OtherAssetsUnclassifiedAbstract' xlink:to='loc_PrepaidPensionCosts' xlink:type='arc' />
<link:presentationArc order='50' xlink:arcrole='http://www.xbrl.org/2003/arcrole/parent-child' xlink:from='loc_OtherAssetsUnclassifiedAbstract' xlink:to='loc_DeferredCostsLeasingNet' xlink:type='arc' />
<link:presentationArc order='60' xlink:arcrole='http://www.xbrl.org/2003/arcrole/parent-child' xlink:from='loc_OtherAssetsUnclassifiedAbstract' xlink:to='loc_IncentiveToLessee' xlink:type='arc' />
<link:presentationArc order='70' xlink:arcrole='http://www.xbrl.org/2003/arcrole/parent-child' xlink:from='loc_OtherAssetsUnclassifiedAbstract' xlink:to='loc_DeferredRentReceivablesNet' xlink:type='arc' />
<link:presentationArc order='80' xlink:arcrole='http://www.xbrl.org/2003/arcrole/parent-child' xlink:from='loc_OtherAssetsUnclassifiedAbstract' xlink:to='loc_OtherAssetsMiscellaneous' xlink:type='arc' />
<link:presentationArc order='10' xlink:arcrole='http://www.xbrl.org/2003/arcrole/parent-child' xlink:from='loc_OtherDeferredCostsAbstract' xlink:to='loc_OtherDeferredCostsNetAbstract' xlink:type='arc' />
<link:presentationArc order='20' xlink:arcrole='http://www.xbrl.org/2003/arcrole/parent-child' xlink:from='loc_OtherDeferredCostsAbstract' xlink:to='loc_OtherAmortizationOfDeferredCharges' xlink:type='arc' />
<link:presentationArc order='10' xlink:arcrole='http://www.xbrl.org/2003/arcrole/parent-child' xlink:from='loc_OtherDeferredCostsNetAbstract' xlink:to='loc_OtherDeferredCostsGross' xlink:type='arc' />
<link:presentationArc order='20' xlink:arcrole='http://www.xbrl.org/2003/arcrole/parent-child' xlink:from='loc_OtherDeferredCostsNetAbstract' xlink:to='loc_AccumulatedAmortizationOfOtherDeferredCosts' xlink:type='arc' />
<link:presentationArc order='30' preferredLabel='http://www.xbrl.org/2003/role/totalLabel' xlink:arcrole='http://www.xbrl.org/2003/arcrole/parent-child' xlink:from='loc_OtherDeferredCostsNetAbstract' xlink:to='loc_OtherDeferredCostsNet' xlink:type='arc' />
<link:presentationArc order='10' xlink:arcrole='http://www.xbrl.org/2003/arcrole/parent-child' xlink:from='loc_PrepaidExpenseAndOtherAssetsCurrentAbstract' xlink:to='loc_PrepaidExpenseCurrentAbstract' xlink:type='arc' />
<link:presentationArc order='20' xlink:arcrole='http://www.xbrl.org/2003/arcrole/parent-child' xlink:from='loc_PrepaidExpenseAndOtherAssetsCurrentAbstract' xlink:to='loc_OtherAssetsCurrent' xlink:type='arc' />
<link:presentationArc order='30' xlink:arcrole='http://www.xbrl.org/2003/arcrole/parent-child' xlink:from='loc_PrepaidExpenseAndOtherAssetsCurrentAbstract' xlink:to='loc_PrepaidExpenseAndOtherAssetsCurrent' xlink:type='arc' />
<link:presentationArc order='10' xlink:arcrole='http://www.xbrl.org/2003/arcrole/parent-child' xlink:from='loc_PrepaidExpenseAndOtherAssetsNoncurrentAbstract' xlink:to='loc_OtherAssetsNoncurrent' xlink:type='arc' />
<link:presentationArc order='20' xlink:arcrole='http://www.xbrl.org/2003/arcrole/parent-child' xlink:from='loc_PrepaidExpenseAndOtherAssetsNoncurrentAbstract' xlink:to='loc_PrepaidExpenseAndOtherAssetsNoncurrent' xlink:type='arc' />
<link:presentationArc order='30' xlink:arcrole='http://www.xbrl.org/2003/arcrole/parent-child' xlink:from='loc_PrepaidExpenseAndOtherAssetsNoncurrentAbstract' xlink:to='loc_PrepaidExpenseNoncurrentAbstract' xlink:type='arc' />
<link:presentationArc order='10' xlink:arcrole='http://www.xbrl.org/2003/arcrole/parent-child' xlink:from='loc_PrepaidExpenseCurrentAbstract' xlink:to='loc_PrepaidInsurance' xlink:type='arc' />
<link:presentationArc order='20' xlink:arcrole='http://www.xbrl.org/2003/arcrole/parent-child' xlink:from='loc_PrepaidExpenseCurrentAbstract' xlink:to='loc_PrepaidRent' xlink:type='arc' />
<link:presentationArc order='30' xlink:arcrole='http://www.xbrl.org/2003/arcrole/parent-child' xlink:from='loc_PrepaidExpenseCurrentAbstract' xlink:to='loc_PrepaidAdvertising' xlink:type='arc' />
<link:presentationArc order='40' xlink:arcrole='http://www.xbrl.org/2003/arcrole/parent-child' xlink:from='loc_PrepaidExpenseCurrentAbstract' xlink:to='loc_PrepaidRoyalties' xlink:type='arc' />
<link:presentationArc order='50' xlink:arcrole='http://www.xbrl.org/2003/arcrole/parent-child' xlink:from='loc_PrepaidExpenseCurrentAbstract' xlink:to='loc_Supplies' xlink:type='arc' />
<link:presentationArc order='60' xlink:arcrole='http://www.xbrl.org/2003/arcrole/parent-child' xlink:from='loc_PrepaidExpenseCurrentAbstract' xlink:to='loc_PrepaidInterest' xlink:type='arc' />
<link:presentationArc order='70' xlink:arcrole='http://www.xbrl.org/2003/arcrole/parent-child' xlink:from='loc_PrepaidExpenseCurrentAbstract' xlink:to='loc_PrepaidTaxes' xlink:type='arc' />
<link:presentationArc order='80' xlink:arcrole='http://www.xbrl.org/2003/arcrole/parent-child' xlink:from='loc_PrepaidExpenseCurrentAbstract' xlink:to='loc_OtherPrepaidExpenseCurrent' xlink:type='arc' />
<link:presentationArc order='90' preferredLabel='http://www.xbrl.org/2003/role/totalLabel' xlink:arcrole='http://www.xbrl.org/2003/arcrole/parent-child' xlink:from='loc_PrepaidExpenseCurrentAbstract' xlink:to='loc_PrepaidExpenseCurrent' xlink:type='arc' />
<link:presentationArc order='10' xlink:arcrole='http://www.xbrl.org/2003/arcrole/parent-child' xlink:from='loc_PrepaidExpenseNoncurrentAbstract' xlink:to='loc_PrepaidExpenseOtherNoncurrent' xlink:type='arc' />
<link:presentationArc order='20' xlink:arcrole='http://www.xbrl.org/2003/arcrole/parent-child' xlink:from='loc_PrepaidExpenseNoncurrentAbstract' xlink:to='loc_PrepaidMineralRoyaltiesNoncurrent' xlink:type='arc' />
<link:presentationArc order='30' preferredLabel='http://www.xbrl.org/2003/role/totalLabel' xlink:arcrole='http://www.xbrl.org/2003/arcrole/parent-child' xlink:from='loc_PrepaidExpenseNoncurrentAbstract' xlink:to='loc_PrepaidExpenseNoncurrent' xlink:type='arc' />
<link:presentationArc order='10' use='optional' xlink:arcrole='http://www.xbrl.org/2003/arcrole/parent-child' xlink:from='loc_PreproductionCostsRelatedToLongTermSupplyArrangementsAbstract' xlink:to='loc_PreproductionCostsRelatedToLongTermSupplyArrangementsCostsCapitalized' xlink:type='arc' />
<link:presentationArc order='20' use='optional' xlink:arcrole='http://www.xbrl.org/2003/arcrole/parent-child' xlink:from='loc_PreproductionCostsRelatedToLongTermSupplyArrangementsAbstract' xlink:to='loc_PreproductionCostsRelatedToLongTermSupplyArrangementsAssetForMoldsDiesAndToolsOwned' xlink:type='arc' />
<link:presentationArc order='30' use='optional' xlink:arcrole='http://www.xbrl.org/2003/arcrole/parent-child' xlink:from='loc_PreproductionCostsRelatedToLongTermSupplyArrangementsAbstract' xlink:to='loc_PreproductionCostsRelatedToLongTermSupplyArrangementsAssetForMoldsDiesAndToolsNotOwned' xlink:type='arc' />
<link:presentationArc order='10' xlink:arcrole='http://www.xbrl.org/2003/arcrole/parent-child' xlink:from='loc_TableTextBlockSupplementAbstract' xlink:to='loc_ScheduleOfOtherAssetsTableTextBlock' xlink:type='arc' />
<link:presentationArc order='20' xlink:arcrole='http://www.xbrl.org/2003/arcrole/parent-child' xlink:from='loc_TableTextBlockSupplementAbstract' xlink:to='loc_ScheduleOfOtherAssetsAndOtherLiabilitiesTableTextBlock' xlink:type='arc' />
<link:presentationArc order='30' xlink:arcrole='http://www.xbrl.org/2003/arcrole/parent-child' xlink:from='loc_TableTextBlockSupplementAbstract' xlink:to='loc_ScheduleOfOtherCurrentAssetsTableTextBlock' xlink:type='arc' />
</link:presentationLink>
</link:linkbase>
