<?xml version='1.0' encoding='UTF-8'?>

<!--
(c) XBRL US, Inc. 2007-2010; Financial Accounting Foundation, Inc. 2010-2016.  All Rights Reserved.
Notice: Authorized Uses are Set Forth at http://xbrl.fasb.org/terms/TaxonomiesTermsConditions.html
  -->
<link:linkbase xmlns:link='http://www.xbrl.org/2003/linkbase' xmlns:xbrldt='http://xbrl.org/2005/xbrldt' xmlns:xlink='http://www.w3.org/1999/xlink' xmlns:xsi='http://www.w3.org/2001/XMLSchema-instance' xsi:schemaLocation='http://www.xbrl.org/2003/linkbase http://www.xbrl.org/2003/xbrl-linkbase-2003-12-31.xsd'>
<link:roleRef roleURI='http://fasb.org/us-gaap/role/disclosure/MinorityInterest' xlink:href='../elts/us-roles-2016-01-31.xsd#ni' xlink:type='simple' />
<link:presentationLink xlink:role='http://fasb.org/us-gaap/role/disclosure/MinorityInterest' xlink:type='extended'>
<link:loc xlink:href='../elts/us-gaap-2016-01-31.xsd#us-gaap_ConsolidationItemsAxis' xlink:label='loc_ConsolidationItemsAxis' xlink:type='locator' />
<link:loc xlink:href='../elts/us-gaap-2016-01-31.xsd#us-gaap_ConsolidationItemsDomain' xlink:label='loc_ConsolidationItemsDomain' xlink:type='locator' />
<link:loc xlink:href='../elts/us-gaap-2016-01-31.xsd#us-gaap_ReportableLegalEntitiesMember' xlink:label='loc_ReportableLegalEntitiesMember' xlink:type='locator' />
<link:loc xlink:href='../elts/us-gaap-2016-01-31.xsd#us-gaap_ConsolidationEliminationsMember' xlink:label='loc_ConsolidationEliminationsMember' xlink:type='locator' />
<link:loc xlink:href='../elts/us-gaap-2016-01-31.xsd#us-gaap_ConsolidationLessThanWhollyOwnedSubsidiaryParentOwnershipInterestChangeDueToNetIncomeAttributableToParentAndEffectsOfChangesNetAbstract' xlink:label='loc_ConsolidationLessThanWhollyOwnedSubsidiaryParentOwnershipInterestChangeDueToNetIncomeAttributableToParentAndEffectsOfChangesNetAbstract' xlink:type='locator' />
<link:loc xlink:href='../elts/us-gaap-2016-01-31.xsd#us-gaap_NetIncomeLoss' xlink:label='loc_NetIncomeLoss' xlink:type='locator' />
<link:loc xlink:href='../elts/us-gaap-2016-01-31.xsd#us-gaap_ConsolidationLessThanWhollyOwnedSubsidiaryParentOwnershipInterestChangesNetAbstract' xlink:label='loc_ConsolidationLessThanWhollyOwnedSubsidiaryParentOwnershipInterestChangesNetAbstract' xlink:type='locator' />
<link:loc xlink:href='../elts/us-gaap-2016-01-31.xsd#us-gaap_ConsolidationLessThanWhollyOwnedSubsidiaryParentOwnershipInterestChangeDueToNetIncomeAttributableToParentAndEffectsOfChangesNet' xlink:label='loc_ConsolidationLessThanWhollyOwnedSubsidiaryParentOwnershipInterestChangeDueToNetIncomeAttributableToParentAndEffectsOfChangesNet' xlink:type='locator' />
<link:loc xlink:href='../elts/us-gaap-2016-01-31.xsd#us-gaap_ConsolidationLessThanWhollyOwnedSubsidiaryParentOwnershipInterestChangesSaleOfInterestByParent' xlink:label='loc_ConsolidationLessThanWhollyOwnedSubsidiaryParentOwnershipInterestChangesSaleOfInterestByParent' xlink:type='locator' />
<link:loc xlink:href='../elts/us-gaap-2016-01-31.xsd#us-gaap_ConsolidationLessThanWhollyOwnedSubsidiaryParentOwnershipInterestChangesIssuanceOfEquityBySubsidiaryToNoncontrollingInterests' xlink:label='loc_ConsolidationLessThanWhollyOwnedSubsidiaryParentOwnershipInterestChangesIssuanceOfEquityBySubsidiaryToNoncontrollingInterests' xlink:type='locator' />
<link:loc xlink:href='../elts/us-gaap-2016-01-31.xsd#us-gaap_ConsolidationLessThanWhollyOwnedSubsidiaryParentOwnershipInterestChangesPurchaseOfInterestByParent' xlink:label='loc_ConsolidationLessThanWhollyOwnedSubsidiaryParentOwnershipInterestChangesPurchaseOfInterestByParent' xlink:type='locator' />
<link:loc xlink:href='../elts/us-gaap-2016-01-31.xsd#us-gaap_ConsolidationLessThanWhollyOwnedSubsidiaryParentOwnershipInterestChangesRepurchaseOfSharesBySubsidiary' xlink:label='loc_ConsolidationLessThanWhollyOwnedSubsidiaryParentOwnershipInterestChangesRepurchaseOfSharesBySubsidiary' xlink:type='locator' />
<link:loc xlink:href='../elts/us-gaap-2016-01-31.xsd#us-gaap_ConsolidationLessThanWhollyOwnedSubsidiaryParentOwnershipInterestChangesAdditionalInterestIssuedToParent' xlink:label='loc_ConsolidationLessThanWhollyOwnedSubsidiaryParentOwnershipInterestChangesAdditionalInterestIssuedToParent' xlink:type='locator' />
<link:loc xlink:href='../elts/us-gaap-2016-01-31.xsd#us-gaap_ConsolidationLessThanWhollyOwnedSubsidiaryParentOwnershipInterestChangesNet' xlink:label='loc_ConsolidationLessThanWhollyOwnedSubsidiaryParentOwnershipInterestChangesNet' xlink:type='locator' />
<link:loc xlink:href='../elts/us-gaap-2016-01-31.xsd#us-gaap_ConsolidationLessThanWhollyOwnedSubsidiaryParentOwnershipInterestEffectsOfChangesNetLineItems' xlink:label='loc_ConsolidationLessThanWhollyOwnedSubsidiaryParentOwnershipInterestEffectsOfChangesNetLineItems' xlink:type='locator' />
<link:loc xlink:href='../elts/us-gaap-2016-01-31.xsd#us-gaap_ConsolidationLessThanWhollyOwnedSubsidiaryParentOwnershipInterestEffectsOfChangesNetTable' xlink:label='loc_ConsolidationLessThanWhollyOwnedSubsidiaryParentOwnershipInterestEffectsOfChangesNetTable' xlink:type='locator' />
<link:loc xlink:href='http://xbrl.sec.gov/dei/2014/dei-2014-01-31.xsd#dei_LegalEntityAxis' xlink:label='loc_LegalEntityAxis' xlink:type='locator' />
<link:loc xlink:href='../elts/us-gaap-2016-01-31.xsd#us-gaap_StatementEquityComponentsAxis' xlink:label='loc_StatementEquityComponentsAxis' xlink:type='locator' />
<link:loc xlink:href='../elts/us-gaap-2016-01-31.xsd#us-gaap_DeconsolidationGainOrLossWithRelatedDisclosuresAbstract' xlink:label='loc_DeconsolidationGainOrLossWithRelatedDisclosuresAbstract' xlink:type='locator' />
<link:loc xlink:href='../elts/us-gaap-2016-01-31.xsd#us-gaap_DeconsolidationGainOrLossAmount' xlink:label='loc_DeconsolidationGainOrLossAmount' xlink:type='locator' />
<link:loc xlink:href='../elts/us-gaap-2016-01-31.xsd#us-gaap_DeconsolidationRevaluationOfRetainedInvestmentGainOrLossAmount' xlink:label='loc_DeconsolidationRevaluationOfRetainedInvestmentGainOrLossAmount' xlink:type='locator' />
<link:loc xlink:href='../elts/us-gaap-2016-01-31.xsd#us-gaap_DeconsolidationNatureOfContinuingInvolvementDescription' xlink:label='loc_DeconsolidationNatureOfContinuingInvolvementDescription' xlink:type='locator' />
<link:loc xlink:href='../elts/us-gaap-2016-01-31.xsd#us-gaap_DeconsolidationRelatedPartyDescription' xlink:label='loc_DeconsolidationRelatedPartyDescription' xlink:type='locator' />
<link:loc xlink:href='http://xbrl.sec.gov/dei/2014/dei-2014-01-31.xsd#dei_EntityDomain' xlink:label='loc_EntityDomain' xlink:type='locator' />
<link:loc xlink:href='../elts/us-gaap-2016-01-31.xsd#us-gaap_SubsidiariesMember' xlink:label='loc_SubsidiariesMember' xlink:type='locator' />
<link:loc xlink:href='../elts/us-gaap-2016-01-31.xsd#us-gaap_EquityComponentDomain' xlink:label='loc_EquityComponentDomain' xlink:type='locator' />
<link:loc xlink:href='../elts/us-gaap-2016-01-31.xsd#us-gaap_ParentMember' xlink:label='loc_ParentMember' xlink:type='locator' />
<link:loc xlink:href='../elts/us-gaap-2016-01-31.xsd#us-gaap_NoncontrollingInterestMember' xlink:label='loc_NoncontrollingInterestMember' xlink:type='locator' />
<link:loc xlink:href='../elts/us-gaap-2016-01-31.xsd#us-gaap_IncomeAmountsAttributableToNoncontrollingInterestDisclosuresAbstract' xlink:label='loc_IncomeAmountsAttributableToNoncontrollingInterestDisclosuresAbstract' xlink:type='locator' />
<link:loc xlink:href='../elts/us-gaap-2016-01-31.xsd#us-gaap_IncomeLossFromContinuingOperationsAttributableToNoncontrollingEntity' xlink:label='loc_IncomeLossFromContinuingOperationsAttributableToNoncontrollingEntity' xlink:type='locator' />
<link:loc xlink:href='../elts/us-gaap-2016-01-31.xsd#us-gaap_IncomeLossFromDiscontinuedOperationsNetOfTaxAttributableToNoncontrollingInterest' xlink:label='loc_IncomeLossFromDiscontinuedOperationsNetOfTaxAttributableToNoncontrollingInterest' xlink:type='locator' />
<link:loc xlink:href='../elts/us-gaap-2016-01-31.xsd#us-gaap_IncomeStatementLocationAxis' xlink:label='loc_IncomeStatementLocationAxis' xlink:type='locator' />
<link:loc xlink:href='../elts/us-gaap-2016-01-31.xsd#us-gaap_IncomeStatementLocationDomain' xlink:label='loc_IncomeStatementLocationDomain' xlink:type='locator' />
<link:loc xlink:href='../elts/us-gaap-2016-01-31.xsd#us-gaap_SalesMember' xlink:label='loc_SalesMember' xlink:type='locator' />
<link:loc xlink:href='../elts/us-gaap-2016-01-31.xsd#us-gaap_TradingRevenueMember' xlink:label='loc_TradingRevenueMember' xlink:type='locator' />
<link:loc xlink:href='../elts/us-gaap-2016-01-31.xsd#us-gaap_CostOfSalesMember' xlink:label='loc_CostOfSalesMember' xlink:type='locator' />
<link:loc xlink:href='../elts/us-gaap-2016-01-31.xsd#us-gaap_PrincipalOrProprietaryTransactionsMember' xlink:label='loc_PrincipalOrProprietaryTransactionsMember' xlink:type='locator' />
<link:loc xlink:href='../elts/us-gaap-2016-01-31.xsd#us-gaap_AssetManagementIncomeMember' xlink:label='loc_AssetManagementIncomeMember' xlink:type='locator' />
<link:loc xlink:href='../elts/us-gaap-2016-01-31.xsd#us-gaap_OtherIncomeMember' xlink:label='loc_OtherIncomeMember' xlink:type='locator' />
<link:loc xlink:href='../elts/us-gaap-2016-01-31.xsd#us-gaap_InterestIncomeMember' xlink:label='loc_InterestIncomeMember' xlink:type='locator' />
<link:loc xlink:href='../elts/us-gaap-2016-01-31.xsd#us-gaap_InvestmentIncomeMember' xlink:label='loc_InvestmentIncomeMember' xlink:type='locator' />
<link:loc xlink:href='../elts/us-gaap-2016-01-31.xsd#us-gaap_OperatingIncomeLossMember' xlink:label='loc_OperatingIncomeLossMember' xlink:type='locator' />
<link:loc xlink:href='../elts/us-gaap-2016-01-31.xsd#us-gaap_OtherOperatingIncomeExpenseMember' xlink:label='loc_OtherOperatingIncomeExpenseMember' xlink:type='locator' />
<link:loc xlink:href='../elts/us-gaap-2016-01-31.xsd#us-gaap_InterestExpenseMember' xlink:label='loc_InterestExpenseMember' xlink:type='locator' />
<link:loc xlink:href='../elts/us-gaap-2016-01-31.xsd#us-gaap_OperatingExpenseMember' xlink:label='loc_OperatingExpenseMember' xlink:type='locator' />
<link:loc xlink:href='../elts/us-gaap-2016-01-31.xsd#us-gaap_OtherExpenseMember' xlink:label='loc_OtherExpenseMember' xlink:type='locator' />
<link:loc xlink:href='../elts/us-gaap-2016-01-31.xsd#us-gaap_GainLossOnDerivativeInstrumentsMember' xlink:label='loc_GainLossOnDerivativeInstrumentsMember' xlink:type='locator' />
<link:loc xlink:href='../elts/us-gaap-2016-01-31.xsd#us-gaap_GainLossOnInvestmentsMember1' xlink:label='loc_GainLossOnInvestmentsMember1' xlink:type='locator' />
<link:loc xlink:href='../elts/us-gaap-2016-01-31.xsd#us-gaap_InvestmentIncomeExpenseMember' xlink:label='loc_InvestmentIncomeExpenseMember' xlink:type='locator' />
<link:loc xlink:href='../elts/us-gaap-2016-01-31.xsd#us-gaap_NonoperatingIncomeExpenseMember' xlink:label='loc_NonoperatingIncomeExpenseMember' xlink:type='locator' />
<link:loc xlink:href='../elts/us-gaap-2016-01-31.xsd#us-gaap_OtherNonoperatingIncomeExpenseMember' xlink:label='loc_OtherNonoperatingIncomeExpenseMember' xlink:type='locator' />
<link:loc xlink:href='../elts/us-gaap-2016-01-31.xsd#us-gaap_ForeignCurrencyGainLossMember' xlink:label='loc_ForeignCurrencyGainLossMember' xlink:type='locator' />
<link:loc xlink:href='../elts/us-gaap-2016-01-31.xsd#us-gaap_SaleOfSubsidiaryGainLossMember' xlink:label='loc_SaleOfSubsidiaryGainLossMember' xlink:type='locator' />
<link:loc xlink:href='../elts/us-gaap-2016-01-31.xsd#us-gaap_SellingGeneralAndAdministrativeExpensesMember' xlink:label='loc_SellingGeneralAndAdministrativeExpensesMember' xlink:type='locator' />
<link:loc xlink:href='../elts/us-gaap-2016-01-31.xsd#us-gaap_MinorityInterestInNetIncomeLossOfConsolidatedEntitiesAbstract' xlink:label='loc_MinorityInterestInNetIncomeLossOfConsolidatedEntitiesAbstract' xlink:type='locator' />
<link:loc xlink:href='../elts/us-gaap-2016-01-31.xsd#us-gaap_NetIncomeLossAttributableToNonredeemableNoncontrollingInterestAbstract' xlink:label='loc_NetIncomeLossAttributableToNonredeemableNoncontrollingInterestAbstract' xlink:type='locator' />
<link:loc xlink:href='../elts/us-gaap-2016-01-31.xsd#us-gaap_NetIncomeLossAttributableToRedeemableNoncontrollingInterestAbstract' xlink:label='loc_NetIncomeLossAttributableToRedeemableNoncontrollingInterestAbstract' xlink:type='locator' />
<link:loc xlink:href='../elts/us-gaap-2016-01-31.xsd#us-gaap_NetIncomeLossAttributableToNoncontrollingInterest' xlink:label='loc_NetIncomeLossAttributableToNoncontrollingInterest' xlink:type='locator' />
<link:loc xlink:href='../elts/us-gaap-2016-01-31.xsd#us-gaap_NoncontrollingInterestInNetIncomeLossJointVenturePartnersNonredeemable' xlink:label='loc_NoncontrollingInterestInNetIncomeLossJointVenturePartnersNonredeemable' xlink:type='locator' />
<link:loc xlink:href='../elts/us-gaap-2016-01-31.xsd#us-gaap_NoncontrollingInterestInNetIncomeLossLimitedPartnershipsNonredeemable' xlink:label='loc_NoncontrollingInterestInNetIncomeLossLimitedPartnershipsNonredeemable' xlink:type='locator' />
<link:loc xlink:href='../elts/us-gaap-2016-01-31.xsd#us-gaap_NoncontrollingInterestInNetIncomeLossOperatingPartnershipsNonredeemable' xlink:label='loc_NoncontrollingInterestInNetIncomeLossOperatingPartnershipsNonredeemable' xlink:type='locator' />
<link:loc xlink:href='../elts/us-gaap-2016-01-31.xsd#us-gaap_NoncontrollingInterestInNetIncomeLossOtherNoncontrollingInterestsNonredeemable' xlink:label='loc_NoncontrollingInterestInNetIncomeLossOtherNoncontrollingInterestsNonredeemable' xlink:type='locator' />
<link:loc xlink:href='../elts/us-gaap-2016-01-31.xsd#us-gaap_NoncontrollingInterestInNetIncomeLossPreferredUnitHoldersNonredeemable' xlink:label='loc_NoncontrollingInterestInNetIncomeLossPreferredUnitHoldersNonredeemable' xlink:type='locator' />
<link:loc xlink:href='../elts/us-gaap-2016-01-31.xsd#us-gaap_NetIncomeLossAttributableToNonredeemableNoncontrollingInterest' xlink:label='loc_NetIncomeLossAttributableToNonredeemableNoncontrollingInterest' xlink:type='locator' />
<link:loc xlink:href='../elts/us-gaap-2016-01-31.xsd#us-gaap_NoncontrollingInterestInNetIncomeLossJointVenturePartnersRedeemable' xlink:label='loc_NoncontrollingInterestInNetIncomeLossJointVenturePartnersRedeemable' xlink:type='locator' />
<link:loc xlink:href='../elts/us-gaap-2016-01-31.xsd#us-gaap_NoncontrollingInterestInNetIncomeLossLimitedPartnershipsRedeemable' xlink:label='loc_NoncontrollingInterestInNetIncomeLossLimitedPartnershipsRedeemable' xlink:type='locator' />
<link:loc xlink:href='../elts/us-gaap-2016-01-31.xsd#us-gaap_NoncontrollingInterestInNetIncomeLossOperatingPartnershipsRedeemable' xlink:label='loc_NoncontrollingInterestInNetIncomeLossOperatingPartnershipsRedeemable' xlink:type='locator' />
<link:loc xlink:href='../elts/us-gaap-2016-01-31.xsd#us-gaap_NoncontrollingInterestInNetIncomeLossOtherNoncontrollingInterestsRedeemable' xlink:label='loc_NoncontrollingInterestInNetIncomeLossOtherNoncontrollingInterestsRedeemable' xlink:type='locator' />
<link:loc xlink:href='../elts/us-gaap-2016-01-31.xsd#us-gaap_NoncontrollingInterestInNetIncomeLossPreferredUnitHoldersRedeemable' xlink:label='loc_NoncontrollingInterestInNetIncomeLossPreferredUnitHoldersRedeemable' xlink:type='locator' />
<link:loc xlink:href='../elts/us-gaap-2016-01-31.xsd#us-gaap_NetIncomeLossAttributableToRedeemableNoncontrollingInterest' xlink:label='loc_NetIncomeLossAttributableToRedeemableNoncontrollingInterest' xlink:type='locator' />
<link:loc xlink:href='../elts/us-gaap-2016-01-31.xsd#us-gaap_MinorityInterestRepresentedByPreferredStockAbstract' xlink:label='loc_MinorityInterestRepresentedByPreferredStockAbstract' xlink:type='locator' />
<link:loc xlink:href='../elts/us-gaap-2016-01-31.xsd#us-gaap_MinorityInterestAmountRepresentedByPreferredStock' xlink:label='loc_MinorityInterestAmountRepresentedByPreferredStock' xlink:type='locator' />
<link:loc xlink:href='../elts/us-gaap-2016-01-31.xsd#us-gaap_MinorityInterestDividendRequirementsOfPreferredStock' xlink:label='loc_MinorityInterestDividendRequirementsOfPreferredStock' xlink:type='locator' />
<link:loc xlink:href='../elts/us-gaap-2016-01-31.xsd#us-gaap_NoncontrollingInterestAbstract' xlink:label='loc_NoncontrollingInterestAbstract' xlink:type='locator' />
<link:loc xlink:href='../elts/us-gaap-2016-01-31.xsd#us-gaap_ConsolidationLessThanWhollyOwnedSubsidiaryParentOwnershipInterestEffectsOfChangesNetTextBlock' xlink:label='loc_ConsolidationLessThanWhollyOwnedSubsidiaryParentOwnershipInterestEffectsOfChangesNetTextBlock' xlink:type='locator' />
<link:loc xlink:href='../elts/us-gaap-2016-01-31.xsd#us-gaap_MinorityInterestDisclosureTextBlock' xlink:label='loc_MinorityInterestDisclosureTextBlock' xlink:type='locator' />
<link:loc xlink:href='../elts/us-gaap-2016-01-31.xsd#us-gaap_MinorityInterestTable' xlink:label='loc_MinorityInterestTable' xlink:type='locator' />
<link:loc xlink:href='../elts/us-gaap-2016-01-31.xsd#us-gaap_MinorityInterestAbstract' xlink:label='loc_MinorityInterestAbstract' xlink:type='locator' />
<link:loc xlink:href='../elts/us-gaap-2016-01-31.xsd#us-gaap_RedeemableNoncontrollingInterestTableTextBlock' xlink:label='loc_RedeemableNoncontrollingInterestTableTextBlock' xlink:type='locator' />
<link:loc xlink:href='../elts/us-gaap-2016-01-31.xsd#us-gaap_RedeemableNoncontrollingInterestByLegalEntityTable' xlink:label='loc_RedeemableNoncontrollingInterestByLegalEntityTable' xlink:type='locator' />
<link:loc xlink:href='../elts/us-gaap-2016-01-31.xsd#us-gaap_MinorityInterestLineItems' xlink:label='loc_MinorityInterestLineItems' xlink:type='locator' />
<link:loc xlink:href='../elts/us-gaap-2016-01-31.xsd#us-gaap_MinorityInterestDescription' xlink:label='loc_MinorityInterestDescription' xlink:type='locator' />
<link:loc xlink:href='../elts/us-gaap-2016-01-31.xsd#us-gaap_MinorityInterestOwnershipPercentageByParent' xlink:label='loc_MinorityInterestOwnershipPercentageByParent' xlink:type='locator' />
<link:loc xlink:href='../elts/us-gaap-2016-01-31.xsd#us-gaap_MinorityInterestOwnershipPercentageByNoncontrollingOwners' xlink:label='loc_MinorityInterestOwnershipPercentageByNoncontrollingOwners' xlink:type='locator' />
<link:loc xlink:href='../elts/us-gaap-2016-01-31.xsd#us-gaap_MovementInMinorityInterestRollForward' xlink:label='loc_MovementInMinorityInterestRollForward' xlink:type='locator' />
<link:loc xlink:href='../elts/us-gaap-2016-01-31.xsd#us-gaap_MinorityInterestChangeInRedemptionValue' xlink:label='loc_MinorityInterestChangeInRedemptionValue' xlink:type='locator' />
<link:loc xlink:href='../elts/us-gaap-2016-01-31.xsd#us-gaap_MinorityInterestExplanationOfIncreaseDecrease' xlink:label='loc_MinorityInterestExplanationOfIncreaseDecrease' xlink:type='locator' />
<link:loc xlink:href='../elts/us-gaap-2016-01-31.xsd#us-gaap_OtherComprehensiveIncomeNetOfTaxAttributableToNoncontrollingInterestAbstract' xlink:label='loc_OtherComprehensiveIncomeNetOfTaxAttributableToNoncontrollingInterestAbstract' xlink:type='locator' />
<link:loc xlink:href='../elts/us-gaap-2016-01-31.xsd#us-gaap_OtherComprehensiveIncomeBeforeTaxPortionAttributableToNoncontrollingInterestAbstract' xlink:label='loc_OtherComprehensiveIncomeBeforeTaxPortionAttributableToNoncontrollingInterestAbstract' xlink:type='locator' />
<link:loc xlink:href='../elts/us-gaap-2016-01-31.xsd#us-gaap_OtherComprehensiveIncomeTaxPortionAttributableToNoncontrollingInterestAbstract' xlink:label='loc_OtherComprehensiveIncomeTaxPortionAttributableToNoncontrollingInterestAbstract' xlink:type='locator' />
<link:loc xlink:href='../elts/us-gaap-2016-01-31.xsd#us-gaap_OtherComprehensiveIncomeLossNetOfTaxPortionAttributableToNoncontrollingInterest' xlink:label='loc_OtherComprehensiveIncomeLossNetOfTaxPortionAttributableToNoncontrollingInterest' xlink:type='locator' />
<link:loc xlink:href='../elts/us-gaap-2016-01-31.xsd#us-gaap_OtherComprehensiveIncomeForeignCurrencyTranslationAdjustmentTaxPortionAttributableToNoncontrollingInterest' xlink:label='loc_OtherComprehensiveIncomeForeignCurrencyTranslationAdjustmentTaxPortionAttributableToNoncontrollingInterest' xlink:type='locator' />
<link:loc xlink:href='../elts/us-gaap-2016-01-31.xsd#us-gaap_OtherComprehensiveIncomeDefinedBenefitPlansTaxPortionAttributableToNoncontrollingInterest' xlink:label='loc_OtherComprehensiveIncomeDefinedBenefitPlansTaxPortionAttributableToNoncontrollingInterest' xlink:type='locator' />
<link:loc xlink:href='../elts/us-gaap-2016-01-31.xsd#us-gaap_OtherComprehensiveIncomeAvailableforsaleSecuritiesTaxPortionAttributableToNoncontrollingInterest' xlink:label='loc_OtherComprehensiveIncomeAvailableforsaleSecuritiesTaxPortionAttributableToNoncontrollingInterest' xlink:type='locator' />
<link:loc xlink:href='../elts/us-gaap-2016-01-31.xsd#us-gaap_OtherThanTemporaryImpairmentLossesInvestmentsPortionInOtherComprehensiveIncomeLossTaxPortionAttributableToNoncontrollingInterest' xlink:label='loc_OtherThanTemporaryImpairmentLossesInvestmentsPortionInOtherComprehensiveIncomeLossTaxPortionAttributableToNoncontrollingInterest' xlink:type='locator' />
<link:loc xlink:href='../elts/us-gaap-2016-01-31.xsd#us-gaap_OtherComprehensiveIncomeDerivativesQualifyingAsHedgesTaxPortionAttributableToNoncontrollingInterest' xlink:label='loc_OtherComprehensiveIncomeDerivativesQualifyingAsHedgesTaxPortionAttributableToNoncontrollingInterest' xlink:type='locator' />
<link:loc xlink:href='../elts/us-gaap-2016-01-31.xsd#us-gaap_OtherComprehensiveIncomeLossTaxPortionAttributableToNoncontrollingInterest' xlink:label='loc_OtherComprehensiveIncomeLossTaxPortionAttributableToNoncontrollingInterest' xlink:type='locator' />
<link:loc xlink:href='../elts/us-gaap-2016-01-31.xsd#us-gaap_OtherComprehensiveIncomeForeignCurrencyTransactionAndTranslationAdjustmentBeforeTaxPortionAttributableToNoncontrollingInterest' xlink:label='loc_OtherComprehensiveIncomeForeignCurrencyTransactionAndTranslationAdjustmentBeforeTaxPortionAttributableToNoncontrollingInterest' xlink:type='locator' />
<link:loc xlink:href='../elts/us-gaap-2016-01-31.xsd#us-gaap_OtherComprehensiveIncomeDefinedBenefitPlansAdjustmentBeforeTaxPortionAttributableToNoncontrollingInterest' xlink:label='loc_OtherComprehensiveIncomeDefinedBenefitPlansAdjustmentBeforeTaxPortionAttributableToNoncontrollingInterest' xlink:type='locator' />
<link:loc xlink:href='../elts/us-gaap-2016-01-31.xsd#us-gaap_OtherComprehensiveIncomeAvailableforsaleSecuritiesAdjustmentBeforeTaxPortionAttributableToNoncontrollingInterest' xlink:label='loc_OtherComprehensiveIncomeAvailableforsaleSecuritiesAdjustmentBeforeTaxPortionAttributableToNoncontrollingInterest' xlink:type='locator' />
<link:loc xlink:href='../elts/us-gaap-2016-01-31.xsd#us-gaap_OtherThanTemporaryImpairmentLossesInvestmentsPortionInOtherComprehensiveIncomeLossBeforeTaxPortionAttributableToNoncontrollingInterest' xlink:label='loc_OtherThanTemporaryImpairmentLossesInvestmentsPortionInOtherComprehensiveIncomeLossBeforeTaxPortionAttributableToNoncontrollingInterest' xlink:type='locator' />
<link:loc xlink:href='../elts/us-gaap-2016-01-31.xsd#us-gaap_OtherComprehensiveIncomeDerivativesQualifyingAsHedgesBeforeTaxPortionAttributableToNoncontrollingInterest' xlink:label='loc_OtherComprehensiveIncomeDerivativesQualifyingAsHedgesBeforeTaxPortionAttributableToNoncontrollingInterest' xlink:type='locator' />
<link:loc xlink:href='../elts/us-gaap-2016-01-31.xsd#us-gaap_OtherComprehensiveIncomeLossBeforeTaxPortionAttributableToNoncontrollingInterest' xlink:label='loc_OtherComprehensiveIncomeLossBeforeTaxPortionAttributableToNoncontrollingInterest' xlink:type='locator' />
<link:loc xlink:href='../elts/us-gaap-2016-01-31.xsd#us-gaap_RangeAxis' xlink:label='loc_RangeAxis' xlink:type='locator' />
<link:loc xlink:href='../elts/us-gaap-2016-01-31.xsd#us-gaap_RangeMember' xlink:label='loc_RangeMember' xlink:type='locator' />
<link:loc xlink:href='../elts/us-gaap-2016-01-31.xsd#us-gaap_MaximumMember' xlink:label='loc_MaximumMember' xlink:type='locator' />
<link:loc xlink:href='../elts/us-gaap-2016-01-31.xsd#us-gaap_MinimumMember' xlink:label='loc_MinimumMember' xlink:type='locator' />
<link:loc xlink:href='../elts/us-gaap-2016-01-31.xsd#us-gaap_RedeemableNoncontrollingInterestLineItems' xlink:label='loc_RedeemableNoncontrollingInterestLineItems' xlink:type='locator' />
<link:loc xlink:href='../elts/us-gaap-2016-01-31.xsd#us-gaap_RedeemableNoncontrollingInterestEquityFairValueAbstract' xlink:label='loc_RedeemableNoncontrollingInterestEquityFairValueAbstract' xlink:type='locator' />
<link:loc xlink:href='../elts/us-gaap-2016-01-31.xsd#us-gaap_RedeemableNoncontrollingInterestEquityCarryingAmountAbstract' xlink:label='loc_RedeemableNoncontrollingInterestEquityCarryingAmountAbstract' xlink:type='locator' />
<link:loc xlink:href='../elts/us-gaap-2016-01-31.xsd#us-gaap_RedeemableNoncontrollingInterestEquityRedemptionValueAbstract' xlink:label='loc_RedeemableNoncontrollingInterestEquityRedemptionValueAbstract' xlink:type='locator' />
<link:loc xlink:href='../elts/us-gaap-2016-01-31.xsd#us-gaap_MinorityInterestDecreaseFromRedemptions' xlink:label='loc_MinorityInterestDecreaseFromRedemptions' xlink:type='locator' />
<link:loc xlink:href='../elts/us-gaap-2016-01-31.xsd#us-gaap_PaymentsForRepurchaseOfRedeemableNoncontrollingInterest' xlink:label='loc_PaymentsForRepurchaseOfRedeemableNoncontrollingInterest' xlink:type='locator' />
<link:loc xlink:href='../elts/us-gaap-2016-01-31.xsd#us-gaap_RedeemableNoncontrollingInterestEquityCommonCarryingAmount' xlink:label='loc_RedeemableNoncontrollingInterestEquityCommonCarryingAmount' xlink:type='locator' />
<link:loc xlink:href='../elts/us-gaap-2016-01-31.xsd#us-gaap_RedeemableNoncontrollingInterestEquityPreferredCarryingAmount' xlink:label='loc_RedeemableNoncontrollingInterestEquityPreferredCarryingAmount' xlink:type='locator' />
<link:loc xlink:href='../elts/us-gaap-2016-01-31.xsd#us-gaap_RedeemableNoncontrollingInterestEquityOtherCarryingAmount' xlink:label='loc_RedeemableNoncontrollingInterestEquityOtherCarryingAmount' xlink:type='locator' />
<link:loc xlink:href='../elts/us-gaap-2016-01-31.xsd#us-gaap_RedeemableNoncontrollingInterestEquityCarryingAmount' xlink:label='loc_RedeemableNoncontrollingInterestEquityCarryingAmount' xlink:type='locator' />
<link:loc xlink:href='../elts/us-gaap-2016-01-31.xsd#us-gaap_RedeemableNoncontrollingInterestEquityCommonFairValue' xlink:label='loc_RedeemableNoncontrollingInterestEquityCommonFairValue' xlink:type='locator' />
<link:loc xlink:href='../elts/us-gaap-2016-01-31.xsd#us-gaap_RedeemableNoncontrollingInterestEquityPreferredFairValue' xlink:label='loc_RedeemableNoncontrollingInterestEquityPreferredFairValue' xlink:type='locator' />
<link:loc xlink:href='../elts/us-gaap-2016-01-31.xsd#us-gaap_RedeemableNoncontrollingInterestEquityOtherFairValue' xlink:label='loc_RedeemableNoncontrollingInterestEquityOtherFairValue' xlink:type='locator' />
<link:loc xlink:href='../elts/us-gaap-2016-01-31.xsd#us-gaap_RedeemableNoncontrollingInterestEquityFairValue' xlink:label='loc_RedeemableNoncontrollingInterestEquityFairValue' xlink:type='locator' />
<link:loc xlink:href='../elts/us-gaap-2016-01-31.xsd#us-gaap_RedeemableNoncontrollingInterestEquityCommonRedemptionValue' xlink:label='loc_RedeemableNoncontrollingInterestEquityCommonRedemptionValue' xlink:type='locator' />
<link:loc xlink:href='../elts/us-gaap-2016-01-31.xsd#us-gaap_RedeemableNoncontrollingInterestEquityPreferredRedemptionValue' xlink:label='loc_RedeemableNoncontrollingInterestEquityPreferredRedemptionValue' xlink:type='locator' />
<link:loc xlink:href='../elts/us-gaap-2016-01-31.xsd#us-gaap_RedeemableNoncontrollingInterestEquityOtherRedemptionValue' xlink:label='loc_RedeemableNoncontrollingInterestEquityOtherRedemptionValue' xlink:type='locator' />
<link:loc xlink:href='../elts/us-gaap-2016-01-31.xsd#us-gaap_RedeemableNoncontrollingInterestEquityRedemptionValue' xlink:label='loc_RedeemableNoncontrollingInterestEquityRedemptionValue' xlink:type='locator' />
<link:loc xlink:href='../elts/us-gaap-2016-01-31.xsd#us-gaap_SellingAndMarketingExpenseMember' xlink:label='loc_SellingAndMarketingExpenseMember' xlink:type='locator' />
<link:loc xlink:href='../elts/us-gaap-2016-01-31.xsd#us-gaap_GeneralAndAdministrativeExpenseMember' xlink:label='loc_GeneralAndAdministrativeExpenseMember' xlink:type='locator' />
<link:loc xlink:href='../elts/us-gaap-2016-01-31.xsd#us-gaap_MinorityInterestInLimitedPartnerships' xlink:label='loc_MinorityInterestInLimitedPartnerships' xlink:type='locator' />
<link:loc xlink:href='../elts/us-gaap-2016-01-31.xsd#us-gaap_MinorityInterestInOperatingPartnerships' xlink:label='loc_MinorityInterestInOperatingPartnerships' xlink:type='locator' />
<link:loc xlink:href='../elts/us-gaap-2016-01-31.xsd#us-gaap_MinorityInterestInPreferredUnitHolders' xlink:label='loc_MinorityInterestInPreferredUnitHolders' xlink:type='locator' />
<link:loc xlink:href='../elts/us-gaap-2016-01-31.xsd#us-gaap_MinorityInterestInJointVentures' xlink:label='loc_MinorityInterestInJointVentures' xlink:type='locator' />
<link:loc xlink:href='../elts/us-gaap-2016-01-31.xsd#us-gaap_NoncontrollingInterestInVariableInterestEntity' xlink:label='loc_NoncontrollingInterestInVariableInterestEntity' xlink:type='locator' />
<link:loc xlink:href='../elts/us-gaap-2016-01-31.xsd#us-gaap_OtherMinorityInterests' xlink:label='loc_OtherMinorityInterests' xlink:type='locator' />
<link:loc xlink:href='../elts/us-gaap-2016-01-31.xsd#us-gaap_NonredeemableNoncontrollingInterest' xlink:label='loc_NonredeemableNoncontrollingInterest' xlink:type='locator' />
<link:loc xlink:href='../elts/us-gaap-2016-01-31.xsd#us-gaap_MinorityInterest' xlink:label='loc_MinorityInterest' xlink:type='locator' />
<link:loc xlink:href='../elts/us-gaap-2016-01-31.xsd#us-gaap_NoncontrollingInterestIncreaseFromSubsidiaryEquityIssuance' xlink:label='loc_NoncontrollingInterestIncreaseFromSubsidiaryEquityIssuance' xlink:type='locator' />
<link:loc xlink:href='../elts/us-gaap-2016-01-31.xsd#us-gaap_NoncontrollingInterestIncreaseFromSaleOfParentEquityInterest' xlink:label='loc_NoncontrollingInterestIncreaseFromSaleOfParentEquityInterest' xlink:type='locator' />
<link:loc xlink:href='../elts/us-gaap-2016-01-31.xsd#us-gaap_NoncontrollingInterestIncreaseFromBusinessCombination' xlink:label='loc_NoncontrollingInterestIncreaseFromBusinessCombination' xlink:type='locator' />
<link:loc xlink:href='../elts/us-gaap-2016-01-31.xsd#us-gaap_ComprehensiveIncomeNetOfTaxAttributableToNoncontrollingInterest' xlink:label='loc_ComprehensiveIncomeNetOfTaxAttributableToNoncontrollingInterest' xlink:type='locator' />
<link:loc xlink:href='../elts/us-gaap-2016-01-31.xsd#us-gaap_MinorityInterestDecreaseFromDistributionsToNoncontrollingInterestHolders' xlink:label='loc_MinorityInterestDecreaseFromDistributionsToNoncontrollingInterestHolders' xlink:type='locator' />
<link:loc xlink:href='../elts/us-gaap-2016-01-31.xsd#us-gaap_NoncontrollingInterestDecreaseFromDeconsolidation' xlink:label='loc_NoncontrollingInterestDecreaseFromDeconsolidation' xlink:type='locator' />
<link:loc xlink:href='../elts/us-gaap-2016-01-31.xsd#us-gaap_MinorityInterestPeriodIncreaseDecrease' xlink:label='loc_MinorityInterestPeriodIncreaseDecrease' xlink:type='locator' />
<link:loc xlink:href='../elts/us-gaap-2016-01-31.xsd#us-gaap_MinorityInterest' xlink:label='loc_MinorityInterest_1' xlink:type='locator' />
<link:presentationArc order='10' xlink:arcrole='http://www.xbrl.org/2003/arcrole/parent-child' xlink:from='loc_ConsolidationItemsAxis' xlink:to='loc_ConsolidationItemsDomain' xlink:type='arc' />
<link:presentationArc order='10' xlink:arcrole='http://www.xbrl.org/2003/arcrole/parent-child' xlink:from='loc_ConsolidationItemsDomain' xlink:to='loc_ReportableLegalEntitiesMember' xlink:type='arc' />
<link:presentationArc order='20' xlink:arcrole='http://www.xbrl.org/2003/arcrole/parent-child' xlink:from='loc_ConsolidationItemsDomain' xlink:to='loc_ConsolidationEliminationsMember' xlink:type='arc' />
<link:presentationArc order='10' xlink:arcrole='http://www.xbrl.org/2003/arcrole/parent-child' xlink:from='loc_ConsolidationLessThanWhollyOwnedSubsidiaryParentOwnershipInterestChangeDueToNetIncomeAttributableToParentAndEffectsOfChangesNetAbstract' xlink:to='loc_NetIncomeLoss' xlink:type='arc' />
<link:presentationArc order='20' xlink:arcrole='http://www.xbrl.org/2003/arcrole/parent-child' xlink:from='loc_ConsolidationLessThanWhollyOwnedSubsidiaryParentOwnershipInterestChangeDueToNetIncomeAttributableToParentAndEffectsOfChangesNetAbstract' xlink:to='loc_ConsolidationLessThanWhollyOwnedSubsidiaryParentOwnershipInterestChangesNetAbstract' xlink:type='arc' />
<link:presentationArc order='30' preferredLabel='http://www.xbrl.org/2003/role/totalLabel' xlink:arcrole='http://www.xbrl.org/2003/arcrole/parent-child' xlink:from='loc_ConsolidationLessThanWhollyOwnedSubsidiaryParentOwnershipInterestChangeDueToNetIncomeAttributableToParentAndEffectsOfChangesNetAbstract' xlink:to='loc_ConsolidationLessThanWhollyOwnedSubsidiaryParentOwnershipInterestChangeDueToNetIncomeAttributableToParentAndEffectsOfChangesNet' xlink:type='arc' />
<link:presentationArc order='10' xlink:arcrole='http://www.xbrl.org/2003/arcrole/parent-child' xlink:from='loc_ConsolidationLessThanWhollyOwnedSubsidiaryParentOwnershipInterestChangesNetAbstract' xlink:to='loc_ConsolidationLessThanWhollyOwnedSubsidiaryParentOwnershipInterestChangesSaleOfInterestByParent' xlink:type='arc' />
<link:presentationArc order='20' xlink:arcrole='http://www.xbrl.org/2003/arcrole/parent-child' xlink:from='loc_ConsolidationLessThanWhollyOwnedSubsidiaryParentOwnershipInterestChangesNetAbstract' xlink:to='loc_ConsolidationLessThanWhollyOwnedSubsidiaryParentOwnershipInterestChangesIssuanceOfEquityBySubsidiaryToNoncontrollingInterests' xlink:type='arc' />
<link:presentationArc order='30' xlink:arcrole='http://www.xbrl.org/2003/arcrole/parent-child' xlink:from='loc_ConsolidationLessThanWhollyOwnedSubsidiaryParentOwnershipInterestChangesNetAbstract' xlink:to='loc_ConsolidationLessThanWhollyOwnedSubsidiaryParentOwnershipInterestChangesPurchaseOfInterestByParent' xlink:type='arc' />
<link:presentationArc order='40' xlink:arcrole='http://www.xbrl.org/2003/arcrole/parent-child' xlink:from='loc_ConsolidationLessThanWhollyOwnedSubsidiaryParentOwnershipInterestChangesNetAbstract' xlink:to='loc_ConsolidationLessThanWhollyOwnedSubsidiaryParentOwnershipInterestChangesRepurchaseOfSharesBySubsidiary' xlink:type='arc' />
<link:presentationArc order='50' xlink:arcrole='http://www.xbrl.org/2003/arcrole/parent-child' xlink:from='loc_ConsolidationLessThanWhollyOwnedSubsidiaryParentOwnershipInterestChangesNetAbstract' xlink:to='loc_ConsolidationLessThanWhollyOwnedSubsidiaryParentOwnershipInterestChangesAdditionalInterestIssuedToParent' xlink:type='arc' />
<link:presentationArc order='60' preferredLabel='http://www.xbrl.org/2003/role/totalLabel' xlink:arcrole='http://www.xbrl.org/2003/arcrole/parent-child' xlink:from='loc_ConsolidationLessThanWhollyOwnedSubsidiaryParentOwnershipInterestChangesNetAbstract' xlink:to='loc_ConsolidationLessThanWhollyOwnedSubsidiaryParentOwnershipInterestChangesNet' xlink:type='arc' />
<link:presentationArc order='10' xlink:arcrole='http://www.xbrl.org/2003/arcrole/parent-child' xlink:from='loc_ConsolidationLessThanWhollyOwnedSubsidiaryParentOwnershipInterestEffectsOfChangesNetLineItems' xlink:to='loc_ConsolidationLessThanWhollyOwnedSubsidiaryParentOwnershipInterestChangeDueToNetIncomeAttributableToParentAndEffectsOfChangesNetAbstract' xlink:type='arc' />
<link:presentationArc order='10' xlink:arcrole='http://www.xbrl.org/2003/arcrole/parent-child' xlink:from='loc_ConsolidationLessThanWhollyOwnedSubsidiaryParentOwnershipInterestEffectsOfChangesNetTable' xlink:to='loc_ConsolidationItemsAxis' xlink:type='arc' />
<link:presentationArc order='20' xlink:arcrole='http://www.xbrl.org/2003/arcrole/parent-child' xlink:from='loc_ConsolidationLessThanWhollyOwnedSubsidiaryParentOwnershipInterestEffectsOfChangesNetTable' xlink:to='loc_LegalEntityAxis' xlink:type='arc' />
<link:presentationArc order='30' xlink:arcrole='http://www.xbrl.org/2003/arcrole/parent-child' xlink:from='loc_ConsolidationLessThanWhollyOwnedSubsidiaryParentOwnershipInterestEffectsOfChangesNetTable' xlink:to='loc_StatementEquityComponentsAxis' xlink:type='arc' />
<link:presentationArc order='40' xlink:arcrole='http://www.xbrl.org/2003/arcrole/parent-child' xlink:from='loc_ConsolidationLessThanWhollyOwnedSubsidiaryParentOwnershipInterestEffectsOfChangesNetTable' xlink:to='loc_ConsolidationLessThanWhollyOwnedSubsidiaryParentOwnershipInterestEffectsOfChangesNetLineItems' xlink:type='arc' />
<link:presentationArc order='10' xlink:arcrole='http://www.xbrl.org/2003/arcrole/parent-child' xlink:from='loc_DeconsolidationGainOrLossWithRelatedDisclosuresAbstract' xlink:to='loc_DeconsolidationGainOrLossAmount' xlink:type='arc' />
<link:presentationArc order='20' xlink:arcrole='http://www.xbrl.org/2003/arcrole/parent-child' xlink:from='loc_DeconsolidationGainOrLossWithRelatedDisclosuresAbstract' xlink:to='loc_DeconsolidationRevaluationOfRetainedInvestmentGainOrLossAmount' xlink:type='arc' />
<link:presentationArc order='30' xlink:arcrole='http://www.xbrl.org/2003/arcrole/parent-child' xlink:from='loc_DeconsolidationGainOrLossWithRelatedDisclosuresAbstract' xlink:to='loc_DeconsolidationNatureOfContinuingInvolvementDescription' xlink:type='arc' />
<link:presentationArc order='40' xlink:arcrole='http://www.xbrl.org/2003/arcrole/parent-child' xlink:from='loc_DeconsolidationGainOrLossWithRelatedDisclosuresAbstract' xlink:to='loc_DeconsolidationRelatedPartyDescription' xlink:type='arc' />
<link:presentationArc order='10' xlink:arcrole='http://www.xbrl.org/2003/arcrole/parent-child' xlink:from='loc_EntityDomain' xlink:to='loc_SubsidiariesMember' xlink:type='arc' />
<link:presentationArc order='10' xlink:arcrole='http://www.xbrl.org/2003/arcrole/parent-child' xlink:from='loc_EquityComponentDomain' xlink:to='loc_ParentMember' xlink:type='arc' />
<link:presentationArc order='20' xlink:arcrole='http://www.xbrl.org/2003/arcrole/parent-child' xlink:from='loc_EquityComponentDomain' xlink:to='loc_NoncontrollingInterestMember' xlink:type='arc' />
<link:presentationArc order='10' xlink:arcrole='http://www.xbrl.org/2003/arcrole/parent-child' xlink:from='loc_StatementEquityComponentsAxis' xlink:to='loc_EquityComponentDomain' xlink:type='arc' />
<link:presentationArc order='10' xlink:arcrole='http://www.xbrl.org/2003/arcrole/parent-child' xlink:from='loc_IncomeAmountsAttributableToNoncontrollingInterestDisclosuresAbstract' xlink:to='loc_IncomeLossFromContinuingOperationsAttributableToNoncontrollingEntity' xlink:type='arc' />
<link:presentationArc order='20' xlink:arcrole='http://www.xbrl.org/2003/arcrole/parent-child' xlink:from='loc_IncomeAmountsAttributableToNoncontrollingInterestDisclosuresAbstract' xlink:to='loc_IncomeLossFromDiscontinuedOperationsNetOfTaxAttributableToNoncontrollingInterest' xlink:type='arc' />
<link:presentationArc order='10' xlink:arcrole='http://www.xbrl.org/2003/arcrole/parent-child' xlink:from='loc_IncomeStatementLocationAxis' xlink:to='loc_IncomeStatementLocationDomain' xlink:type='arc' />
<link:presentationArc order='10' xlink:arcrole='http://www.xbrl.org/2003/arcrole/parent-child' xlink:from='loc_IncomeStatementLocationDomain' xlink:to='loc_SalesMember' xlink:type='arc' />
<link:presentationArc order='20' xlink:arcrole='http://www.xbrl.org/2003/arcrole/parent-child' xlink:from='loc_IncomeStatementLocationDomain' xlink:to='loc_TradingRevenueMember' xlink:type='arc' />
<link:presentationArc order='30' xlink:arcrole='http://www.xbrl.org/2003/arcrole/parent-child' xlink:from='loc_IncomeStatementLocationDomain' xlink:to='loc_CostOfSalesMember' xlink:type='arc' />
<link:presentationArc order='40' xlink:arcrole='http://www.xbrl.org/2003/arcrole/parent-child' xlink:from='loc_IncomeStatementLocationDomain' xlink:to='loc_PrincipalOrProprietaryTransactionsMember' xlink:type='arc' />
<link:presentationArc order='50' xlink:arcrole='http://www.xbrl.org/2003/arcrole/parent-child' xlink:from='loc_IncomeStatementLocationDomain' xlink:to='loc_AssetManagementIncomeMember' xlink:type='arc' />
<link:presentationArc order='60' xlink:arcrole='http://www.xbrl.org/2003/arcrole/parent-child' xlink:from='loc_IncomeStatementLocationDomain' xlink:to='loc_OtherIncomeMember' xlink:type='arc' />
<link:presentationArc order='70' xlink:arcrole='http://www.xbrl.org/2003/arcrole/parent-child' xlink:from='loc_IncomeStatementLocationDomain' xlink:to='loc_InterestIncomeMember' xlink:type='arc' />
<link:presentationArc order='80' xlink:arcrole='http://www.xbrl.org/2003/arcrole/parent-child' xlink:from='loc_IncomeStatementLocationDomain' xlink:to='loc_InvestmentIncomeMember' xlink:type='arc' />
<link:presentationArc order='90' xlink:arcrole='http://www.xbrl.org/2003/arcrole/parent-child' xlink:from='loc_IncomeStatementLocationDomain' xlink:to='loc_OperatingIncomeLossMember' xlink:type='arc' />
<link:presentationArc order='100' xlink:arcrole='http://www.xbrl.org/2003/arcrole/parent-child' xlink:from='loc_IncomeStatementLocationDomain' xlink:to='loc_OtherOperatingIncomeExpenseMember' xlink:type='arc' />
<link:presentationArc order='110' xlink:arcrole='http://www.xbrl.org/2003/arcrole/parent-child' xlink:from='loc_IncomeStatementLocationDomain' xlink:to='loc_InterestExpenseMember' xlink:type='arc' />
<link:presentationArc order='120' xlink:arcrole='http://www.xbrl.org/2003/arcrole/parent-child' xlink:from='loc_IncomeStatementLocationDomain' xlink:to='loc_OperatingExpenseMember' xlink:type='arc' />
<link:presentationArc order='130' xlink:arcrole='http://www.xbrl.org/2003/arcrole/parent-child' xlink:from='loc_IncomeStatementLocationDomain' xlink:to='loc_OtherExpenseMember' xlink:type='arc' />
<link:presentationArc order='140' xlink:arcrole='http://www.xbrl.org/2003/arcrole/parent-child' xlink:from='loc_IncomeStatementLocationDomain' xlink:to='loc_GainLossOnDerivativeInstrumentsMember' xlink:type='arc' />
<link:presentationArc order='150' xlink:arcrole='http://www.xbrl.org/2003/arcrole/parent-child' xlink:from='loc_IncomeStatementLocationDomain' xlink:to='loc_GainLossOnInvestmentsMember1' xlink:type='arc' />
<link:presentationArc order='160' xlink:arcrole='http://www.xbrl.org/2003/arcrole/parent-child' xlink:from='loc_IncomeStatementLocationDomain' xlink:to='loc_InvestmentIncomeExpenseMember' xlink:type='arc' />
<link:presentationArc order='170' xlink:arcrole='http://www.xbrl.org/2003/arcrole/parent-child' xlink:from='loc_IncomeStatementLocationDomain' xlink:to='loc_NonoperatingIncomeExpenseMember' xlink:type='arc' />
<link:presentationArc order='180' xlink:arcrole='http://www.xbrl.org/2003/arcrole/parent-child' xlink:from='loc_IncomeStatementLocationDomain' xlink:to='loc_OtherNonoperatingIncomeExpenseMember' xlink:type='arc' />
<link:presentationArc order='190' xlink:arcrole='http://www.xbrl.org/2003/arcrole/parent-child' xlink:from='loc_IncomeStatementLocationDomain' xlink:to='loc_ForeignCurrencyGainLossMember' xlink:type='arc' />
<link:presentationArc order='200' xlink:arcrole='http://www.xbrl.org/2003/arcrole/parent-child' xlink:from='loc_IncomeStatementLocationDomain' xlink:to='loc_SaleOfSubsidiaryGainLossMember' xlink:type='arc' />
<link:presentationArc order='210' xlink:arcrole='http://www.xbrl.org/2003/arcrole/parent-child' xlink:from='loc_IncomeStatementLocationDomain' xlink:to='loc_SellingGeneralAndAdministrativeExpensesMember' xlink:type='arc' />
<link:presentationArc order='10' xlink:arcrole='http://www.xbrl.org/2003/arcrole/parent-child' xlink:from='loc_LegalEntityAxis' xlink:to='loc_EntityDomain' xlink:type='arc' />
<link:presentationArc order='10' xlink:arcrole='http://www.xbrl.org/2003/arcrole/parent-child' xlink:from='loc_MinorityInterestInNetIncomeLossOfConsolidatedEntitiesAbstract' xlink:to='loc_NetIncomeLossAttributableToNonredeemableNoncontrollingInterestAbstract' xlink:type='arc' />
<link:presentationArc order='20' xlink:arcrole='http://www.xbrl.org/2003/arcrole/parent-child' xlink:from='loc_MinorityInterestInNetIncomeLossOfConsolidatedEntitiesAbstract' xlink:to='loc_NetIncomeLossAttributableToRedeemableNoncontrollingInterestAbstract' xlink:type='arc' />
<link:presentationArc order='30' preferredLabel='http://www.xbrl.org/2003/role/totalLabel' xlink:arcrole='http://www.xbrl.org/2003/arcrole/parent-child' xlink:from='loc_MinorityInterestInNetIncomeLossOfConsolidatedEntitiesAbstract' xlink:to='loc_NetIncomeLossAttributableToNoncontrollingInterest' xlink:type='arc' />
<link:presentationArc order='10' xlink:arcrole='http://www.xbrl.org/2003/arcrole/parent-child' xlink:from='loc_NetIncomeLossAttributableToNonredeemableNoncontrollingInterestAbstract' xlink:to='loc_NoncontrollingInterestInNetIncomeLossJointVenturePartnersNonredeemable' xlink:type='arc' />
<link:presentationArc order='20' xlink:arcrole='http://www.xbrl.org/2003/arcrole/parent-child' xlink:from='loc_NetIncomeLossAttributableToNonredeemableNoncontrollingInterestAbstract' xlink:to='loc_NoncontrollingInterestInNetIncomeLossLimitedPartnershipsNonredeemable' xlink:type='arc' />
<link:presentationArc order='30' xlink:arcrole='http://www.xbrl.org/2003/arcrole/parent-child' xlink:from='loc_NetIncomeLossAttributableToNonredeemableNoncontrollingInterestAbstract' xlink:to='loc_NoncontrollingInterestInNetIncomeLossOperatingPartnershipsNonredeemable' xlink:type='arc' />
<link:presentationArc order='40' xlink:arcrole='http://www.xbrl.org/2003/arcrole/parent-child' xlink:from='loc_NetIncomeLossAttributableToNonredeemableNoncontrollingInterestAbstract' xlink:to='loc_NoncontrollingInterestInNetIncomeLossOtherNoncontrollingInterestsNonredeemable' xlink:type='arc' />
<link:presentationArc order='50' xlink:arcrole='http://www.xbrl.org/2003/arcrole/parent-child' xlink:from='loc_NetIncomeLossAttributableToNonredeemableNoncontrollingInterestAbstract' xlink:to='loc_NoncontrollingInterestInNetIncomeLossPreferredUnitHoldersNonredeemable' xlink:type='arc' />
<link:presentationArc order='60' preferredLabel='http://www.xbrl.org/2003/role/totalLabel' xlink:arcrole='http://www.xbrl.org/2003/arcrole/parent-child' xlink:from='loc_NetIncomeLossAttributableToNonredeemableNoncontrollingInterestAbstract' xlink:to='loc_NetIncomeLossAttributableToNonredeemableNoncontrollingInterest' xlink:type='arc' />
<link:presentationArc order='10' xlink:arcrole='http://www.xbrl.org/2003/arcrole/parent-child' xlink:from='loc_NetIncomeLossAttributableToRedeemableNoncontrollingInterestAbstract' xlink:to='loc_NoncontrollingInterestInNetIncomeLossJointVenturePartnersRedeemable' xlink:type='arc' />
<link:presentationArc order='20' xlink:arcrole='http://www.xbrl.org/2003/arcrole/parent-child' xlink:from='loc_NetIncomeLossAttributableToRedeemableNoncontrollingInterestAbstract' xlink:to='loc_NoncontrollingInterestInNetIncomeLossLimitedPartnershipsRedeemable' xlink:type='arc' />
<link:presentationArc order='30' xlink:arcrole='http://www.xbrl.org/2003/arcrole/parent-child' xlink:from='loc_NetIncomeLossAttributableToRedeemableNoncontrollingInterestAbstract' xlink:to='loc_NoncontrollingInterestInNetIncomeLossOperatingPartnershipsRedeemable' xlink:type='arc' />
<link:presentationArc order='40' xlink:arcrole='http://www.xbrl.org/2003/arcrole/parent-child' xlink:from='loc_NetIncomeLossAttributableToRedeemableNoncontrollingInterestAbstract' xlink:to='loc_NoncontrollingInterestInNetIncomeLossOtherNoncontrollingInterestsRedeemable' xlink:type='arc' />
<link:presentationArc order='50' xlink:arcrole='http://www.xbrl.org/2003/arcrole/parent-child' xlink:from='loc_NetIncomeLossAttributableToRedeemableNoncontrollingInterestAbstract' xlink:to='loc_NoncontrollingInterestInNetIncomeLossPreferredUnitHoldersRedeemable' xlink:type='arc' />
<link:presentationArc order='60' preferredLabel='http://www.xbrl.org/2003/role/totalLabel' xlink:arcrole='http://www.xbrl.org/2003/arcrole/parent-child' xlink:from='loc_NetIncomeLossAttributableToRedeemableNoncontrollingInterestAbstract' xlink:to='loc_NetIncomeLossAttributableToRedeemableNoncontrollingInterest' xlink:type='arc' />
<link:presentationArc order='10' use='optional' xlink:arcrole='http://www.xbrl.org/2003/arcrole/parent-child' xlink:from='loc_MinorityInterestRepresentedByPreferredStockAbstract' xlink:to='loc_MinorityInterestAmountRepresentedByPreferredStock' xlink:type='arc' />
<link:presentationArc order='20' use='optional' xlink:arcrole='http://www.xbrl.org/2003/arcrole/parent-child' xlink:from='loc_MinorityInterestRepresentedByPreferredStockAbstract' xlink:to='loc_MinorityInterestDividendRequirementsOfPreferredStock' xlink:type='arc' />
<link:presentationArc order='10' xlink:arcrole='http://www.xbrl.org/2003/arcrole/parent-child' xlink:from='loc_NoncontrollingInterestAbstract' xlink:to='loc_ConsolidationLessThanWhollyOwnedSubsidiaryParentOwnershipInterestEffectsOfChangesNetTextBlock' xlink:type='arc' />
<link:presentationArc order='10' xlink:arcrole='http://www.xbrl.org/2003/arcrole/parent-child' xlink:from='loc_ConsolidationLessThanWhollyOwnedSubsidiaryParentOwnershipInterestEffectsOfChangesNetTextBlock' xlink:to='loc_ConsolidationLessThanWhollyOwnedSubsidiaryParentOwnershipInterestEffectsOfChangesNetTable' xlink:type='arc' />
<link:presentationArc order='20' xlink:arcrole='http://www.xbrl.org/2003/arcrole/parent-child' xlink:from='loc_NoncontrollingInterestAbstract' xlink:to='loc_MinorityInterestDisclosureTextBlock' xlink:type='arc' />
<link:presentationArc order='10' use='optional' xlink:arcrole='http://www.xbrl.org/2003/arcrole/parent-child' xlink:from='loc_MinorityInterestDisclosureTextBlock' xlink:to='loc_MinorityInterestTable' xlink:type='arc' />
<link:presentationArc order='20' xlink:arcrole='http://www.xbrl.org/2003/arcrole/parent-child' xlink:from='loc_MinorityInterestDisclosureTextBlock' xlink:to='loc_MinorityInterestAbstract' xlink:type='arc' />
<link:presentationArc order='30' xlink:arcrole='http://www.xbrl.org/2003/arcrole/parent-child' xlink:from='loc_MinorityInterestDisclosureTextBlock' xlink:to='loc_IncomeAmountsAttributableToNoncontrollingInterestDisclosuresAbstract' xlink:type='arc' />
<link:presentationArc order='40' xlink:arcrole='http://www.xbrl.org/2003/arcrole/parent-child' xlink:from='loc_MinorityInterestDisclosureTextBlock' xlink:to='loc_RedeemableNoncontrollingInterestTableTextBlock' xlink:type='arc' />
<link:presentationArc order='10' xlink:arcrole='http://www.xbrl.org/2003/arcrole/parent-child' xlink:from='loc_RedeemableNoncontrollingInterestTableTextBlock' xlink:to='loc_RedeemableNoncontrollingInterestByLegalEntityTable' xlink:type='arc' />
<link:presentationArc order='10' xlink:arcrole='http://www.xbrl.org/2003/arcrole/parent-child' xlink:from='loc_MinorityInterestLineItems' xlink:to='loc_MinorityInterestDescription' xlink:type='arc' />
<link:presentationArc order='20' use='optional' xlink:arcrole='http://www.xbrl.org/2003/arcrole/parent-child' xlink:from='loc_MinorityInterestLineItems' xlink:to='loc_MinorityInterestOwnershipPercentageByParent' xlink:type='arc' />
<link:presentationArc order='30' use='optional' xlink:arcrole='http://www.xbrl.org/2003/arcrole/parent-child' xlink:from='loc_MinorityInterestLineItems' xlink:to='loc_MinorityInterestOwnershipPercentageByNoncontrollingOwners' xlink:type='arc' />
<link:presentationArc order='40' use='optional' xlink:arcrole='http://www.xbrl.org/2003/arcrole/parent-child' xlink:from='loc_MinorityInterestLineItems' xlink:to='loc_MovementInMinorityInterestRollForward' xlink:type='arc' />
<link:presentationArc order='50' xlink:arcrole='http://www.xbrl.org/2003/arcrole/parent-child' xlink:from='loc_MinorityInterestLineItems' xlink:to='loc_MinorityInterestChangeInRedemptionValue' xlink:type='arc' />
<link:presentationArc order='60' use='optional' xlink:arcrole='http://www.xbrl.org/2003/arcrole/parent-child' xlink:from='loc_MinorityInterestLineItems' xlink:to='loc_MinorityInterestExplanationOfIncreaseDecrease' xlink:type='arc' />
<link:presentationArc order='70' use='optional' xlink:arcrole='http://www.xbrl.org/2003/arcrole/parent-child' xlink:from='loc_MinorityInterestLineItems' xlink:to='loc_MinorityInterestRepresentedByPreferredStockAbstract' xlink:type='arc' />
<link:presentationArc order='80' xlink:arcrole='http://www.xbrl.org/2003/arcrole/parent-child' xlink:from='loc_MinorityInterestLineItems' xlink:to='loc_DeconsolidationGainOrLossWithRelatedDisclosuresAbstract' xlink:type='arc' />
<link:presentationArc order='10' xlink:arcrole='http://www.xbrl.org/2003/arcrole/parent-child' xlink:from='loc_MinorityInterestTable' xlink:to='loc_ConsolidationItemsAxis' xlink:type='arc' />
<link:presentationArc order='20' xlink:arcrole='http://www.xbrl.org/2003/arcrole/parent-child' xlink:from='loc_MinorityInterestTable' xlink:to='loc_LegalEntityAxis' xlink:type='arc' />
<link:presentationArc order='30' xlink:arcrole='http://www.xbrl.org/2003/arcrole/parent-child' xlink:from='loc_MinorityInterestTable' xlink:to='loc_StatementEquityComponentsAxis' xlink:type='arc' />
<link:presentationArc order='40' xlink:arcrole='http://www.xbrl.org/2003/arcrole/parent-child' xlink:from='loc_MinorityInterestTable' xlink:to='loc_IncomeStatementLocationAxis' xlink:type='arc' />
<link:presentationArc order='50' use='optional' xlink:arcrole='http://www.xbrl.org/2003/arcrole/parent-child' xlink:from='loc_MinorityInterestTable' xlink:to='loc_MinorityInterestLineItems' xlink:type='arc' />
<link:presentationArc order='10' xlink:arcrole='http://www.xbrl.org/2003/arcrole/parent-child' xlink:from='loc_OtherComprehensiveIncomeNetOfTaxAttributableToNoncontrollingInterestAbstract' xlink:to='loc_OtherComprehensiveIncomeBeforeTaxPortionAttributableToNoncontrollingInterestAbstract' xlink:type='arc' />
<link:presentationArc order='20' xlink:arcrole='http://www.xbrl.org/2003/arcrole/parent-child' xlink:from='loc_OtherComprehensiveIncomeNetOfTaxAttributableToNoncontrollingInterestAbstract' xlink:to='loc_OtherComprehensiveIncomeTaxPortionAttributableToNoncontrollingInterestAbstract' xlink:type='arc' />
<link:presentationArc order='30' preferredLabel='http://www.xbrl.org/2003/role/totalLabel' xlink:arcrole='http://www.xbrl.org/2003/arcrole/parent-child' xlink:from='loc_OtherComprehensiveIncomeNetOfTaxAttributableToNoncontrollingInterestAbstract' xlink:to='loc_OtherComprehensiveIncomeLossNetOfTaxPortionAttributableToNoncontrollingInterest' xlink:type='arc' />
<link:presentationArc order='10' xlink:arcrole='http://www.xbrl.org/2003/arcrole/parent-child' xlink:from='loc_OtherComprehensiveIncomeTaxPortionAttributableToNoncontrollingInterestAbstract' xlink:to='loc_OtherComprehensiveIncomeForeignCurrencyTranslationAdjustmentTaxPortionAttributableToNoncontrollingInterest' xlink:type='arc' />
<link:presentationArc order='20' xlink:arcrole='http://www.xbrl.org/2003/arcrole/parent-child' xlink:from='loc_OtherComprehensiveIncomeTaxPortionAttributableToNoncontrollingInterestAbstract' xlink:to='loc_OtherComprehensiveIncomeDefinedBenefitPlansTaxPortionAttributableToNoncontrollingInterest' xlink:type='arc' />
<link:presentationArc order='30' xlink:arcrole='http://www.xbrl.org/2003/arcrole/parent-child' xlink:from='loc_OtherComprehensiveIncomeTaxPortionAttributableToNoncontrollingInterestAbstract' xlink:to='loc_OtherComprehensiveIncomeAvailableforsaleSecuritiesTaxPortionAttributableToNoncontrollingInterest' xlink:type='arc' />
<link:presentationArc order='40' xlink:arcrole='http://www.xbrl.org/2003/arcrole/parent-child' xlink:from='loc_OtherComprehensiveIncomeTaxPortionAttributableToNoncontrollingInterestAbstract' xlink:to='loc_OtherThanTemporaryImpairmentLossesInvestmentsPortionInOtherComprehensiveIncomeLossTaxPortionAttributableToNoncontrollingInterest' xlink:type='arc' />
<link:presentationArc order='50' xlink:arcrole='http://www.xbrl.org/2003/arcrole/parent-child' xlink:from='loc_OtherComprehensiveIncomeTaxPortionAttributableToNoncontrollingInterestAbstract' xlink:to='loc_OtherComprehensiveIncomeDerivativesQualifyingAsHedgesTaxPortionAttributableToNoncontrollingInterest' xlink:type='arc' />
<link:presentationArc order='60' preferredLabel='http://www.xbrl.org/2003/role/totalLabel' xlink:arcrole='http://www.xbrl.org/2003/arcrole/parent-child' xlink:from='loc_OtherComprehensiveIncomeTaxPortionAttributableToNoncontrollingInterestAbstract' xlink:to='loc_OtherComprehensiveIncomeLossTaxPortionAttributableToNoncontrollingInterest' xlink:type='arc' />
<link:presentationArc order='10' xlink:arcrole='http://www.xbrl.org/2003/arcrole/parent-child' xlink:from='loc_OtherComprehensiveIncomeBeforeTaxPortionAttributableToNoncontrollingInterestAbstract' xlink:to='loc_OtherComprehensiveIncomeForeignCurrencyTransactionAndTranslationAdjustmentBeforeTaxPortionAttributableToNoncontrollingInterest' xlink:type='arc' />
<link:presentationArc order='20' xlink:arcrole='http://www.xbrl.org/2003/arcrole/parent-child' xlink:from='loc_OtherComprehensiveIncomeBeforeTaxPortionAttributableToNoncontrollingInterestAbstract' xlink:to='loc_OtherComprehensiveIncomeDefinedBenefitPlansAdjustmentBeforeTaxPortionAttributableToNoncontrollingInterest' xlink:type='arc' />
<link:presentationArc order='30' xlink:arcrole='http://www.xbrl.org/2003/arcrole/parent-child' xlink:from='loc_OtherComprehensiveIncomeBeforeTaxPortionAttributableToNoncontrollingInterestAbstract' xlink:to='loc_OtherComprehensiveIncomeAvailableforsaleSecuritiesAdjustmentBeforeTaxPortionAttributableToNoncontrollingInterest' xlink:type='arc' />
<link:presentationArc order='40' xlink:arcrole='http://www.xbrl.org/2003/arcrole/parent-child' xlink:from='loc_OtherComprehensiveIncomeBeforeTaxPortionAttributableToNoncontrollingInterestAbstract' xlink:to='loc_OtherThanTemporaryImpairmentLossesInvestmentsPortionInOtherComprehensiveIncomeLossBeforeTaxPortionAttributableToNoncontrollingInterest' xlink:type='arc' />
<link:presentationArc order='50' xlink:arcrole='http://www.xbrl.org/2003/arcrole/parent-child' xlink:from='loc_OtherComprehensiveIncomeBeforeTaxPortionAttributableToNoncontrollingInterestAbstract' xlink:to='loc_OtherComprehensiveIncomeDerivativesQualifyingAsHedgesBeforeTaxPortionAttributableToNoncontrollingInterest' xlink:type='arc' />
<link:presentationArc order='60' preferredLabel='http://www.xbrl.org/2003/role/totalLabel' xlink:arcrole='http://www.xbrl.org/2003/arcrole/parent-child' xlink:from='loc_OtherComprehensiveIncomeBeforeTaxPortionAttributableToNoncontrollingInterestAbstract' xlink:to='loc_OtherComprehensiveIncomeLossBeforeTaxPortionAttributableToNoncontrollingInterest' xlink:type='arc' />
<link:presentationArc order='10' xlink:arcrole='http://www.xbrl.org/2003/arcrole/parent-child' xlink:from='loc_RangeAxis' xlink:to='loc_RangeMember' xlink:type='arc' />
<link:presentationArc order='10' xlink:arcrole='http://www.xbrl.org/2003/arcrole/parent-child' xlink:from='loc_RangeMember' xlink:to='loc_MaximumMember' xlink:type='arc' />
<link:presentationArc order='20' xlink:arcrole='http://www.xbrl.org/2003/arcrole/parent-child' xlink:from='loc_RangeMember' xlink:to='loc_MinimumMember' xlink:type='arc' />
<link:presentationArc order='10' xlink:arcrole='http://www.xbrl.org/2003/arcrole/parent-child' xlink:from='loc_RedeemableNoncontrollingInterestLineItems' xlink:to='loc_RedeemableNoncontrollingInterestEquityFairValueAbstract' xlink:type='arc' />
<link:presentationArc order='20' xlink:arcrole='http://www.xbrl.org/2003/arcrole/parent-child' xlink:from='loc_RedeemableNoncontrollingInterestLineItems' xlink:to='loc_RedeemableNoncontrollingInterestEquityCarryingAmountAbstract' xlink:type='arc' />
<link:presentationArc order='30' xlink:arcrole='http://www.xbrl.org/2003/arcrole/parent-child' xlink:from='loc_RedeemableNoncontrollingInterestLineItems' xlink:to='loc_RedeemableNoncontrollingInterestEquityRedemptionValueAbstract' xlink:type='arc' />
<link:presentationArc order='40' xlink:arcrole='http://www.xbrl.org/2003/arcrole/parent-child' xlink:from='loc_RedeemableNoncontrollingInterestLineItems' xlink:to='loc_MinorityInterestDescription' xlink:type='arc' />
<link:presentationArc order='50' xlink:arcrole='http://www.xbrl.org/2003/arcrole/parent-child' xlink:from='loc_RedeemableNoncontrollingInterestLineItems' xlink:to='loc_MinorityInterestOwnershipPercentageByNoncontrollingOwners' xlink:type='arc' />
<link:presentationArc order='60' xlink:arcrole='http://www.xbrl.org/2003/arcrole/parent-child' xlink:from='loc_RedeemableNoncontrollingInterestLineItems' xlink:to='loc_MinorityInterestChangeInRedemptionValue' xlink:type='arc' />
<link:presentationArc order='70' xlink:arcrole='http://www.xbrl.org/2003/arcrole/parent-child' xlink:from='loc_RedeemableNoncontrollingInterestLineItems' xlink:to='loc_MinorityInterestDecreaseFromRedemptions' xlink:type='arc' />
<link:presentationArc order='80' xlink:arcrole='http://www.xbrl.org/2003/arcrole/parent-child' xlink:from='loc_RedeemableNoncontrollingInterestLineItems' xlink:to='loc_PaymentsForRepurchaseOfRedeemableNoncontrollingInterest' xlink:type='arc' />
<link:presentationArc order='90' xlink:arcrole='http://www.xbrl.org/2003/arcrole/parent-child' xlink:from='loc_RedeemableNoncontrollingInterestLineItems' xlink:to='loc_MinorityInterestExplanationOfIncreaseDecrease' xlink:type='arc' />
<link:presentationArc order='10' xlink:arcrole='http://www.xbrl.org/2003/arcrole/parent-child' xlink:from='loc_RedeemableNoncontrollingInterestEquityCarryingAmountAbstract' xlink:to='loc_RedeemableNoncontrollingInterestEquityCommonCarryingAmount' xlink:type='arc' />
<link:presentationArc order='20' xlink:arcrole='http://www.xbrl.org/2003/arcrole/parent-child' xlink:from='loc_RedeemableNoncontrollingInterestEquityCarryingAmountAbstract' xlink:to='loc_RedeemableNoncontrollingInterestEquityPreferredCarryingAmount' xlink:type='arc' />
<link:presentationArc order='30' xlink:arcrole='http://www.xbrl.org/2003/arcrole/parent-child' xlink:from='loc_RedeemableNoncontrollingInterestEquityCarryingAmountAbstract' xlink:to='loc_RedeemableNoncontrollingInterestEquityOtherCarryingAmount' xlink:type='arc' />
<link:presentationArc order='40' preferredLabel='http://www.xbrl.org/2003/role/totalLabel' xlink:arcrole='http://www.xbrl.org/2003/arcrole/parent-child' xlink:from='loc_RedeemableNoncontrollingInterestEquityCarryingAmountAbstract' xlink:to='loc_RedeemableNoncontrollingInterestEquityCarryingAmount' xlink:type='arc' />
<link:presentationArc order='10' xlink:arcrole='http://www.xbrl.org/2003/arcrole/parent-child' xlink:from='loc_RedeemableNoncontrollingInterestEquityFairValueAbstract' xlink:to='loc_RedeemableNoncontrollingInterestEquityCommonFairValue' xlink:type='arc' />
<link:presentationArc order='20' xlink:arcrole='http://www.xbrl.org/2003/arcrole/parent-child' xlink:from='loc_RedeemableNoncontrollingInterestEquityFairValueAbstract' xlink:to='loc_RedeemableNoncontrollingInterestEquityPreferredFairValue' xlink:type='arc' />
<link:presentationArc order='30' xlink:arcrole='http://www.xbrl.org/2003/arcrole/parent-child' xlink:from='loc_RedeemableNoncontrollingInterestEquityFairValueAbstract' xlink:to='loc_RedeemableNoncontrollingInterestEquityOtherFairValue' xlink:type='arc' />
<link:presentationArc order='40' preferredLabel='http://www.xbrl.org/2003/role/totalLabel' xlink:arcrole='http://www.xbrl.org/2003/arcrole/parent-child' xlink:from='loc_RedeemableNoncontrollingInterestEquityFairValueAbstract' xlink:to='loc_RedeemableNoncontrollingInterestEquityFairValue' xlink:type='arc' />
<link:presentationArc order='10' xlink:arcrole='http://www.xbrl.org/2003/arcrole/parent-child' xlink:from='loc_RedeemableNoncontrollingInterestEquityRedemptionValueAbstract' xlink:to='loc_RedeemableNoncontrollingInterestEquityCommonRedemptionValue' xlink:type='arc' />
<link:presentationArc order='20' xlink:arcrole='http://www.xbrl.org/2003/arcrole/parent-child' xlink:from='loc_RedeemableNoncontrollingInterestEquityRedemptionValueAbstract' xlink:to='loc_RedeemableNoncontrollingInterestEquityPreferredRedemptionValue' xlink:type='arc' />
<link:presentationArc order='30' xlink:arcrole='http://www.xbrl.org/2003/arcrole/parent-child' xlink:from='loc_RedeemableNoncontrollingInterestEquityRedemptionValueAbstract' xlink:to='loc_RedeemableNoncontrollingInterestEquityOtherRedemptionValue' xlink:type='arc' />
<link:presentationArc order='40' preferredLabel='http://www.xbrl.org/2003/role/totalLabel' xlink:arcrole='http://www.xbrl.org/2003/arcrole/parent-child' xlink:from='loc_RedeemableNoncontrollingInterestEquityRedemptionValueAbstract' xlink:to='loc_RedeemableNoncontrollingInterestEquityRedemptionValue' xlink:type='arc' />
<link:presentationArc order='10' xlink:arcrole='http://www.xbrl.org/2003/arcrole/parent-child' xlink:from='loc_RedeemableNoncontrollingInterestByLegalEntityTable' xlink:to='loc_ConsolidationItemsAxis' xlink:type='arc' />
<link:presentationArc order='20' xlink:arcrole='http://www.xbrl.org/2003/arcrole/parent-child' xlink:from='loc_RedeemableNoncontrollingInterestByLegalEntityTable' xlink:to='loc_LegalEntityAxis' xlink:type='arc' />
<link:presentationArc order='30' xlink:arcrole='http://www.xbrl.org/2003/arcrole/parent-child' xlink:from='loc_RedeemableNoncontrollingInterestByLegalEntityTable' xlink:to='loc_RangeAxis' xlink:type='arc' />
<link:presentationArc order='40' xlink:arcrole='http://www.xbrl.org/2003/arcrole/parent-child' xlink:from='loc_RedeemableNoncontrollingInterestByLegalEntityTable' xlink:to='loc_RedeemableNoncontrollingInterestLineItems' xlink:type='arc' />
<link:presentationArc order='10' xlink:arcrole='http://www.xbrl.org/2003/arcrole/parent-child' xlink:from='loc_SellingGeneralAndAdministrativeExpensesMember' xlink:to='loc_SellingAndMarketingExpenseMember' xlink:type='arc' />
<link:presentationArc order='20' xlink:arcrole='http://www.xbrl.org/2003/arcrole/parent-child' xlink:from='loc_SellingGeneralAndAdministrativeExpensesMember' xlink:to='loc_GeneralAndAdministrativeExpenseMember' xlink:type='arc' />
<link:presentationArc order='10' xlink:arcrole='http://www.xbrl.org/2003/arcrole/parent-child' xlink:from='loc_MinorityInterestAbstract' xlink:to='loc_MinorityInterestInLimitedPartnerships' xlink:type='arc' />
<link:presentationArc order='20' xlink:arcrole='http://www.xbrl.org/2003/arcrole/parent-child' xlink:from='loc_MinorityInterestAbstract' xlink:to='loc_MinorityInterestInOperatingPartnerships' xlink:type='arc' />
<link:presentationArc order='30' xlink:arcrole='http://www.xbrl.org/2003/arcrole/parent-child' xlink:from='loc_MinorityInterestAbstract' xlink:to='loc_MinorityInterestInPreferredUnitHolders' xlink:type='arc' />
<link:presentationArc order='40' xlink:arcrole='http://www.xbrl.org/2003/arcrole/parent-child' xlink:from='loc_MinorityInterestAbstract' xlink:to='loc_MinorityInterestInJointVentures' xlink:type='arc' />
<link:presentationArc order='50' xlink:arcrole='http://www.xbrl.org/2003/arcrole/parent-child' xlink:from='loc_MinorityInterestAbstract' xlink:to='loc_NoncontrollingInterestInVariableInterestEntity' xlink:type='arc' />
<link:presentationArc order='60' xlink:arcrole='http://www.xbrl.org/2003/arcrole/parent-child' xlink:from='loc_MinorityInterestAbstract' xlink:to='loc_OtherMinorityInterests' xlink:type='arc' />
<link:presentationArc order='70' xlink:arcrole='http://www.xbrl.org/2003/arcrole/parent-child' xlink:from='loc_MinorityInterestAbstract' xlink:to='loc_NonredeemableNoncontrollingInterest' xlink:type='arc' />
<link:presentationArc order='80' preferredLabel='http://www.xbrl.org/2003/role/totalLabel' xlink:arcrole='http://www.xbrl.org/2003/arcrole/parent-child' xlink:from='loc_MinorityInterestAbstract' xlink:to='loc_MinorityInterest' xlink:type='arc' />
<link:presentationArc order='10' preferredLabel='http://www.xbrl.org/2003/role/periodStartLabel' use='optional' xlink:arcrole='http://www.xbrl.org/2003/arcrole/parent-child' xlink:from='loc_MovementInMinorityInterestRollForward' xlink:to='loc_MinorityInterest' xlink:type='arc' />
<link:presentationArc order='20' xlink:arcrole='http://www.xbrl.org/2003/arcrole/parent-child' xlink:from='loc_MovementInMinorityInterestRollForward' xlink:to='loc_NoncontrollingInterestIncreaseFromSubsidiaryEquityIssuance' xlink:type='arc' />
<link:presentationArc order='30' xlink:arcrole='http://www.xbrl.org/2003/arcrole/parent-child' xlink:from='loc_MovementInMinorityInterestRollForward' xlink:to='loc_NoncontrollingInterestIncreaseFromSaleOfParentEquityInterest' xlink:type='arc' />
<link:presentationArc order='40' xlink:arcrole='http://www.xbrl.org/2003/arcrole/parent-child' xlink:from='loc_MovementInMinorityInterestRollForward' xlink:to='loc_NoncontrollingInterestIncreaseFromBusinessCombination' xlink:type='arc' />
<link:presentationArc order='50' xlink:arcrole='http://www.xbrl.org/2003/arcrole/parent-child' xlink:from='loc_MovementInMinorityInterestRollForward' xlink:to='loc_ComprehensiveIncomeNetOfTaxAttributableToNoncontrollingInterest' xlink:type='arc' />
<link:presentationArc order='10' xlink:arcrole='http://www.xbrl.org/2003/arcrole/parent-child' xlink:from='loc_ComprehensiveIncomeNetOfTaxAttributableToNoncontrollingInterest' xlink:to='loc_MinorityInterestInNetIncomeLossOfConsolidatedEntitiesAbstract' xlink:type='arc' />
<link:presentationArc order='20' xlink:arcrole='http://www.xbrl.org/2003/arcrole/parent-child' xlink:from='loc_ComprehensiveIncomeNetOfTaxAttributableToNoncontrollingInterest' xlink:to='loc_OtherComprehensiveIncomeNetOfTaxAttributableToNoncontrollingInterestAbstract' xlink:type='arc' />
<link:presentationArc order='60' use='optional' xlink:arcrole='http://www.xbrl.org/2003/arcrole/parent-child' xlink:from='loc_MovementInMinorityInterestRollForward' xlink:to='loc_MinorityInterestDecreaseFromDistributionsToNoncontrollingInterestHolders' xlink:type='arc' />
<link:presentationArc order='70' xlink:arcrole='http://www.xbrl.org/2003/arcrole/parent-child' xlink:from='loc_MovementInMinorityInterestRollForward' xlink:to='loc_MinorityInterestDecreaseFromRedemptions' xlink:type='arc' />
<link:presentationArc order='80' xlink:arcrole='http://www.xbrl.org/2003/arcrole/parent-child' xlink:from='loc_MovementInMinorityInterestRollForward' xlink:to='loc_NoncontrollingInterestDecreaseFromDeconsolidation' xlink:type='arc' />
<link:presentationArc order='90' preferredLabel='http://www.xbrl.org/2003/role/totalLabel' xlink:arcrole='http://www.xbrl.org/2003/arcrole/parent-child' xlink:from='loc_MovementInMinorityInterestRollForward' xlink:to='loc_MinorityInterestPeriodIncreaseDecrease' xlink:type='arc' />
<link:presentationArc order='100' preferredLabel='http://www.xbrl.org/2003/role/periodEndLabel' use='optional' xlink:arcrole='http://www.xbrl.org/2003/arcrole/parent-child' xlink:from='loc_MovementInMinorityInterestRollForward' xlink:to='loc_MinorityInterest_1' xlink:type='arc' />
</link:presentationLink>
</link:linkbase>
