<?xml version='1.0' encoding='UTF-8'?>

<!--
(c) XBRL US, Inc. 2007-2010; Financial Accounting Foundation, Inc. 2010-2016.  All Rights Reserved.
Notice: Authorized Uses are Set Forth at http://xbrl.fasb.org/terms/TaxonomiesTermsConditions.html
  -->
<link:linkbase xmlns:link='http://www.xbrl.org/2003/linkbase' xmlns:xbrldt='http://xbrl.org/2005/xbrldt' xmlns:xlink='http://www.w3.org/1999/xlink' xmlns:xsi='http://www.w3.org/2001/XMLSchema-instance' xsi:schemaLocation='http://www.xbrl.org/2003/linkbase http://www.xbrl.org/2003/xbrl-linkbase-2003-12-31.xsd'>
<link:roleRef roleURI='http://fasb.org/us-gaap/role/disclosure/ExtraordinaryAndUnusualItems' xlink:href='../elts/us-roles-2016-01-31.xsd#eui' xlink:type='simple' />
<link:presentationLink xlink:role='http://fasb.org/us-gaap/role/disclosure/ExtraordinaryAndUnusualItems' xlink:type='extended'>
<link:loc xlink:href='../elts/us-gaap-2016-01-31.xsd#us-gaap_ASU201501TransitionAbstract' xlink:label='loc_ASU201501TransitionAbstract' xlink:type='locator' />
<link:loc xlink:href='../elts/us-gaap-2016-01-31.xsd#us-gaap_ExtraordinaryItemAxis' xlink:label='loc_ExtraordinaryItemAxis' xlink:type='locator' />
<link:loc xlink:href='../elts/us-gaap-2016-01-31.xsd#us-gaap_ExtraordinaryItemChangeInPriorPeriodEstimateYearOfOrigin' xlink:label='loc_ExtraordinaryItemChangeInPriorPeriodEstimateYearOfOrigin' xlink:type='locator' />
<link:loc xlink:href='../elts/us-gaap-2016-01-31.xsd#us-gaap_ExtraordinaryItemDescriptionOfEventOrTransaction' xlink:label='loc_ExtraordinaryItemDescriptionOfEventOrTransaction' xlink:type='locator' />
<link:loc xlink:href='../elts/us-gaap-2016-01-31.xsd#us-gaap_ExtraordinaryItemDomain' xlink:label='loc_ExtraordinaryItemDomain' xlink:type='locator' />
<link:loc xlink:href='../elts/us-gaap-2016-01-31.xsd#us-gaap_ExtraordinaryItemEarningsPerShareImpactGross' xlink:label='loc_ExtraordinaryItemEarningsPerShareImpactGross' xlink:type='locator' />
<link:loc xlink:href='../elts/us-gaap-2016-01-31.xsd#us-gaap_ExtraordinaryItemEarningsPerShareImpactNet' xlink:label='loc_ExtraordinaryItemEarningsPerShareImpactNet' xlink:type='locator' />
<link:loc xlink:href='../elts/us-gaap-2016-01-31.xsd#us-gaap_ExtraordinaryItemFourthQuarter' xlink:label='loc_ExtraordinaryItemFourthQuarter' xlink:type='locator' />
<link:loc xlink:href='../elts/us-gaap-2016-01-31.xsd#us-gaap_ExtraordinaryItemGainOrLossNetOfTaxAttributableToNoncontrollingInterest' xlink:label='loc_ExtraordinaryItemGainOrLossNetOfTaxAttributableToNoncontrollingInterest' xlink:type='locator' />
<link:loc xlink:href='../elts/us-gaap-2016-01-31.xsd#us-gaap_ExtraordinaryItemGainOrLossNetOfTaxAttributableToReportingEntity' xlink:label='loc_ExtraordinaryItemGainOrLossNetOfTaxAttributableToReportingEntity' xlink:type='locator' />
<link:loc xlink:href='../elts/us-gaap-2016-01-31.xsd#us-gaap_ExtraordinaryItemLineItems' xlink:label='loc_ExtraordinaryItemLineItems' xlink:type='locator' />
<link:loc xlink:href='../elts/us-gaap-2016-01-31.xsd#us-gaap_ExtraordinaryItemMember' xlink:label='loc_ExtraordinaryItemMember' xlink:type='locator' />
<link:loc xlink:href='../elts/us-gaap-2016-01-31.xsd#us-gaap_ExtraordinaryItemNetOfTax' xlink:label='loc_ExtraordinaryItemNetOfTax' xlink:type='locator' />
<link:loc xlink:href='../elts/us-gaap-2016-01-31.xsd#us-gaap_ExtraordinaryItemOfInvestee' xlink:label='loc_ExtraordinaryItemOfInvestee' xlink:type='locator' />
<link:loc xlink:href='../elts/us-gaap-2016-01-31.xsd#us-gaap_ExtraordinaryItemsDisclosureTextBlock' xlink:label='loc_ExtraordinaryItemsDisclosureTextBlock' xlink:type='locator' />
<link:loc xlink:href='../elts/us-gaap-2016-01-31.xsd#us-gaap_ExtraordinaryItemsGross' xlink:label='loc_ExtraordinaryItemsGross' xlink:type='locator' />
<link:loc xlink:href='../elts/us-gaap-2016-01-31.xsd#us-gaap_ExtraordinaryItemsTable' xlink:label='loc_ExtraordinaryItemsTable' xlink:type='locator' />
<link:loc xlink:href='../elts/us-gaap-2016-01-31.xsd#us-gaap_GainLossFromAdjustmentsToPriorPeriodExtraordinaryItems' xlink:label='loc_GainLossFromAdjustmentsToPriorPeriodExtraordinaryItems' xlink:type='locator' />
<link:loc xlink:href='../elts/us-gaap-2016-01-31.xsd#us-gaap_IncomeLossBeforeExtraordinaryItemsAndCumulativeEffectOfChangeInAccountingPrinciple' xlink:label='loc_IncomeLossBeforeExtraordinaryItemsAndCumulativeEffectOfChangeInAccountingPrinciple' xlink:type='locator' />
<link:loc xlink:href='../elts/us-gaap-2016-01-31.xsd#us-gaap_IncomeLossBeforeExtraordinaryItemsAndCumulativeEffectOfChangeInAccountingPrinciplePerBasicShare' xlink:label='loc_IncomeLossBeforeExtraordinaryItemsAndCumulativeEffectOfChangeInAccountingPrinciplePerBasicShare' xlink:type='locator' />
<link:loc xlink:href='../elts/us-gaap-2016-01-31.xsd#us-gaap_IncomeLossBeforeExtraordinaryItemsAndCumulativeEffectOfChangeInAccountingPrinciplePerDilutedShare' xlink:label='loc_IncomeLossBeforeExtraordinaryItemsAndCumulativeEffectOfChangeInAccountingPrinciplePerDilutedShare' xlink:type='locator' />
<link:loc xlink:href='../elts/us-gaap-2016-01-31.xsd#us-gaap_IncomeLossFromExtraordinaryItemsBeforeTaxPerBasicShare' xlink:label='loc_IncomeLossFromExtraordinaryItemsBeforeTaxPerBasicShare' xlink:type='locator' />
<link:loc xlink:href='../elts/us-gaap-2016-01-31.xsd#us-gaap_IncomeLossFromExtraordinaryItemsBeforeTaxPerDilutedShare' xlink:label='loc_IncomeLossFromExtraordinaryItemsBeforeTaxPerDilutedShare' xlink:type='locator' />
<link:loc xlink:href='../elts/us-gaap-2016-01-31.xsd#us-gaap_IncomeLossFromExtraordinaryItemsNetOfTaxPerBasicAndDilutedShare' xlink:label='loc_IncomeLossFromExtraordinaryItemsNetOfTaxPerBasicAndDilutedShare' xlink:type='locator' />
<link:loc xlink:href='../elts/us-gaap-2016-01-31.xsd#us-gaap_IncomeLossFromExtraordinaryItemsNetOfTaxPerBasicShare' xlink:label='loc_IncomeLossFromExtraordinaryItemsNetOfTaxPerBasicShare' xlink:type='locator' />
<link:loc xlink:href='../elts/us-gaap-2016-01-31.xsd#us-gaap_IncomeLossFromExtraordinaryItemsNetOfTaxPerDilutedShare' xlink:label='loc_IncomeLossFromExtraordinaryItemsNetOfTaxPerDilutedShare' xlink:type='locator' />
<link:loc xlink:href='../elts/us-gaap-2016-01-31.xsd#us-gaap_IncomeLossFromExtraordinaryItemsNetOfTaxPerOutstandingGeneralPartnershipUnit1' xlink:label='loc_IncomeLossFromExtraordinaryItemsNetOfTaxPerOutstandingGeneralPartnershipUnit1' xlink:type='locator' />
<link:loc xlink:href='../elts/us-gaap-2016-01-31.xsd#us-gaap_IncomeLossFromExtraordinaryItemsNetOfTaxPerOutstandingLimitedPartnershipAndGeneralPartnershipUnitBasic1' xlink:label='loc_IncomeLossFromExtraordinaryItemsNetOfTaxPerOutstandingLimitedPartnershipAndGeneralPartnershipUnitBasic1' xlink:type='locator' />
<link:loc xlink:href='../elts/us-gaap-2016-01-31.xsd#us-gaap_IncomeLossFromExtraordinaryItemsNetOfTaxPerOutstandingLimitedPartnershipAndGeneralPartnershipUnitBasicAndDiluted' xlink:label='loc_IncomeLossFromExtraordinaryItemsNetOfTaxPerOutstandingLimitedPartnershipAndGeneralPartnershipUnitBasicAndDiluted' xlink:type='locator' />
<link:loc xlink:href='../elts/us-gaap-2016-01-31.xsd#us-gaap_IncomeLossFromExtraordinaryItemsNetOfTaxPerOutstandingLimitedPartnershipUnitBasic' xlink:label='loc_IncomeLossFromExtraordinaryItemsNetOfTaxPerOutstandingLimitedPartnershipUnitBasic' xlink:type='locator' />
<link:loc xlink:href='../elts/us-gaap-2016-01-31.xsd#us-gaap_IncomeLossFromExtraordinaryItemsNetOfTaxPerOutstandingLimitedPartnershipUnitDiluted1' xlink:label='loc_IncomeLossFromExtraordinaryItemsNetOfTaxPerOutstandingLimitedPartnershipUnitDiluted1' xlink:type='locator' />
<link:loc xlink:href='../elts/us-gaap-2016-01-31.xsd#us-gaap_IncomeLossFromExtraordinaryItemsTaxEffectPerBasicShare' xlink:label='loc_IncomeLossFromExtraordinaryItemsTaxEffectPerBasicShare' xlink:type='locator' />
<link:loc xlink:href='../elts/us-gaap-2016-01-31.xsd#us-gaap_IncomeLossFromExtraordinaryItemsTaxEffectPerDilutedShare' xlink:label='loc_IncomeLossFromExtraordinaryItemsTaxEffectPerDilutedShare' xlink:type='locator' />
<link:loc xlink:href='../elts/us-gaap-2016-01-31.xsd#us-gaap_IncomeLossFromOperationsBeforeExtraordinaryItemsNetOfTaxPerOutstandingLimitedPartnershipUnitDiluted' xlink:label='loc_IncomeLossFromOperationsBeforeExtraordinaryItemsNetOfTaxPerOutstandingLimitedPartnershipUnitDiluted' xlink:type='locator' />
<link:loc xlink:href='../elts/us-gaap-2016-01-31.xsd#us-gaap_IncomeLossFromOperationsBeforeExtraordinaryItemsPerBasicAndDilutedShare' xlink:label='loc_IncomeLossFromOperationsBeforeExtraordinaryItemsPerBasicAndDilutedShare' xlink:type='locator' />
<link:loc xlink:href='../elts/us-gaap-2016-01-31.xsd#us-gaap_IncomeLossFromOperationsBeforeExtraordinaryItemsPerOutstandingGeneralPartnershipUnitNetOfTax' xlink:label='loc_IncomeLossFromOperationsBeforeExtraordinaryItemsPerOutstandingGeneralPartnershipUnitNetOfTax' xlink:type='locator' />
<link:loc xlink:href='../elts/us-gaap-2016-01-31.xsd#us-gaap_IncomeLossFromOperationsBeforeExtraordinaryItemsPerOutstandingLimitedPartnershipAndGeneralPartnershipUnitBasic' xlink:label='loc_IncomeLossFromOperationsBeforeExtraordinaryItemsPerOutstandingLimitedPartnershipAndGeneralPartnershipUnitBasic' xlink:type='locator' />
<link:loc xlink:href='../elts/us-gaap-2016-01-31.xsd#us-gaap_IncomeLossFromOperationsBeforeExtraordinaryItemsPerOutstandingLimitedPartnershipAndGeneralPartnershipUnitBasicAndDiluted' xlink:label='loc_IncomeLossFromOperationsBeforeExtraordinaryItemsPerOutstandingLimitedPartnershipAndGeneralPartnershipUnitBasicAndDiluted' xlink:type='locator' />
<link:loc xlink:href='../elts/us-gaap-2016-01-31.xsd#us-gaap_IncomeLossFromOperationsBeforeExtraordinaryItemsPerOutstandingLimitedPartnershipUnitBasicNetOfTax' xlink:label='loc_IncomeLossFromOperationsBeforeExtraordinaryItemsPerOutstandingLimitedPartnershipUnitBasicNetOfTax' xlink:type='locator' />
<link:loc xlink:href='../elts/us-gaap-2016-01-31.xsd#us-gaap_IncomeTaxExpenseBenefitExtraordinaryItems' xlink:label='loc_IncomeTaxExpenseBenefitExtraordinaryItems' xlink:type='locator' />
<link:loc xlink:href='../elts/us-gaap-2016-01-31.xsd#us-gaap_OtherExtraordinaryGainLoss' xlink:label='loc_OtherExtraordinaryGainLoss' xlink:type='locator' />
<link:loc xlink:href='../elts/us-gaap-2016-01-31.xsd#us-gaap_ScheduleOfExtraordinaryItemsTextBlock' xlink:label='loc_ScheduleOfExtraordinaryItemsTextBlock' xlink:type='locator' />
<link:loc xlink:href='../elts/us-gaap-2016-01-31.xsd#us-gaap_TaxEffectOfExtraordinaryItem' xlink:label='loc_TaxEffectOfExtraordinaryItem' xlink:type='locator' />
<link:loc xlink:href='../elts/us-gaap-2016-01-31.xsd#us-gaap_BusinessInterruptionLossAxis' xlink:label='loc_BusinessInterruptionLossAxis' xlink:type='locator' />
<link:loc xlink:href='../elts/us-gaap-2016-01-31.xsd#us-gaap_BusinessInterruptionLossDomain' xlink:label='loc_BusinessInterruptionLossDomain' xlink:type='locator' />
<link:loc xlink:href='../elts/us-gaap-2016-01-31.xsd#us-gaap_BusinessInterruptionLossLineItems' xlink:label='loc_BusinessInterruptionLossLineItems' xlink:type='locator' />
<link:loc xlink:href='../elts/us-gaap-2016-01-31.xsd#us-gaap_BusinessInterruptionLossesNatureOfEvent' xlink:label='loc_BusinessInterruptionLossesNatureOfEvent' xlink:type='locator' />
<link:loc xlink:href='../elts/us-gaap-2016-01-31.xsd#us-gaap_GainOnBusinessInterruptionInsuranceRecovery' xlink:label='loc_GainOnBusinessInterruptionInsuranceRecovery' xlink:type='locator' />
<link:loc xlink:href='../elts/us-gaap-2016-01-31.xsd#us-gaap_IncomeStatementLocationAxis' xlink:label='loc_IncomeStatementLocationAxis' xlink:type='locator' />
<link:loc xlink:href='../elts/us-gaap-2016-01-31.xsd#us-gaap_IncomeStatementLocationDomain' xlink:label='loc_IncomeStatementLocationDomain' xlink:type='locator' />
<link:loc xlink:href='../elts/us-gaap-2016-01-31.xsd#us-gaap_SalesMember' xlink:label='loc_SalesMember' xlink:type='locator' />
<link:loc xlink:href='../elts/us-gaap-2016-01-31.xsd#us-gaap_TradingRevenueMember' xlink:label='loc_TradingRevenueMember' xlink:type='locator' />
<link:loc xlink:href='../elts/us-gaap-2016-01-31.xsd#us-gaap_CostOfSalesMember' xlink:label='loc_CostOfSalesMember' xlink:type='locator' />
<link:loc xlink:href='../elts/us-gaap-2016-01-31.xsd#us-gaap_PrincipalOrProprietaryTransactionsMember' xlink:label='loc_PrincipalOrProprietaryTransactionsMember' xlink:type='locator' />
<link:loc xlink:href='../elts/us-gaap-2016-01-31.xsd#us-gaap_AssetManagementIncomeMember' xlink:label='loc_AssetManagementIncomeMember' xlink:type='locator' />
<link:loc xlink:href='../elts/us-gaap-2016-01-31.xsd#us-gaap_OtherIncomeMember' xlink:label='loc_OtherIncomeMember' xlink:type='locator' />
<link:loc xlink:href='../elts/us-gaap-2016-01-31.xsd#us-gaap_InterestIncomeMember' xlink:label='loc_InterestIncomeMember' xlink:type='locator' />
<link:loc xlink:href='../elts/us-gaap-2016-01-31.xsd#us-gaap_InvestmentIncomeMember' xlink:label='loc_InvestmentIncomeMember' xlink:type='locator' />
<link:loc xlink:href='../elts/us-gaap-2016-01-31.xsd#us-gaap_OperatingIncomeLossMember' xlink:label='loc_OperatingIncomeLossMember' xlink:type='locator' />
<link:loc xlink:href='../elts/us-gaap-2016-01-31.xsd#us-gaap_OtherOperatingIncomeExpenseMember' xlink:label='loc_OtherOperatingIncomeExpenseMember' xlink:type='locator' />
<link:loc xlink:href='../elts/us-gaap-2016-01-31.xsd#us-gaap_InterestExpenseMember' xlink:label='loc_InterestExpenseMember' xlink:type='locator' />
<link:loc xlink:href='../elts/us-gaap-2016-01-31.xsd#us-gaap_OperatingExpenseMember' xlink:label='loc_OperatingExpenseMember' xlink:type='locator' />
<link:loc xlink:href='../elts/us-gaap-2016-01-31.xsd#us-gaap_OtherExpenseMember' xlink:label='loc_OtherExpenseMember' xlink:type='locator' />
<link:loc xlink:href='../elts/us-gaap-2016-01-31.xsd#us-gaap_NonoperatingIncomeExpenseMember' xlink:label='loc_NonoperatingIncomeExpenseMember' xlink:type='locator' />
<link:loc xlink:href='../elts/us-gaap-2016-01-31.xsd#us-gaap_OtherNonoperatingIncomeExpenseMember' xlink:label='loc_OtherNonoperatingIncomeExpenseMember' xlink:type='locator' />
<link:loc xlink:href='../elts/us-gaap-2016-01-31.xsd#us-gaap_ForeignCurrencyGainLossMember' xlink:label='loc_ForeignCurrencyGainLossMember' xlink:type='locator' />
<link:loc xlink:href='../elts/us-gaap-2016-01-31.xsd#us-gaap_SaleOfSubsidiaryGainLossMember' xlink:label='loc_SaleOfSubsidiaryGainLossMember' xlink:type='locator' />
<link:loc xlink:href='../elts/us-gaap-2016-01-31.xsd#us-gaap_SellingGeneralAndAdministrativeExpensesMember' xlink:label='loc_SellingGeneralAndAdministrativeExpensesMember' xlink:type='locator' />
<link:loc xlink:href='../elts/us-gaap-2016-01-31.xsd#us-gaap_ScheduleOfBusinessInsuranceRecoveriesTable' xlink:label='loc_ScheduleOfBusinessInsuranceRecoveriesTable' xlink:type='locator' />
<link:loc xlink:href='../elts/us-gaap-2016-01-31.xsd#us-gaap_SellingAndMarketingExpenseMember' xlink:label='loc_SellingAndMarketingExpenseMember' xlink:type='locator' />
<link:loc xlink:href='../elts/us-gaap-2016-01-31.xsd#us-gaap_GeneralAndAdministrativeExpenseMember' xlink:label='loc_GeneralAndAdministrativeExpenseMember' xlink:type='locator' />
<link:loc xlink:href='../elts/us-gaap-2016-01-31.xsd#us-gaap_UnusualOrInfrequentItemAxis' xlink:label='loc_UnusualOrInfrequentItemAxis' xlink:type='locator' />
<link:loc xlink:href='../elts/us-gaap-2016-01-31.xsd#us-gaap_UnusualOrInfrequentItemDomain' xlink:label='loc_UnusualOrInfrequentItemDomain' xlink:type='locator' />
<link:loc xlink:href='../elts/us-gaap-2016-01-31.xsd#us-gaap_NaturalDisastersAndOtherCasualtyEventsMember' xlink:label='loc_NaturalDisastersAndOtherCasualtyEventsMember' xlink:type='locator' />
<link:loc xlink:href='../elts/us-gaap-2016-01-31.xsd#us-gaap_UnusualOrInfrequentItemTable' xlink:label='loc_UnusualOrInfrequentItemTable' xlink:type='locator' />
<link:loc xlink:href='../elts/us-gaap-2016-01-31.xsd#us-gaap_UnusualOrInfrequentItemLineItems' xlink:label='loc_UnusualOrInfrequentItemLineItems' xlink:type='locator' />
<link:loc xlink:href='../elts/us-gaap-2016-01-31.xsd#us-gaap_UnusualOrInfrequentItemNetOfInsuranceProceedsAbstract' xlink:label='loc_UnusualOrInfrequentItemNetOfInsuranceProceedsAbstract' xlink:type='locator' />
<link:loc xlink:href='../elts/us-gaap-2016-01-31.xsd#us-gaap_UnusualOrInfrequentItemLossGross' xlink:label='loc_UnusualOrInfrequentItemLossGross' xlink:type='locator' />
<link:loc xlink:href='../elts/us-gaap-2016-01-31.xsd#us-gaap_UnusualOrInfrequentItemInsuranceProceeds' xlink:label='loc_UnusualOrInfrequentItemInsuranceProceeds' xlink:type='locator' />
<link:loc xlink:href='../elts/us-gaap-2016-01-31.xsd#us-gaap_UnusualOrInfrequentItemNetOfInsuranceProceeds' xlink:label='loc_UnusualOrInfrequentItemNetOfInsuranceProceeds' xlink:type='locator' />
<link:loc xlink:href='../elts/us-gaap-2016-01-31.xsd#us-gaap_UnusualOrInfrequentItemNatureOfEventOrTransaction' xlink:label='loc_UnusualOrInfrequentItemNatureOfEventOrTransaction' xlink:type='locator' />
<link:loc xlink:href='../elts/us-gaap-2016-01-31.xsd#us-gaap_UnusualOrInfrequentItemNetGainLossAbstract' xlink:label='loc_UnusualOrInfrequentItemNetGainLossAbstract' xlink:type='locator' />
<link:loc xlink:href='../elts/us-gaap-2016-01-31.xsd#us-gaap_UnusualOrInfrequentItemEarningsPerShareImpactGross' xlink:label='loc_UnusualOrInfrequentItemEarningsPerShareImpactGross' xlink:type='locator' />
<link:loc xlink:href='../elts/us-gaap-2016-01-31.xsd#us-gaap_UnusualOrInfrequentItemEarningsPerShareImpactNet' xlink:label='loc_UnusualOrInfrequentItemEarningsPerShareImpactNet' xlink:type='locator' />
<link:loc xlink:href='../elts/us-gaap-2016-01-31.xsd#us-gaap_UnusualOrInfrequentTaxEffect' xlink:label='loc_UnusualOrInfrequentTaxEffect' xlink:type='locator' />
<link:loc xlink:href='../elts/us-gaap-2016-01-31.xsd#us-gaap_ExtraordinaryItemsAdjustmentIncludedInIncomeFromContinuingOperationsNature' xlink:label='loc_ExtraordinaryItemsAdjustmentIncludedInIncomeFromContinuingOperationsNature' xlink:type='locator' />
<link:loc xlink:href='../elts/us-gaap-2016-01-31.xsd#us-gaap_ExtraordinaryItemsAdjustmentIncludedInIncomeFromOperationsGainLossAmount' xlink:label='loc_ExtraordinaryItemsAdjustmentIncludedInIncomeFromOperationsGainLossAmount' xlink:type='locator' />
<link:loc xlink:href='../elts/us-gaap-2016-01-31.xsd#us-gaap_UnusualOrInfrequentItemGainGross' xlink:label='loc_UnusualOrInfrequentItemGainGross' xlink:type='locator' />
<link:loc xlink:href='../elts/us-gaap-2016-01-31.xsd#us-gaap_DiscontinuedApplicationOfSpecializedAccountingForRegulatedOperations' xlink:label='loc_DiscontinuedApplicationOfSpecializedAccountingForRegulatedOperations' xlink:type='locator' />
<link:loc xlink:href='../elts/us-gaap-2016-01-31.xsd#us-gaap_UnusualOrInfrequentItemNetGainLoss' xlink:label='loc_UnusualOrInfrequentItemNetGainLoss' xlink:type='locator' />
<link:loc xlink:href='../elts/us-gaap-2016-01-31.xsd#us-gaap_ExtraordinaryAndUnusualItemsAbstract' xlink:label='loc_ExtraordinaryAndUnusualItemsAbstract' xlink:type='locator' />
<link:loc xlink:href='../elts/us-gaap-2016-01-31.xsd#us-gaap_UnusualOrInfrequentItemsDisclosureTextBlock' xlink:label='loc_UnusualOrInfrequentItemsDisclosureTextBlock' xlink:type='locator' />
<link:loc xlink:href='../elts/us-gaap-2016-01-31.xsd#us-gaap_ScheduleOfUnusualOrInfrequentItemsTextBlock' xlink:label='loc_ScheduleOfUnusualOrInfrequentItemsTextBlock' xlink:type='locator' />
<link:loc xlink:href='../elts/us-gaap-2016-01-31.xsd#us-gaap_BusinessInsuranceRecoveriesTextBlock' xlink:label='loc_BusinessInsuranceRecoveriesTextBlock' xlink:type='locator' />
<link:loc xlink:href='../elts/us-gaap-2016-01-31.xsd#us-gaap_ScheduleOfBusinessInsuranceRecoveriesTextBlock' xlink:label='loc_ScheduleOfBusinessInsuranceRecoveriesTextBlock' xlink:type='locator' />
<link:presentationArc order='10' xlink:arcrole='http://www.xbrl.org/2003/arcrole/parent-child' xlink:from='loc_ASU201501TransitionAbstract' xlink:to='loc_ExtraordinaryItemAxis' xlink:type='arc' />
<link:presentationArc order='20' xlink:arcrole='http://www.xbrl.org/2003/arcrole/parent-child' xlink:from='loc_ASU201501TransitionAbstract' xlink:to='loc_ExtraordinaryItemChangeInPriorPeriodEstimateYearOfOrigin' xlink:type='arc' />
<link:presentationArc order='30' xlink:arcrole='http://www.xbrl.org/2003/arcrole/parent-child' xlink:from='loc_ASU201501TransitionAbstract' xlink:to='loc_ExtraordinaryItemDescriptionOfEventOrTransaction' xlink:type='arc' />
<link:presentationArc order='40' xlink:arcrole='http://www.xbrl.org/2003/arcrole/parent-child' xlink:from='loc_ASU201501TransitionAbstract' xlink:to='loc_ExtraordinaryItemDomain' xlink:type='arc' />
<link:presentationArc order='50' xlink:arcrole='http://www.xbrl.org/2003/arcrole/parent-child' xlink:from='loc_ASU201501TransitionAbstract' xlink:to='loc_ExtraordinaryItemEarningsPerShareImpactGross' xlink:type='arc' />
<link:presentationArc order='60' xlink:arcrole='http://www.xbrl.org/2003/arcrole/parent-child' xlink:from='loc_ASU201501TransitionAbstract' xlink:to='loc_ExtraordinaryItemEarningsPerShareImpactNet' xlink:type='arc' />
<link:presentationArc order='70' xlink:arcrole='http://www.xbrl.org/2003/arcrole/parent-child' xlink:from='loc_ASU201501TransitionAbstract' xlink:to='loc_ExtraordinaryItemFourthQuarter' xlink:type='arc' />
<link:presentationArc order='80' xlink:arcrole='http://www.xbrl.org/2003/arcrole/parent-child' xlink:from='loc_ASU201501TransitionAbstract' xlink:to='loc_ExtraordinaryItemGainOrLossNetOfTaxAttributableToNoncontrollingInterest' xlink:type='arc' />
<link:presentationArc order='90' preferredLabel='http://www.xbrl.org/2003/role/totalLabel' xlink:arcrole='http://www.xbrl.org/2003/arcrole/parent-child' xlink:from='loc_ASU201501TransitionAbstract' xlink:to='loc_ExtraordinaryItemGainOrLossNetOfTaxAttributableToReportingEntity' xlink:type='arc' />
<link:presentationArc order='100' xlink:arcrole='http://www.xbrl.org/2003/arcrole/parent-child' xlink:from='loc_ASU201501TransitionAbstract' xlink:to='loc_ExtraordinaryItemLineItems' xlink:type='arc' />
<link:presentationArc order='110' xlink:arcrole='http://www.xbrl.org/2003/arcrole/parent-child' xlink:from='loc_ASU201501TransitionAbstract' xlink:to='loc_ExtraordinaryItemMember' xlink:type='arc' />
<link:presentationArc order='120' preferredLabel='http://www.xbrl.org/2003/role/totalLabel' xlink:arcrole='http://www.xbrl.org/2003/arcrole/parent-child' xlink:from='loc_ASU201501TransitionAbstract' xlink:to='loc_ExtraordinaryItemNetOfTax' xlink:type='arc' />
<link:presentationArc order='130' xlink:arcrole='http://www.xbrl.org/2003/arcrole/parent-child' xlink:from='loc_ASU201501TransitionAbstract' xlink:to='loc_ExtraordinaryItemOfInvestee' xlink:type='arc' />
<link:presentationArc order='140' xlink:arcrole='http://www.xbrl.org/2003/arcrole/parent-child' xlink:from='loc_ASU201501TransitionAbstract' xlink:to='loc_ExtraordinaryItemsDisclosureTextBlock' xlink:type='arc' />
<link:presentationArc order='150' xlink:arcrole='http://www.xbrl.org/2003/arcrole/parent-child' xlink:from='loc_ASU201501TransitionAbstract' xlink:to='loc_ExtraordinaryItemsGross' xlink:type='arc' />
<link:presentationArc order='160' xlink:arcrole='http://www.xbrl.org/2003/arcrole/parent-child' xlink:from='loc_ASU201501TransitionAbstract' xlink:to='loc_ExtraordinaryItemsTable' xlink:type='arc' />
<link:presentationArc order='170' xlink:arcrole='http://www.xbrl.org/2003/arcrole/parent-child' xlink:from='loc_ASU201501TransitionAbstract' xlink:to='loc_GainLossFromAdjustmentsToPriorPeriodExtraordinaryItems' xlink:type='arc' />
<link:presentationArc order='180' preferredLabel='http://www.xbrl.org/2003/role/totalLabel' xlink:arcrole='http://www.xbrl.org/2003/arcrole/parent-child' xlink:from='loc_ASU201501TransitionAbstract' xlink:to='loc_IncomeLossBeforeExtraordinaryItemsAndCumulativeEffectOfChangeInAccountingPrinciple' xlink:type='arc' />
<link:presentationArc order='190' preferredLabel='http://www.xbrl.org/2003/role/totalLabel' xlink:arcrole='http://www.xbrl.org/2003/arcrole/parent-child' xlink:from='loc_ASU201501TransitionAbstract' xlink:to='loc_IncomeLossBeforeExtraordinaryItemsAndCumulativeEffectOfChangeInAccountingPrinciplePerBasicShare' xlink:type='arc' />
<link:presentationArc order='200' preferredLabel='http://www.xbrl.org/2003/role/totalLabel' xlink:arcrole='http://www.xbrl.org/2003/arcrole/parent-child' xlink:from='loc_ASU201501TransitionAbstract' xlink:to='loc_IncomeLossBeforeExtraordinaryItemsAndCumulativeEffectOfChangeInAccountingPrinciplePerDilutedShare' xlink:type='arc' />
<link:presentationArc order='210' xlink:arcrole='http://www.xbrl.org/2003/arcrole/parent-child' xlink:from='loc_ASU201501TransitionAbstract' xlink:to='loc_IncomeLossFromExtraordinaryItemsBeforeTaxPerBasicShare' xlink:type='arc' />
<link:presentationArc order='220' xlink:arcrole='http://www.xbrl.org/2003/arcrole/parent-child' xlink:from='loc_ASU201501TransitionAbstract' xlink:to='loc_IncomeLossFromExtraordinaryItemsBeforeTaxPerDilutedShare' xlink:type='arc' />
<link:presentationArc order='230' xlink:arcrole='http://www.xbrl.org/2003/arcrole/parent-child' xlink:from='loc_ASU201501TransitionAbstract' xlink:to='loc_IncomeLossFromExtraordinaryItemsNetOfTaxPerBasicAndDilutedShare' xlink:type='arc' />
<link:presentationArc order='240' xlink:arcrole='http://www.xbrl.org/2003/arcrole/parent-child' xlink:from='loc_ASU201501TransitionAbstract' xlink:to='loc_IncomeLossFromExtraordinaryItemsNetOfTaxPerBasicShare' xlink:type='arc' />
<link:presentationArc order='250' xlink:arcrole='http://www.xbrl.org/2003/arcrole/parent-child' xlink:from='loc_ASU201501TransitionAbstract' xlink:to='loc_IncomeLossFromExtraordinaryItemsNetOfTaxPerDilutedShare' xlink:type='arc' />
<link:presentationArc order='260' xlink:arcrole='http://www.xbrl.org/2003/arcrole/parent-child' xlink:from='loc_ASU201501TransitionAbstract' xlink:to='loc_IncomeLossFromExtraordinaryItemsNetOfTaxPerOutstandingGeneralPartnershipUnit1' xlink:type='arc' />
<link:presentationArc order='270' xlink:arcrole='http://www.xbrl.org/2003/arcrole/parent-child' xlink:from='loc_ASU201501TransitionAbstract' xlink:to='loc_IncomeLossFromExtraordinaryItemsNetOfTaxPerOutstandingLimitedPartnershipAndGeneralPartnershipUnitBasic1' xlink:type='arc' />
<link:presentationArc order='280' xlink:arcrole='http://www.xbrl.org/2003/arcrole/parent-child' xlink:from='loc_ASU201501TransitionAbstract' xlink:to='loc_IncomeLossFromExtraordinaryItemsNetOfTaxPerOutstandingLimitedPartnershipAndGeneralPartnershipUnitBasicAndDiluted' xlink:type='arc' />
<link:presentationArc order='290' xlink:arcrole='http://www.xbrl.org/2003/arcrole/parent-child' xlink:from='loc_ASU201501TransitionAbstract' xlink:to='loc_IncomeLossFromExtraordinaryItemsNetOfTaxPerOutstandingLimitedPartnershipUnitBasic' xlink:type='arc' />
<link:presentationArc order='300' xlink:arcrole='http://www.xbrl.org/2003/arcrole/parent-child' xlink:from='loc_ASU201501TransitionAbstract' xlink:to='loc_IncomeLossFromExtraordinaryItemsNetOfTaxPerOutstandingLimitedPartnershipUnitDiluted1' xlink:type='arc' />
<link:presentationArc order='310' xlink:arcrole='http://www.xbrl.org/2003/arcrole/parent-child' xlink:from='loc_ASU201501TransitionAbstract' xlink:to='loc_IncomeLossFromExtraordinaryItemsTaxEffectPerBasicShare' xlink:type='arc' />
<link:presentationArc order='320' xlink:arcrole='http://www.xbrl.org/2003/arcrole/parent-child' xlink:from='loc_ASU201501TransitionAbstract' xlink:to='loc_IncomeLossFromExtraordinaryItemsTaxEffectPerDilutedShare' xlink:type='arc' />
<link:presentationArc order='330' preferredLabel='http://www.xbrl.org/2003/role/totalLabel' xlink:arcrole='http://www.xbrl.org/2003/arcrole/parent-child' xlink:from='loc_ASU201501TransitionAbstract' xlink:to='loc_IncomeLossFromOperationsBeforeExtraordinaryItemsNetOfTaxPerOutstandingLimitedPartnershipUnitDiluted' xlink:type='arc' />
<link:presentationArc order='340' preferredLabel='http://www.xbrl.org/2003/role/totalLabel' xlink:arcrole='http://www.xbrl.org/2003/arcrole/parent-child' xlink:from='loc_ASU201501TransitionAbstract' xlink:to='loc_IncomeLossFromOperationsBeforeExtraordinaryItemsPerBasicAndDilutedShare' xlink:type='arc' />
<link:presentationArc order='350' preferredLabel='http://www.xbrl.org/2003/role/totalLabel' xlink:arcrole='http://www.xbrl.org/2003/arcrole/parent-child' xlink:from='loc_ASU201501TransitionAbstract' xlink:to='loc_IncomeLossFromOperationsBeforeExtraordinaryItemsPerOutstandingGeneralPartnershipUnitNetOfTax' xlink:type='arc' />
<link:presentationArc order='360' preferredLabel='http://www.xbrl.org/2003/role/totalLabel' xlink:arcrole='http://www.xbrl.org/2003/arcrole/parent-child' xlink:from='loc_ASU201501TransitionAbstract' xlink:to='loc_IncomeLossFromOperationsBeforeExtraordinaryItemsPerOutstandingLimitedPartnershipAndGeneralPartnershipUnitBasic' xlink:type='arc' />
<link:presentationArc order='370' preferredLabel='http://www.xbrl.org/2003/role/totalLabel' xlink:arcrole='http://www.xbrl.org/2003/arcrole/parent-child' xlink:from='loc_ASU201501TransitionAbstract' xlink:to='loc_IncomeLossFromOperationsBeforeExtraordinaryItemsPerOutstandingLimitedPartnershipAndGeneralPartnershipUnitBasicAndDiluted' xlink:type='arc' />
<link:presentationArc order='380' preferredLabel='http://www.xbrl.org/2003/role/totalLabel' xlink:arcrole='http://www.xbrl.org/2003/arcrole/parent-child' xlink:from='loc_ASU201501TransitionAbstract' xlink:to='loc_IncomeLossFromOperationsBeforeExtraordinaryItemsPerOutstandingLimitedPartnershipUnitBasicNetOfTax' xlink:type='arc' />
<link:presentationArc order='390' xlink:arcrole='http://www.xbrl.org/2003/arcrole/parent-child' xlink:from='loc_ASU201501TransitionAbstract' xlink:to='loc_IncomeTaxExpenseBenefitExtraordinaryItems' xlink:type='arc' />
<link:presentationArc order='400' xlink:arcrole='http://www.xbrl.org/2003/arcrole/parent-child' xlink:from='loc_ASU201501TransitionAbstract' xlink:to='loc_OtherExtraordinaryGainLoss' xlink:type='arc' />
<link:presentationArc order='410' xlink:arcrole='http://www.xbrl.org/2003/arcrole/parent-child' xlink:from='loc_ASU201501TransitionAbstract' xlink:to='loc_ScheduleOfExtraordinaryItemsTextBlock' xlink:type='arc' />
<link:presentationArc order='420' xlink:arcrole='http://www.xbrl.org/2003/arcrole/parent-child' xlink:from='loc_ASU201501TransitionAbstract' xlink:to='loc_TaxEffectOfExtraordinaryItem' xlink:type='arc' />
<link:presentationArc order='10' xlink:arcrole='http://www.xbrl.org/2003/arcrole/parent-child' xlink:from='loc_BusinessInterruptionLossAxis' xlink:to='loc_BusinessInterruptionLossDomain' xlink:type='arc' />
<link:presentationArc order='10' xlink:arcrole='http://www.xbrl.org/2003/arcrole/parent-child' xlink:from='loc_BusinessInterruptionLossLineItems' xlink:to='loc_BusinessInterruptionLossesNatureOfEvent' xlink:type='arc' />
<link:presentationArc order='20' xlink:arcrole='http://www.xbrl.org/2003/arcrole/parent-child' xlink:from='loc_BusinessInterruptionLossLineItems' xlink:to='loc_GainOnBusinessInterruptionInsuranceRecovery' xlink:type='arc' />
<link:presentationArc order='10' xlink:arcrole='http://www.xbrl.org/2003/arcrole/parent-child' xlink:from='loc_IncomeStatementLocationAxis' xlink:to='loc_IncomeStatementLocationDomain' xlink:type='arc' />
<link:presentationArc order='10' xlink:arcrole='http://www.xbrl.org/2003/arcrole/parent-child' xlink:from='loc_IncomeStatementLocationDomain' xlink:to='loc_SalesMember' xlink:type='arc' />
<link:presentationArc order='20' xlink:arcrole='http://www.xbrl.org/2003/arcrole/parent-child' xlink:from='loc_IncomeStatementLocationDomain' xlink:to='loc_TradingRevenueMember' xlink:type='arc' />
<link:presentationArc order='30' xlink:arcrole='http://www.xbrl.org/2003/arcrole/parent-child' xlink:from='loc_IncomeStatementLocationDomain' xlink:to='loc_CostOfSalesMember' xlink:type='arc' />
<link:presentationArc order='40' xlink:arcrole='http://www.xbrl.org/2003/arcrole/parent-child' xlink:from='loc_IncomeStatementLocationDomain' xlink:to='loc_PrincipalOrProprietaryTransactionsMember' xlink:type='arc' />
<link:presentationArc order='50' xlink:arcrole='http://www.xbrl.org/2003/arcrole/parent-child' xlink:from='loc_IncomeStatementLocationDomain' xlink:to='loc_AssetManagementIncomeMember' xlink:type='arc' />
<link:presentationArc order='60' xlink:arcrole='http://www.xbrl.org/2003/arcrole/parent-child' xlink:from='loc_IncomeStatementLocationDomain' xlink:to='loc_OtherIncomeMember' xlink:type='arc' />
<link:presentationArc order='70' xlink:arcrole='http://www.xbrl.org/2003/arcrole/parent-child' xlink:from='loc_IncomeStatementLocationDomain' xlink:to='loc_InterestIncomeMember' xlink:type='arc' />
<link:presentationArc order='80' xlink:arcrole='http://www.xbrl.org/2003/arcrole/parent-child' xlink:from='loc_IncomeStatementLocationDomain' xlink:to='loc_InvestmentIncomeMember' xlink:type='arc' />
<link:presentationArc order='90' xlink:arcrole='http://www.xbrl.org/2003/arcrole/parent-child' xlink:from='loc_IncomeStatementLocationDomain' xlink:to='loc_OperatingIncomeLossMember' xlink:type='arc' />
<link:presentationArc order='100' xlink:arcrole='http://www.xbrl.org/2003/arcrole/parent-child' xlink:from='loc_IncomeStatementLocationDomain' xlink:to='loc_OtherOperatingIncomeExpenseMember' xlink:type='arc' />
<link:presentationArc order='110' xlink:arcrole='http://www.xbrl.org/2003/arcrole/parent-child' xlink:from='loc_IncomeStatementLocationDomain' xlink:to='loc_InterestExpenseMember' xlink:type='arc' />
<link:presentationArc order='120' xlink:arcrole='http://www.xbrl.org/2003/arcrole/parent-child' xlink:from='loc_IncomeStatementLocationDomain' xlink:to='loc_OperatingExpenseMember' xlink:type='arc' />
<link:presentationArc order='130' xlink:arcrole='http://www.xbrl.org/2003/arcrole/parent-child' xlink:from='loc_IncomeStatementLocationDomain' xlink:to='loc_OtherExpenseMember' xlink:type='arc' />
<link:presentationArc order='140' xlink:arcrole='http://www.xbrl.org/2003/arcrole/parent-child' xlink:from='loc_IncomeStatementLocationDomain' xlink:to='loc_NonoperatingIncomeExpenseMember' xlink:type='arc' />
<link:presentationArc order='150' xlink:arcrole='http://www.xbrl.org/2003/arcrole/parent-child' xlink:from='loc_IncomeStatementLocationDomain' xlink:to='loc_OtherNonoperatingIncomeExpenseMember' xlink:type='arc' />
<link:presentationArc order='160' xlink:arcrole='http://www.xbrl.org/2003/arcrole/parent-child' xlink:from='loc_IncomeStatementLocationDomain' xlink:to='loc_ForeignCurrencyGainLossMember' xlink:type='arc' />
<link:presentationArc order='170' xlink:arcrole='http://www.xbrl.org/2003/arcrole/parent-child' xlink:from='loc_IncomeStatementLocationDomain' xlink:to='loc_SaleOfSubsidiaryGainLossMember' xlink:type='arc' />
<link:presentationArc order='180' xlink:arcrole='http://www.xbrl.org/2003/arcrole/parent-child' xlink:from='loc_IncomeStatementLocationDomain' xlink:to='loc_SellingGeneralAndAdministrativeExpensesMember' xlink:type='arc' />
<link:presentationArc order='10' xlink:arcrole='http://www.xbrl.org/2003/arcrole/parent-child' xlink:from='loc_ScheduleOfBusinessInsuranceRecoveriesTable' xlink:to='loc_BusinessInterruptionLossAxis' xlink:type='arc' />
<link:presentationArc order='20' xlink:arcrole='http://www.xbrl.org/2003/arcrole/parent-child' xlink:from='loc_ScheduleOfBusinessInsuranceRecoveriesTable' xlink:to='loc_IncomeStatementLocationAxis' xlink:type='arc' />
<link:presentationArc order='30' xlink:arcrole='http://www.xbrl.org/2003/arcrole/parent-child' xlink:from='loc_ScheduleOfBusinessInsuranceRecoveriesTable' xlink:to='loc_BusinessInterruptionLossLineItems' xlink:type='arc' />
<link:presentationArc order='10' xlink:arcrole='http://www.xbrl.org/2003/arcrole/parent-child' xlink:from='loc_SellingGeneralAndAdministrativeExpensesMember' xlink:to='loc_SellingAndMarketingExpenseMember' xlink:type='arc' />
<link:presentationArc order='20' xlink:arcrole='http://www.xbrl.org/2003/arcrole/parent-child' xlink:from='loc_SellingGeneralAndAdministrativeExpensesMember' xlink:to='loc_GeneralAndAdministrativeExpenseMember' xlink:type='arc' />
<link:presentationArc order='10' xlink:arcrole='http://www.xbrl.org/2003/arcrole/parent-child' xlink:from='loc_UnusualOrInfrequentItemAxis' xlink:to='loc_UnusualOrInfrequentItemDomain' xlink:type='arc' />
<link:presentationArc order='10' xlink:arcrole='http://www.xbrl.org/2003/arcrole/parent-child' xlink:from='loc_UnusualOrInfrequentItemDomain' xlink:to='loc_NaturalDisastersAndOtherCasualtyEventsMember' xlink:type='arc' />
<link:presentationArc order='10' use='optional' xlink:arcrole='http://www.xbrl.org/2003/arcrole/parent-child' xlink:from='loc_UnusualOrInfrequentItemTable' xlink:to='loc_UnusualOrInfrequentItemAxis' xlink:type='arc' />
<link:presentationArc order='20' use='optional' xlink:arcrole='http://www.xbrl.org/2003/arcrole/parent-child' xlink:from='loc_UnusualOrInfrequentItemTable' xlink:to='loc_UnusualOrInfrequentItemLineItems' xlink:type='arc' />
<link:presentationArc order='10' xlink:arcrole='http://www.xbrl.org/2003/arcrole/parent-child' xlink:from='loc_UnusualOrInfrequentItemNetOfInsuranceProceedsAbstract' xlink:to='loc_UnusualOrInfrequentItemLossGross' xlink:type='arc' />
<link:presentationArc order='20' use='optional' xlink:arcrole='http://www.xbrl.org/2003/arcrole/parent-child' xlink:from='loc_UnusualOrInfrequentItemNetOfInsuranceProceedsAbstract' xlink:to='loc_UnusualOrInfrequentItemInsuranceProceeds' xlink:type='arc' />
<link:presentationArc order='30' preferredLabel='http://www.xbrl.org/2003/role/totalLabel' xlink:arcrole='http://www.xbrl.org/2003/arcrole/parent-child' xlink:from='loc_UnusualOrInfrequentItemNetOfInsuranceProceedsAbstract' xlink:to='loc_UnusualOrInfrequentItemNetOfInsuranceProceeds' xlink:type='arc' />
<link:presentationArc order='10' use='optional' xlink:arcrole='http://www.xbrl.org/2003/arcrole/parent-child' xlink:from='loc_UnusualOrInfrequentItemLineItems' xlink:to='loc_UnusualOrInfrequentItemNatureOfEventOrTransaction' xlink:type='arc' />
<link:presentationArc order='20' xlink:arcrole='http://www.xbrl.org/2003/arcrole/parent-child' xlink:from='loc_UnusualOrInfrequentItemLineItems' xlink:to='loc_UnusualOrInfrequentItemNetGainLossAbstract' xlink:type='arc' />
<link:presentationArc order='30' xlink:arcrole='http://www.xbrl.org/2003/arcrole/parent-child' xlink:from='loc_UnusualOrInfrequentItemLineItems' xlink:to='loc_UnusualOrInfrequentItemEarningsPerShareImpactGross' xlink:type='arc' />
<link:presentationArc order='40' xlink:arcrole='http://www.xbrl.org/2003/arcrole/parent-child' xlink:from='loc_UnusualOrInfrequentItemLineItems' xlink:to='loc_UnusualOrInfrequentItemEarningsPerShareImpactNet' xlink:type='arc' />
<link:presentationArc order='50' xlink:arcrole='http://www.xbrl.org/2003/arcrole/parent-child' xlink:from='loc_UnusualOrInfrequentItemLineItems' xlink:to='loc_UnusualOrInfrequentTaxEffect' xlink:type='arc' />
<link:presentationArc order='60' xlink:arcrole='http://www.xbrl.org/2003/arcrole/parent-child' xlink:from='loc_UnusualOrInfrequentItemLineItems' xlink:to='loc_ExtraordinaryItemsAdjustmentIncludedInIncomeFromContinuingOperationsNature' xlink:type='arc' />
<link:presentationArc order='70' xlink:arcrole='http://www.xbrl.org/2003/arcrole/parent-child' xlink:from='loc_UnusualOrInfrequentItemLineItems' xlink:to='loc_ExtraordinaryItemsAdjustmentIncludedInIncomeFromOperationsGainLossAmount' xlink:type='arc' />
<link:presentationArc order='10' xlink:arcrole='http://www.xbrl.org/2003/arcrole/parent-child' xlink:from='loc_UnusualOrInfrequentItemNetGainLossAbstract' xlink:to='loc_UnusualOrInfrequentItemNetOfInsuranceProceedsAbstract' xlink:type='arc' />
<link:presentationArc order='20' xlink:arcrole='http://www.xbrl.org/2003/arcrole/parent-child' xlink:from='loc_UnusualOrInfrequentItemNetGainLossAbstract' xlink:to='loc_UnusualOrInfrequentItemGainGross' xlink:type='arc' />
<link:presentationArc order='30' xlink:arcrole='http://www.xbrl.org/2003/arcrole/parent-child' xlink:from='loc_UnusualOrInfrequentItemNetGainLossAbstract' xlink:to='loc_DiscontinuedApplicationOfSpecializedAccountingForRegulatedOperations' xlink:type='arc' />
<link:presentationArc order='40' preferredLabel='http://www.xbrl.org/2003/role/totalLabel' xlink:arcrole='http://www.xbrl.org/2003/arcrole/parent-child' xlink:from='loc_UnusualOrInfrequentItemNetGainLossAbstract' xlink:to='loc_UnusualOrInfrequentItemNetGainLoss' xlink:type='arc' />
<link:presentationArc order='10' xlink:arcrole='http://www.xbrl.org/2003/arcrole/parent-child' xlink:from='loc_ExtraordinaryAndUnusualItemsAbstract' xlink:to='loc_UnusualOrInfrequentItemsDisclosureTextBlock' xlink:type='arc' />
<link:presentationArc order='10' use='optional' xlink:arcrole='http://www.xbrl.org/2003/arcrole/parent-child' xlink:from='loc_UnusualOrInfrequentItemsDisclosureTextBlock' xlink:to='loc_ScheduleOfUnusualOrInfrequentItemsTextBlock' xlink:type='arc' />
<link:presentationArc order='10' use='optional' xlink:arcrole='http://www.xbrl.org/2003/arcrole/parent-child' xlink:from='loc_ScheduleOfUnusualOrInfrequentItemsTextBlock' xlink:to='loc_UnusualOrInfrequentItemTable' xlink:type='arc' />
<link:presentationArc order='20' xlink:arcrole='http://www.xbrl.org/2003/arcrole/parent-child' xlink:from='loc_ExtraordinaryAndUnusualItemsAbstract' xlink:to='loc_BusinessInsuranceRecoveriesTextBlock' xlink:type='arc' />
<link:presentationArc order='10' xlink:arcrole='http://www.xbrl.org/2003/arcrole/parent-child' xlink:from='loc_BusinessInsuranceRecoveriesTextBlock' xlink:to='loc_ScheduleOfBusinessInsuranceRecoveriesTextBlock' xlink:type='arc' />
<link:presentationArc order='10' xlink:arcrole='http://www.xbrl.org/2003/arcrole/parent-child' xlink:from='loc_ScheduleOfBusinessInsuranceRecoveriesTextBlock' xlink:to='loc_ScheduleOfBusinessInsuranceRecoveriesTable' xlink:type='arc' />
<link:presentationArc order='30' xlink:arcrole='http://www.xbrl.org/2003/arcrole/parent-child' xlink:from='loc_ExtraordinaryAndUnusualItemsAbstract' xlink:to='loc_ASU201501TransitionAbstract' xlink:type='arc' />
</link:presentationLink>
</link:linkbase>
