<?xml version='1.0' encoding='UTF-8'?>

<!--
(c) XBRL US, Inc. 2007-2010; Financial Accounting Foundation, Inc. 2010-2016.  All Rights Reserved.
Notice: Authorized Uses are Set Forth at http://xbrl.fasb.org/terms/TaxonomiesTermsConditions.html
  -->
<link:linkbase xmlns:link='http://www.xbrl.org/2003/linkbase' xmlns:xbrldt='http://xbrl.org/2005/xbrldt' xmlns:xlink='http://www.w3.org/1999/xlink' xmlns:xsi='http://www.w3.org/2001/XMLSchema-instance' xsi:schemaLocation='http://www.xbrl.org/2003/linkbase http://www.xbrl.org/2003/xbrl-linkbase-2003-12-31.xsd'>
<link:roleRef roleURI='http://fasb.org/us-gaap/role/disclosure/CompensationRelatedCostsStockCompensation' xlink:href='../elts/us-roles-2016-01-31.xsd#crcsbp' xlink:type='simple' />
<link:calculationLink xlink:role='http://fasb.org/us-gaap/role/disclosure/CompensationRelatedCostsStockCompensation' xlink:type='extended'>
<link:loc xlink:href='../elts/us-gaap-2016-01-31.xsd#us-gaap_AmountRecognizedInNetPeriodicBenefitCostAndOtherComprehensiveIncomeLossBeforeTax' xlink:label='loc_AmountRecognizedInNetPeriodicBenefitCostAndOtherComprehensiveIncomeLossBeforeTax' xlink:type='locator' />
<link:loc xlink:href='../elts/us-gaap-2016-01-31.xsd#us-gaap_DefinedBenefitPlanNetPeriodicBenefitCost' xlink:label='loc_DefinedBenefitPlanNetPeriodicBenefitCost' xlink:type='locator' />
<link:loc xlink:href='../elts/us-gaap-2016-01-31.xsd#us-gaap_OtherComprehensiveIncomeLossPensionAndOtherPostretirementBenefitPlansAdjustmentBeforeTax' xlink:label='loc_OtherComprehensiveIncomeLossPensionAndOtherPostretirementBenefitPlansAdjustmentBeforeTax' xlink:type='locator' />
<link:loc xlink:href='../elts/us-gaap-2016-01-31.xsd#us-gaap_EmployeeServiceShareBasedCompensationNonvestedAwardsTotalCompensationCostNotYetRecognized' xlink:label='loc_EmployeeServiceShareBasedCompensationNonvestedAwardsTotalCompensationCostNotYetRecognized' xlink:type='locator' />
<link:loc xlink:href='../elts/us-gaap-2016-01-31.xsd#us-gaap_EmployeeServiceShareBasedCompensationNonvestedAwardsTotalCompensationCostNotYetRecognizedStockOptions' xlink:label='loc_EmployeeServiceShareBasedCompensationNonvestedAwardsTotalCompensationCostNotYetRecognizedStockOptions' xlink:type='locator' />
<link:loc xlink:href='../elts/us-gaap-2016-01-31.xsd#us-gaap_EmployeeServiceShareBasedCompensationNonvestedAwardsTotalCompensationCostNotYetRecognizedShareBasedAwardsOtherThanOptions' xlink:label='loc_EmployeeServiceShareBasedCompensationNonvestedAwardsTotalCompensationCostNotYetRecognizedShareBasedAwardsOtherThanOptions' xlink:type='locator' />
<link:loc xlink:href='../elts/us-gaap-2016-01-31.xsd#us-gaap_EmployeeStockOwnershipPlanESOPSharesInESOP' xlink:label='loc_EmployeeStockOwnershipPlanESOPSharesInESOP' xlink:type='locator' />
<link:loc xlink:href='../elts/us-gaap-2016-01-31.xsd#us-gaap_EmployeeStockOwnershipPlanESOPNumberOfAllocatedShares' xlink:label='loc_EmployeeStockOwnershipPlanESOPNumberOfAllocatedShares' xlink:type='locator' />
<link:loc xlink:href='../elts/us-gaap-2016-01-31.xsd#us-gaap_EmployeeStockOwnershipPlanESOPNumberOfCommittedToBeReleasedShares' xlink:label='loc_EmployeeStockOwnershipPlanESOPNumberOfCommittedToBeReleasedShares' xlink:type='locator' />
<link:loc xlink:href='../elts/us-gaap-2016-01-31.xsd#us-gaap_EmployeeStockOwnershipPlanESOPNumberOfSuspenseShares' xlink:label='loc_EmployeeStockOwnershipPlanESOPNumberOfSuspenseShares' xlink:type='locator' />
<link:loc xlink:href='../elts/us-gaap-2016-01-31.xsd#us-gaap_SharebasedCompensationArrangementBySharebasedPaymentAwardCompensationCost1' xlink:label='loc_SharebasedCompensationArrangementBySharebasedPaymentAwardCompensationCost1' xlink:type='locator' />
<link:loc xlink:href='../elts/us-gaap-2016-01-31.xsd#us-gaap_AllocatedShareBasedCompensationExpense' xlink:label='loc_AllocatedShareBasedCompensationExpense' xlink:type='locator' />
<link:loc xlink:href='../elts/us-gaap-2016-01-31.xsd#us-gaap_EmployeeServiceShareBasedCompensationAllocationOfRecognizedPeriodCostsCapitalizedAmount' xlink:label='loc_EmployeeServiceShareBasedCompensationAllocationOfRecognizedPeriodCostsCapitalizedAmount' xlink:type='locator' />
<link:loc xlink:href='../elts/us-gaap-2016-01-31.xsd#us-gaap_ShareBasedCompensationArrangementByShareBasedPaymentAwardEquityInstrumentsOtherThanOptionsPeriodIncreaseDecrease' xlink:label='loc_ShareBasedCompensationArrangementByShareBasedPaymentAwardEquityInstrumentsOtherThanOptionsPeriodIncreaseDecrease' xlink:type='locator' />
<link:loc xlink:href='../elts/us-gaap-2016-01-31.xsd#us-gaap_ShareBasedCompensationArrangementByShareBasedPaymentAwardEquityInstrumentsOtherThanOptionsGrantsInPeriod' xlink:label='loc_ShareBasedCompensationArrangementByShareBasedPaymentAwardEquityInstrumentsOtherThanOptionsGrantsInPeriod' xlink:type='locator' />
<link:loc xlink:href='../elts/us-gaap-2016-01-31.xsd#us-gaap_ShareBasedCompensationArrangementByShareBasedPaymentAwardEquityInstrumentsOtherThanOptionsVestedInPeriod' xlink:label='loc_ShareBasedCompensationArrangementByShareBasedPaymentAwardEquityInstrumentsOtherThanOptionsVestedInPeriod' xlink:type='locator' />
<link:loc xlink:href='../elts/us-gaap-2016-01-31.xsd#us-gaap_ShareBasedCompensationArrangementByShareBasedPaymentAwardEquityInstrumentsOtherThanOptionsForfeitedInPeriod' xlink:label='loc_ShareBasedCompensationArrangementByShareBasedPaymentAwardEquityInstrumentsOtherThanOptionsForfeitedInPeriod' xlink:type='locator' />
<link:loc xlink:href='../elts/us-gaap-2016-01-31.xsd#us-gaap_ShareBasedCompensationArrangementByShareBasedPaymentAwardNonOptionEquityInstrumentsPeriodIncreaseDecrease' xlink:label='loc_ShareBasedCompensationArrangementByShareBasedPaymentAwardNonOptionEquityInstrumentsPeriodIncreaseDecrease' xlink:type='locator' />
<link:loc xlink:href='../elts/us-gaap-2016-01-31.xsd#us-gaap_ShareBasedCompensationArrangementByShareBasedPaymentAwardNonOptionEquityInstrumentsGranted' xlink:label='loc_ShareBasedCompensationArrangementByShareBasedPaymentAwardNonOptionEquityInstrumentsGranted' xlink:type='locator' />
<link:loc xlink:href='../elts/us-gaap-2016-01-31.xsd#us-gaap_ShareBasedCompensationArrangementByShareBasedPaymentAwardNonOptionEquityInstrumentsExercised' xlink:label='loc_ShareBasedCompensationArrangementByShareBasedPaymentAwardNonOptionEquityInstrumentsExercised' xlink:type='locator' />
<link:loc xlink:href='../elts/us-gaap-2016-01-31.xsd#us-gaap_ShareBasedCompensationArrangementByShareBasedPaymentAwardNonOptionEquityInstrumentsForfeituresAndExpirations' xlink:label='loc_ShareBasedCompensationArrangementByShareBasedPaymentAwardNonOptionEquityInstrumentsForfeituresAndExpirations' xlink:type='locator' />
<link:loc xlink:href='../elts/us-gaap-2016-01-31.xsd#us-gaap_ShareBasedCompensationArrangementByShareBasedPaymentAwardNonOptionEquityInstrumentsForfeitures' xlink:label='loc_ShareBasedCompensationArrangementByShareBasedPaymentAwardNonOptionEquityInstrumentsForfeitures' xlink:type='locator' />
<link:loc xlink:href='../elts/us-gaap-2016-01-31.xsd#us-gaap_ShareBasedCompensationArrangementByShareBasedPaymentAwardNonOptionEquityInstrumentsExpirations' xlink:label='loc_ShareBasedCompensationArrangementByShareBasedPaymentAwardNonOptionEquityInstrumentsExpirations' xlink:type='locator' />
<link:loc xlink:href='../elts/us-gaap-2016-01-31.xsd#us-gaap_ShareBasedCompensationArrangementByShareBasedPaymentAwardNonOptionEquityInstrumentsOther' xlink:label='loc_ShareBasedCompensationArrangementByShareBasedPaymentAwardNonOptionEquityInstrumentsOther' xlink:type='locator' />
<link:loc xlink:href='../elts/us-gaap-2016-01-31.xsd#us-gaap_SharebasedCompensationArrangementBySharebasedPaymentAwardOptionsNumberOfSharesPeriodIncreaseDecrease' xlink:label='loc_SharebasedCompensationArrangementBySharebasedPaymentAwardOptionsNumberOfSharesPeriodIncreaseDecrease' xlink:type='locator' />
<link:loc xlink:href='../elts/us-gaap-2016-01-31.xsd#us-gaap_ShareBasedCompensationArrangementByShareBasedPaymentAwardOptionsGrantsInPeriodGross' xlink:label='loc_ShareBasedCompensationArrangementByShareBasedPaymentAwardOptionsGrantsInPeriodGross' xlink:type='locator' />
<link:loc xlink:href='../elts/us-gaap-2016-01-31.xsd#us-gaap_SharebasedCompensationArrangementBySharebasedPaymentAwardOptionsVestedNumberOfShares' xlink:label='loc_SharebasedCompensationArrangementBySharebasedPaymentAwardOptionsVestedNumberOfShares' xlink:type='locator' />
<link:loc xlink:href='../elts/us-gaap-2016-01-31.xsd#us-gaap_SharebasedCompensationArrangementBySharebasedPaymentAwardOptionsNonvestedOptionsForfeitedNumberOfShares' xlink:label='loc_SharebasedCompensationArrangementBySharebasedPaymentAwardOptionsNonvestedOptionsForfeitedNumberOfShares' xlink:type='locator' />
<link:loc xlink:href='../elts/us-gaap-2016-01-31.xsd#us-gaap_ShareBasedCompensationArrangementByShareBasedPaymentAwardOptionsOutstandingPeriodIncreaseDecrease' xlink:label='loc_ShareBasedCompensationArrangementByShareBasedPaymentAwardOptionsOutstandingPeriodIncreaseDecrease' xlink:type='locator' />
<link:loc xlink:href='../elts/us-gaap-2016-01-31.xsd#us-gaap_StockIssuedDuringPeriodSharesStockOptionsExercised' xlink:label='loc_StockIssuedDuringPeriodSharesStockOptionsExercised' xlink:type='locator' />
<link:loc xlink:href='../elts/us-gaap-2016-01-31.xsd#us-gaap_ShareBasedCompensationArrangementByShareBasedPaymentAwardOptionsForfeituresAndExpirationsInPeriod' xlink:label='loc_ShareBasedCompensationArrangementByShareBasedPaymentAwardOptionsForfeituresAndExpirationsInPeriod' xlink:type='locator' />
<link:loc xlink:href='../elts/us-gaap-2016-01-31.xsd#us-gaap_ShareBasedCompensationArrangementByShareBasedPaymentAwardOptionsForfeituresInPeriod' xlink:label='loc_ShareBasedCompensationArrangementByShareBasedPaymentAwardOptionsForfeituresInPeriod' xlink:type='locator' />
<link:loc xlink:href='../elts/us-gaap-2016-01-31.xsd#us-gaap_ShareBasedCompensationArrangementByShareBasedPaymentAwardOptionsExpirationsInPeriod' xlink:label='loc_ShareBasedCompensationArrangementByShareBasedPaymentAwardOptionsExpirationsInPeriod' xlink:type='locator' />
<link:loc xlink:href='../elts/us-gaap-2016-01-31.xsd#us-gaap_ShareBasedCompensationArrangementByShareBasedPaymentAwardOptionsOtherIncreasesDecreasesInPeriod' xlink:label='loc_ShareBasedCompensationArrangementByShareBasedPaymentAwardOptionsOtherIncreasesDecreasesInPeriod' xlink:type='locator' />
<link:calculationArc order='10' weight='1.0' xlink:arcrole='http://www.xbrl.org/2003/arcrole/summation-item' xlink:from='loc_AmountRecognizedInNetPeriodicBenefitCostAndOtherComprehensiveIncomeLossBeforeTax' xlink:to='loc_DefinedBenefitPlanNetPeriodicBenefitCost' xlink:type='arc' />
<link:calculationArc order='20' weight='1.0' xlink:arcrole='http://www.xbrl.org/2003/arcrole/summation-item' xlink:from='loc_AmountRecognizedInNetPeriodicBenefitCostAndOtherComprehensiveIncomeLossBeforeTax' xlink:to='loc_OtherComprehensiveIncomeLossPensionAndOtherPostretirementBenefitPlansAdjustmentBeforeTax' xlink:type='arc' />
<link:calculationArc order='10' weight='1.0' xlink:arcrole='http://www.xbrl.org/2003/arcrole/summation-item' xlink:from='loc_EmployeeServiceShareBasedCompensationNonvestedAwardsTotalCompensationCostNotYetRecognized' xlink:to='loc_EmployeeServiceShareBasedCompensationNonvestedAwardsTotalCompensationCostNotYetRecognizedStockOptions' xlink:type='arc' />
<link:calculationArc order='20' weight='1.0' xlink:arcrole='http://www.xbrl.org/2003/arcrole/summation-item' xlink:from='loc_EmployeeServiceShareBasedCompensationNonvestedAwardsTotalCompensationCostNotYetRecognized' xlink:to='loc_EmployeeServiceShareBasedCompensationNonvestedAwardsTotalCompensationCostNotYetRecognizedShareBasedAwardsOtherThanOptions' xlink:type='arc' />
<link:calculationArc order='10' weight='1.0' xlink:arcrole='http://www.xbrl.org/2003/arcrole/summation-item' xlink:from='loc_EmployeeStockOwnershipPlanESOPSharesInESOP' xlink:to='loc_EmployeeStockOwnershipPlanESOPNumberOfAllocatedShares' xlink:type='arc' />
<link:calculationArc order='20' weight='1.0' xlink:arcrole='http://www.xbrl.org/2003/arcrole/summation-item' xlink:from='loc_EmployeeStockOwnershipPlanESOPSharesInESOP' xlink:to='loc_EmployeeStockOwnershipPlanESOPNumberOfCommittedToBeReleasedShares' xlink:type='arc' />
<link:calculationArc order='30' weight='1.0' xlink:arcrole='http://www.xbrl.org/2003/arcrole/summation-item' xlink:from='loc_EmployeeStockOwnershipPlanESOPSharesInESOP' xlink:to='loc_EmployeeStockOwnershipPlanESOPNumberOfSuspenseShares' xlink:type='arc' />
<link:calculationArc order='10' weight='1.0' xlink:arcrole='http://www.xbrl.org/2003/arcrole/summation-item' xlink:from='loc_SharebasedCompensationArrangementBySharebasedPaymentAwardCompensationCost1' xlink:to='loc_AllocatedShareBasedCompensationExpense' xlink:type='arc' />
<link:calculationArc order='20' weight='1.0' xlink:arcrole='http://www.xbrl.org/2003/arcrole/summation-item' xlink:from='loc_SharebasedCompensationArrangementBySharebasedPaymentAwardCompensationCost1' xlink:to='loc_EmployeeServiceShareBasedCompensationAllocationOfRecognizedPeriodCostsCapitalizedAmount' xlink:type='arc' />
<link:calculationArc order='10' weight='1.0' xlink:arcrole='http://www.xbrl.org/2003/arcrole/summation-item' xlink:from='loc_ShareBasedCompensationArrangementByShareBasedPaymentAwardEquityInstrumentsOtherThanOptionsPeriodIncreaseDecrease' xlink:to='loc_ShareBasedCompensationArrangementByShareBasedPaymentAwardEquityInstrumentsOtherThanOptionsGrantsInPeriod' xlink:type='arc' />
<link:calculationArc order='20' weight='-1.0' xlink:arcrole='http://www.xbrl.org/2003/arcrole/summation-item' xlink:from='loc_ShareBasedCompensationArrangementByShareBasedPaymentAwardEquityInstrumentsOtherThanOptionsPeriodIncreaseDecrease' xlink:to='loc_ShareBasedCompensationArrangementByShareBasedPaymentAwardEquityInstrumentsOtherThanOptionsVestedInPeriod' xlink:type='arc' />
<link:calculationArc order='30' weight='-1.0' xlink:arcrole='http://www.xbrl.org/2003/arcrole/summation-item' xlink:from='loc_ShareBasedCompensationArrangementByShareBasedPaymentAwardEquityInstrumentsOtherThanOptionsPeriodIncreaseDecrease' xlink:to='loc_ShareBasedCompensationArrangementByShareBasedPaymentAwardEquityInstrumentsOtherThanOptionsForfeitedInPeriod' xlink:type='arc' />
<link:calculationArc order='10' weight='1.0' xlink:arcrole='http://www.xbrl.org/2003/arcrole/summation-item' xlink:from='loc_ShareBasedCompensationArrangementByShareBasedPaymentAwardNonOptionEquityInstrumentsPeriodIncreaseDecrease' xlink:to='loc_ShareBasedCompensationArrangementByShareBasedPaymentAwardNonOptionEquityInstrumentsGranted' xlink:type='arc' />
<link:calculationArc order='20' weight='-1.0' xlink:arcrole='http://www.xbrl.org/2003/arcrole/summation-item' xlink:from='loc_ShareBasedCompensationArrangementByShareBasedPaymentAwardNonOptionEquityInstrumentsPeriodIncreaseDecrease' xlink:to='loc_ShareBasedCompensationArrangementByShareBasedPaymentAwardNonOptionEquityInstrumentsExercised' xlink:type='arc' />
<link:calculationArc order='30' weight='-1.0' xlink:arcrole='http://www.xbrl.org/2003/arcrole/summation-item' xlink:from='loc_ShareBasedCompensationArrangementByShareBasedPaymentAwardNonOptionEquityInstrumentsPeriodIncreaseDecrease' xlink:to='loc_ShareBasedCompensationArrangementByShareBasedPaymentAwardNonOptionEquityInstrumentsForfeituresAndExpirations' xlink:type='arc' />
<link:calculationArc order='10' weight='1.0' xlink:arcrole='http://www.xbrl.org/2003/arcrole/summation-item' xlink:from='loc_ShareBasedCompensationArrangementByShareBasedPaymentAwardNonOptionEquityInstrumentsForfeituresAndExpirations' xlink:to='loc_ShareBasedCompensationArrangementByShareBasedPaymentAwardNonOptionEquityInstrumentsForfeitures' xlink:type='arc' />
<link:calculationArc order='20' weight='1.0' xlink:arcrole='http://www.xbrl.org/2003/arcrole/summation-item' xlink:from='loc_ShareBasedCompensationArrangementByShareBasedPaymentAwardNonOptionEquityInstrumentsForfeituresAndExpirations' xlink:to='loc_ShareBasedCompensationArrangementByShareBasedPaymentAwardNonOptionEquityInstrumentsExpirations' xlink:type='arc' />
<link:calculationArc order='40' weight='1.0' xlink:arcrole='http://www.xbrl.org/2003/arcrole/summation-item' xlink:from='loc_ShareBasedCompensationArrangementByShareBasedPaymentAwardNonOptionEquityInstrumentsPeriodIncreaseDecrease' xlink:to='loc_ShareBasedCompensationArrangementByShareBasedPaymentAwardNonOptionEquityInstrumentsOther' xlink:type='arc' />
<link:calculationArc order='10' weight='1.0' xlink:arcrole='http://www.xbrl.org/2003/arcrole/summation-item' xlink:from='loc_SharebasedCompensationArrangementBySharebasedPaymentAwardOptionsNumberOfSharesPeriodIncreaseDecrease' xlink:to='loc_ShareBasedCompensationArrangementByShareBasedPaymentAwardOptionsGrantsInPeriodGross' xlink:type='arc' />
<link:calculationArc order='20' weight='-1.0' xlink:arcrole='http://www.xbrl.org/2003/arcrole/summation-item' xlink:from='loc_SharebasedCompensationArrangementBySharebasedPaymentAwardOptionsNumberOfSharesPeriodIncreaseDecrease' xlink:to='loc_SharebasedCompensationArrangementBySharebasedPaymentAwardOptionsVestedNumberOfShares' xlink:type='arc' />
<link:calculationArc order='30' weight='-1.0' xlink:arcrole='http://www.xbrl.org/2003/arcrole/summation-item' xlink:from='loc_SharebasedCompensationArrangementBySharebasedPaymentAwardOptionsNumberOfSharesPeriodIncreaseDecrease' xlink:to='loc_SharebasedCompensationArrangementBySharebasedPaymentAwardOptionsNonvestedOptionsForfeitedNumberOfShares' xlink:type='arc' />
<link:calculationArc order='10' weight='1.0' xlink:arcrole='http://www.xbrl.org/2003/arcrole/summation-item' xlink:from='loc_ShareBasedCompensationArrangementByShareBasedPaymentAwardOptionsOutstandingPeriodIncreaseDecrease' xlink:to='loc_ShareBasedCompensationArrangementByShareBasedPaymentAwardOptionsGrantsInPeriodGross' xlink:type='arc' />
<link:calculationArc order='20' weight='-1.0' xlink:arcrole='http://www.xbrl.org/2003/arcrole/summation-item' xlink:from='loc_ShareBasedCompensationArrangementByShareBasedPaymentAwardOptionsOutstandingPeriodIncreaseDecrease' xlink:to='loc_StockIssuedDuringPeriodSharesStockOptionsExercised' xlink:type='arc' />
<link:calculationArc order='30' weight='-1.0' xlink:arcrole='http://www.xbrl.org/2003/arcrole/summation-item' xlink:from='loc_ShareBasedCompensationArrangementByShareBasedPaymentAwardOptionsOutstandingPeriodIncreaseDecrease' xlink:to='loc_ShareBasedCompensationArrangementByShareBasedPaymentAwardOptionsForfeituresAndExpirationsInPeriod' xlink:type='arc' />
<link:calculationArc order='10' weight='1.0' xlink:arcrole='http://www.xbrl.org/2003/arcrole/summation-item' xlink:from='loc_ShareBasedCompensationArrangementByShareBasedPaymentAwardOptionsForfeituresAndExpirationsInPeriod' xlink:to='loc_ShareBasedCompensationArrangementByShareBasedPaymentAwardOptionsForfeituresInPeriod' xlink:type='arc' />
<link:calculationArc order='20' weight='1.0' xlink:arcrole='http://www.xbrl.org/2003/arcrole/summation-item' xlink:from='loc_ShareBasedCompensationArrangementByShareBasedPaymentAwardOptionsForfeituresAndExpirationsInPeriod' xlink:to='loc_ShareBasedCompensationArrangementByShareBasedPaymentAwardOptionsExpirationsInPeriod' xlink:type='arc' />
<link:calculationArc order='40' weight='1.0' xlink:arcrole='http://www.xbrl.org/2003/arcrole/summation-item' xlink:from='loc_ShareBasedCompensationArrangementByShareBasedPaymentAwardOptionsOutstandingPeriodIncreaseDecrease' xlink:to='loc_ShareBasedCompensationArrangementByShareBasedPaymentAwardOptionsOtherIncreasesDecreasesInPeriod' xlink:type='arc' />
</link:calculationLink>
</link:linkbase>
