<?xml version='1.0' encoding='UTF-8'?>

<!--
(c) XBRL US, Inc. 2007-2010; Financial Accounting Foundation, Inc. 2010-2016.  All Rights Reserved.
Notice: Authorized Uses are Set Forth at http://xbrl.fasb.org/terms/TaxonomiesTermsConditions.html
  -->
<link:linkbase xmlns:link='http://www.xbrl.org/2003/linkbase' xmlns:xbrldt='http://xbrl.org/2005/xbrldt' xmlns:xlink='http://www.w3.org/1999/xlink' xmlns:xsi='http://www.w3.org/2001/XMLSchema-instance' xsi:schemaLocation='http://www.xbrl.org/2003/linkbase http://www.xbrl.org/2003/xbrl-linkbase-2003-12-31.xsd'>
<link:roleRef roleURI='http://fasb.org/us-gaap/role/disclosure/RelatedPartyDisclosuresScheduleOfRelatedPartyTransactionsByRelatedPartyTable' xlink:href='../elts/us-roles-2016-01-31.xsd#RelatedPartyDisclosuresScheduleOfRelatedPartyTransactionsByRelatedPartyTable' xlink:type='simple' />
<link:arcroleRef arcroleURI='http://xbrl.org/int/dim/arcrole/all' xlink:href='http://www.xbrl.org/2005/xbrldt-2005.xsd#all' xlink:type='simple' />
<link:arcroleRef arcroleURI='http://xbrl.org/int/dim/arcrole/dimension-default' xlink:href='http://www.xbrl.org/2005/xbrldt-2005.xsd#dimension-default' xlink:type='simple' />
<link:arcroleRef arcroleURI='http://xbrl.org/int/dim/arcrole/dimension-domain' xlink:href='http://www.xbrl.org/2005/xbrldt-2005.xsd#dimension-domain' xlink:type='simple' />
<link:arcroleRef arcroleURI='http://xbrl.org/int/dim/arcrole/domain-member' xlink:href='http://www.xbrl.org/2005/xbrldt-2005.xsd#domain-member' xlink:type='simple' />
<link:arcroleRef arcroleURI='http://xbrl.org/int/dim/arcrole/hypercube-dimension' xlink:href='http://www.xbrl.org/2005/xbrldt-2005.xsd#hypercube-dimension' xlink:type='simple' />
<link:definitionLink xlink:role='http://fasb.org/us-gaap/role/disclosure/RelatedPartyDisclosuresScheduleOfRelatedPartyTransactionsByRelatedPartyTable' xlink:type='extended'>
<link:loc xlink:href='../elts/us-gaap-2016-01-31.xsd#us-gaap_RelatedPartyTransactionLineItems' xlink:label='loc_RelatedPartyTransactionLineItems' xlink:type='locator' />
<link:loc xlink:href='../elts/us-gaap-2016-01-31.xsd#us-gaap_ScheduleOfRelatedPartyTransactionsByRelatedPartyTable' xlink:label='loc_ScheduleOfRelatedPartyTransactionsByRelatedPartyTable' xlink:type='locator' />
<link:definitionArc order='1.0' xbrldt:closed='true' xbrldt:contextElement='segment' xlink:arcrole='http://xbrl.org/int/dim/arcrole/all' xlink:from='loc_RelatedPartyTransactionLineItems' xlink:to='loc_ScheduleOfRelatedPartyTransactionsByRelatedPartyTable' xlink:type='arc' />
</link:definitionLink>
<link:definitionLink xlink:role='http://fasb.org/us-gaap/role/disclosure/RelatedPartyDisclosuresScheduleOfRelatedPartyTransactionsByRelatedPartyTable' xlink:type='extended'>
<link:loc xlink:href='../elts/us-gaap-2016-01-31.xsd#us-gaap_RelatedPartyTransactionAxis' xlink:label='loc_RelatedPartyTransactionAxis' xlink:type='locator' />
<link:loc xlink:href='../elts/us-gaap-2016-01-31.xsd#us-gaap_RelatedPartyTransactionDomain' xlink:label='loc_RelatedPartyTransactionDomain' xlink:type='locator' />
<link:loc xlink:href='../elts/us-gaap-2016-01-31.xsd#us-gaap_RelatedPartyTransactionsByRelatedPartyAxis' xlink:label='loc_RelatedPartyTransactionsByRelatedPartyAxis' xlink:type='locator' />
<link:loc xlink:href='../elts/us-gaap-2016-01-31.xsd#us-gaap_RelatedPartyDomain' xlink:label='loc_RelatedPartyDomain' xlink:type='locator' />
<link:definitionArc order='2.0' xlink:arcrole='http://xbrl.org/int/dim/arcrole/dimension-default' xlink:from='loc_RelatedPartyTransactionAxis' xlink:to='loc_RelatedPartyTransactionDomain' xlink:type='arc' />
<link:definitionArc order='1.0' xlink:arcrole='http://xbrl.org/int/dim/arcrole/dimension-default' xlink:from='loc_RelatedPartyTransactionsByRelatedPartyAxis' xlink:to='loc_RelatedPartyDomain' xlink:type='arc' />
</link:definitionLink>
<link:definitionLink xlink:role='http://fasb.org/us-gaap/role/disclosure/RelatedPartyDisclosuresScheduleOfRelatedPartyTransactionsByRelatedPartyTable' xlink:type='extended'>
<link:loc xlink:href='../elts/us-gaap-2016-01-31.xsd#us-gaap_RelatedPartyTransactionAxis' xlink:label='loc_RelatedPartyTransactionAxis' xlink:type='locator' />
<link:loc xlink:href='../elts/us-gaap-2016-01-31.xsd#us-gaap_RelatedPartyTransactionDomain' xlink:label='loc_RelatedPartyTransactionDomain' xlink:type='locator' />
<link:loc xlink:href='../elts/us-gaap-2016-01-31.xsd#us-gaap_RelatedPartyTransactionsByRelatedPartyAxis' xlink:label='loc_RelatedPartyTransactionsByRelatedPartyAxis' xlink:type='locator' />
<link:loc xlink:href='../elts/us-gaap-2016-01-31.xsd#us-gaap_RelatedPartyDomain' xlink:label='loc_RelatedPartyDomain' xlink:type='locator' />
<link:definitionArc order='2.0' xlink:arcrole='http://xbrl.org/int/dim/arcrole/dimension-domain' xlink:from='loc_RelatedPartyTransactionAxis' xlink:to='loc_RelatedPartyTransactionDomain' xlink:type='arc' />
<link:definitionArc order='1.0' xlink:arcrole='http://xbrl.org/int/dim/arcrole/dimension-domain' xlink:from='loc_RelatedPartyTransactionsByRelatedPartyAxis' xlink:to='loc_RelatedPartyDomain' xlink:type='arc' />
</link:definitionLink>
<link:definitionLink xlink:role='http://fasb.org/us-gaap/role/disclosure/RelatedPartyDisclosuresScheduleOfRelatedPartyTransactionsByRelatedPartyTable' xlink:type='extended'>
<link:loc xlink:href='../elts/us-gaap-2016-01-31.xsd#us-gaap_AffiliatedEntityMember' xlink:label='loc_AffiliatedEntityMember' xlink:type='locator' />
<link:loc xlink:href='../elts/us-gaap-2016-01-31.xsd#us-gaap_MajorityOwnedSubsidiaryUnconsolidatedMember' xlink:label='loc_MajorityOwnedSubsidiaryUnconsolidatedMember' xlink:type='locator' />
<link:loc xlink:href='../elts/us-gaap-2016-01-31.xsd#us-gaap_SubsidiaryOfCommonParentMember' xlink:label='loc_SubsidiaryOfCommonParentMember' xlink:type='locator' />
<link:loc xlink:href='../elts/us-gaap-2016-01-31.xsd#us-gaap_MajorityShareholderMember' xlink:label='loc_MajorityShareholderMember' xlink:type='locator' />
<link:loc xlink:href='../elts/us-gaap-2016-01-31.xsd#us-gaap_PrincipalOwnerMember' xlink:label='loc_PrincipalOwnerMember' xlink:type='locator' />
<link:loc xlink:href='../elts/us-gaap-2016-01-31.xsd#us-gaap_DueFromRelatedPartiesCurrentAbstract' xlink:label='loc_DueFromRelatedPartiesCurrentAbstract' xlink:type='locator' />
<link:loc xlink:href='../elts/us-gaap-2016-01-31.xsd#us-gaap_AccountsReceivableRelatedPartiesCurrent' xlink:label='loc_AccountsReceivableRelatedPartiesCurrent' xlink:type='locator' />
<link:loc xlink:href='../elts/us-gaap-2016-01-31.xsd#us-gaap_NotesReceivableRelatedPartiesCurrent' xlink:label='loc_NotesReceivableRelatedPartiesCurrent' xlink:type='locator' />
<link:loc xlink:href='../elts/us-gaap-2016-01-31.xsd#us-gaap_DueFromEmployeesCurrent' xlink:label='loc_DueFromEmployeesCurrent' xlink:type='locator' />
<link:loc xlink:href='../elts/us-gaap-2016-01-31.xsd#us-gaap_DueFromOfficersOrStockholdersCurrent' xlink:label='loc_DueFromOfficersOrStockholdersCurrent' xlink:type='locator' />
<link:loc xlink:href='../elts/us-gaap-2016-01-31.xsd#us-gaap_DueFromAffiliateCurrent' xlink:label='loc_DueFromAffiliateCurrent' xlink:type='locator' />
<link:loc xlink:href='../elts/us-gaap-2016-01-31.xsd#us-gaap_DueFromJointVenturesCurrent' xlink:label='loc_DueFromJointVenturesCurrent' xlink:type='locator' />
<link:loc xlink:href='../elts/us-gaap-2016-01-31.xsd#us-gaap_DueFromOtherRelatedPartiesCurrent' xlink:label='loc_DueFromOtherRelatedPartiesCurrent' xlink:type='locator' />
<link:loc xlink:href='../elts/us-gaap-2016-01-31.xsd#us-gaap_DueFromRelatedPartiesCurrent' xlink:label='loc_DueFromRelatedPartiesCurrent' xlink:type='locator' />
<link:loc xlink:href='../elts/us-gaap-2016-01-31.xsd#us-gaap_DueFromRelatedPartiesNoncurrentAbstract' xlink:label='loc_DueFromRelatedPartiesNoncurrentAbstract' xlink:type='locator' />
<link:loc xlink:href='../elts/us-gaap-2016-01-31.xsd#us-gaap_AccountsReceivableRelatedPartiesNoncurrent' xlink:label='loc_AccountsReceivableRelatedPartiesNoncurrent' xlink:type='locator' />
<link:loc xlink:href='../elts/us-gaap-2016-01-31.xsd#us-gaap_NotesReceivableRelatedPartiesNoncurrent' xlink:label='loc_NotesReceivableRelatedPartiesNoncurrent' xlink:type='locator' />
<link:loc xlink:href='../elts/us-gaap-2016-01-31.xsd#us-gaap_DueFromEmployeesNoncurrent' xlink:label='loc_DueFromEmployeesNoncurrent' xlink:type='locator' />
<link:loc xlink:href='../elts/us-gaap-2016-01-31.xsd#us-gaap_DueFromOfficersOrStockholdersNoncurrent' xlink:label='loc_DueFromOfficersOrStockholdersNoncurrent' xlink:type='locator' />
<link:loc xlink:href='../elts/us-gaap-2016-01-31.xsd#us-gaap_DueFromJointVenturesNoncurrent' xlink:label='loc_DueFromJointVenturesNoncurrent' xlink:type='locator' />
<link:loc xlink:href='../elts/us-gaap-2016-01-31.xsd#us-gaap_DueFromAffiliateNoncurrent' xlink:label='loc_DueFromAffiliateNoncurrent' xlink:type='locator' />
<link:loc xlink:href='../elts/us-gaap-2016-01-31.xsd#us-gaap_DueFromOtherRelatedPartiesNoncurrent' xlink:label='loc_DueFromOtherRelatedPartiesNoncurrent' xlink:type='locator' />
<link:loc xlink:href='../elts/us-gaap-2016-01-31.xsd#us-gaap_DueFromRelatedPartiesNoncurrent' xlink:label='loc_DueFromRelatedPartiesNoncurrent' xlink:type='locator' />
<link:loc xlink:href='../elts/us-gaap-2016-01-31.xsd#us-gaap_DueFromRelatedPartiesUnclassifiedAbstract' xlink:label='loc_DueFromRelatedPartiesUnclassifiedAbstract' xlink:type='locator' />
<link:loc xlink:href='../elts/us-gaap-2016-01-31.xsd#us-gaap_AccountsReceivableRelatedParties' xlink:label='loc_AccountsReceivableRelatedParties' xlink:type='locator' />
<link:loc xlink:href='../elts/us-gaap-2016-01-31.xsd#us-gaap_NotesReceivableRelatedParties' xlink:label='loc_NotesReceivableRelatedParties' xlink:type='locator' />
<link:loc xlink:href='../elts/us-gaap-2016-01-31.xsd#us-gaap_LoansAndLeasesReceivableRelatedParties' xlink:label='loc_LoansAndLeasesReceivableRelatedParties' xlink:type='locator' />
<link:loc xlink:href='../elts/us-gaap-2016-01-31.xsd#us-gaap_DueFromEmployees' xlink:label='loc_DueFromEmployees' xlink:type='locator' />
<link:loc xlink:href='../elts/us-gaap-2016-01-31.xsd#us-gaap_DueFromOfficersOrStockholders' xlink:label='loc_DueFromOfficersOrStockholders' xlink:type='locator' />
<link:loc xlink:href='../elts/us-gaap-2016-01-31.xsd#us-gaap_DueFromJointVentures' xlink:label='loc_DueFromJointVentures' xlink:type='locator' />
<link:loc xlink:href='../elts/us-gaap-2016-01-31.xsd#us-gaap_DueFromAffiliates' xlink:label='loc_DueFromAffiliates' xlink:type='locator' />
<link:loc xlink:href='../elts/us-gaap-2016-01-31.xsd#us-gaap_DueFromOtherRelatedParties' xlink:label='loc_DueFromOtherRelatedParties' xlink:type='locator' />
<link:loc xlink:href='../elts/us-gaap-2016-01-31.xsd#us-gaap_DueFromRelatedParties' xlink:label='loc_DueFromRelatedParties' xlink:type='locator' />
<link:loc xlink:href='../elts/us-gaap-2016-01-31.xsd#us-gaap_DueToRelatedPartiesCurrentAndNoncurrentAbstract' xlink:label='loc_DueToRelatedPartiesCurrentAndNoncurrentAbstract' xlink:type='locator' />
<link:loc xlink:href='../elts/us-gaap-2016-01-31.xsd#us-gaap_AccountsPayableRelatedPartiesCurrentAndNoncurrent' xlink:label='loc_AccountsPayableRelatedPartiesCurrentAndNoncurrent' xlink:type='locator' />
<link:loc xlink:href='../elts/us-gaap-2016-01-31.xsd#us-gaap_NotesPayableRelatedPartiesCurrentAndNoncurrent' xlink:label='loc_NotesPayableRelatedPartiesCurrentAndNoncurrent' xlink:type='locator' />
<link:loc xlink:href='../elts/us-gaap-2016-01-31.xsd#us-gaap_DueToEmployeesCurrentAndNoncurrent' xlink:label='loc_DueToEmployeesCurrentAndNoncurrent' xlink:type='locator' />
<link:loc xlink:href='../elts/us-gaap-2016-01-31.xsd#us-gaap_DueToOfficersOrStockholdersCurrentAndNoncurrent' xlink:label='loc_DueToOfficersOrStockholdersCurrentAndNoncurrent' xlink:type='locator' />
<link:loc xlink:href='../elts/us-gaap-2016-01-31.xsd#us-gaap_DueToAffiliateCurrentAndNoncurrent' xlink:label='loc_DueToAffiliateCurrentAndNoncurrent' xlink:type='locator' />
<link:loc xlink:href='../elts/us-gaap-2016-01-31.xsd#us-gaap_DueToOtherRelatedPartiesCurrentAndNoncurrent' xlink:label='loc_DueToOtherRelatedPartiesCurrentAndNoncurrent' xlink:type='locator' />
<link:loc xlink:href='../elts/us-gaap-2016-01-31.xsd#us-gaap_DueToRelatedPartiesCurrentAndNoncurrent' xlink:label='loc_DueToRelatedPartiesCurrentAndNoncurrent' xlink:type='locator' />
<link:loc xlink:href='../elts/us-gaap-2016-01-31.xsd#us-gaap_DueToRelatedPartiesCurrentAbstract' xlink:label='loc_DueToRelatedPartiesCurrentAbstract' xlink:type='locator' />
<link:loc xlink:href='../elts/us-gaap-2016-01-31.xsd#us-gaap_AccountsPayableRelatedPartiesCurrent' xlink:label='loc_AccountsPayableRelatedPartiesCurrent' xlink:type='locator' />
<link:loc xlink:href='../elts/us-gaap-2016-01-31.xsd#us-gaap_NotesPayableRelatedPartiesClassifiedCurrent' xlink:label='loc_NotesPayableRelatedPartiesClassifiedCurrent' xlink:type='locator' />
<link:loc xlink:href='../elts/us-gaap-2016-01-31.xsd#us-gaap_DueToEmployeesCurrent' xlink:label='loc_DueToEmployeesCurrent' xlink:type='locator' />
<link:loc xlink:href='../elts/us-gaap-2016-01-31.xsd#us-gaap_DueToOfficersOrStockholdersCurrent' xlink:label='loc_DueToOfficersOrStockholdersCurrent' xlink:type='locator' />
<link:loc xlink:href='../elts/us-gaap-2016-01-31.xsd#us-gaap_DueToAffiliateCurrent' xlink:label='loc_DueToAffiliateCurrent' xlink:type='locator' />
<link:loc xlink:href='../elts/us-gaap-2016-01-31.xsd#us-gaap_DueToOtherRelatedPartiesClassifiedCurrent' xlink:label='loc_DueToOtherRelatedPartiesClassifiedCurrent' xlink:type='locator' />
<link:loc xlink:href='../elts/us-gaap-2016-01-31.xsd#us-gaap_DueToRelatedPartiesCurrent' xlink:label='loc_DueToRelatedPartiesCurrent' xlink:type='locator' />
<link:loc xlink:href='../elts/us-gaap-2016-01-31.xsd#us-gaap_DueToRelatedPartiesNoncurrentAbstract' xlink:label='loc_DueToRelatedPartiesNoncurrentAbstract' xlink:type='locator' />
<link:loc xlink:href='../elts/us-gaap-2016-01-31.xsd#us-gaap_AccountsPayableRelatedPartiesNoncurrent' xlink:label='loc_AccountsPayableRelatedPartiesNoncurrent' xlink:type='locator' />
<link:loc xlink:href='../elts/us-gaap-2016-01-31.xsd#us-gaap_NotesPayableRelatedPartiesNoncurrent' xlink:label='loc_NotesPayableRelatedPartiesNoncurrent' xlink:type='locator' />
<link:loc xlink:href='../elts/us-gaap-2016-01-31.xsd#us-gaap_DueToEmployeesNoncurrent' xlink:label='loc_DueToEmployeesNoncurrent' xlink:type='locator' />
<link:loc xlink:href='../elts/us-gaap-2016-01-31.xsd#us-gaap_DueToOfficersOrStockholdersNoncurrent' xlink:label='loc_DueToOfficersOrStockholdersNoncurrent' xlink:type='locator' />
<link:loc xlink:href='../elts/us-gaap-2016-01-31.xsd#us-gaap_DueToAffiliateNoncurrent' xlink:label='loc_DueToAffiliateNoncurrent' xlink:type='locator' />
<link:loc xlink:href='../elts/us-gaap-2016-01-31.xsd#us-gaap_DueToOtherRelatedPartiesNoncurrent' xlink:label='loc_DueToOtherRelatedPartiesNoncurrent' xlink:type='locator' />
<link:loc xlink:href='../elts/us-gaap-2016-01-31.xsd#us-gaap_DueToRelatedPartiesNoncurrent' xlink:label='loc_DueToRelatedPartiesNoncurrent' xlink:type='locator' />
<link:loc xlink:href='../elts/us-gaap-2016-01-31.xsd#us-gaap_ManagementMember' xlink:label='loc_ManagementMember' xlink:type='locator' />
<link:loc xlink:href='../elts/us-gaap-2016-01-31.xsd#us-gaap_BoardOfDirectorsChairmanMember' xlink:label='loc_BoardOfDirectorsChairmanMember' xlink:type='locator' />
<link:loc xlink:href='../elts/us-gaap-2016-01-31.xsd#us-gaap_DirectorMember' xlink:label='loc_DirectorMember' xlink:type='locator' />
<link:loc xlink:href='../elts/us-gaap-2016-01-31.xsd#us-gaap_ExecutiveOfficerMember' xlink:label='loc_ExecutiveOfficerMember' xlink:type='locator' />
<link:loc xlink:href='../elts/us-gaap-2016-01-31.xsd#us-gaap_ChiefExecutiveOfficerMember' xlink:label='loc_ChiefExecutiveOfficerMember' xlink:type='locator' />
<link:loc xlink:href='../elts/us-gaap-2016-01-31.xsd#us-gaap_ChiefFinancialOfficerMember' xlink:label='loc_ChiefFinancialOfficerMember' xlink:type='locator' />
<link:loc xlink:href='../elts/us-gaap-2016-01-31.xsd#us-gaap_ChiefOperatingOfficerMember' xlink:label='loc_ChiefOperatingOfficerMember' xlink:type='locator' />
<link:loc xlink:href='../elts/us-gaap-2016-01-31.xsd#us-gaap_ControllerMember' xlink:label='loc_ControllerMember' xlink:type='locator' />
<link:loc xlink:href='../elts/us-gaap-2016-01-31.xsd#us-gaap_ExecutiveVicePresidentMember' xlink:label='loc_ExecutiveVicePresidentMember' xlink:type='locator' />
<link:loc xlink:href='../elts/us-gaap-2016-01-31.xsd#us-gaap_VicePresidentMember' xlink:label='loc_VicePresidentMember' xlink:type='locator' />
<link:loc xlink:href='../elts/us-gaap-2016-01-31.xsd#us-gaap_PresidentMember' xlink:label='loc_PresidentMember' xlink:type='locator' />
<link:loc xlink:href='../elts/us-gaap-2016-01-31.xsd#us-gaap_OfficerMember' xlink:label='loc_OfficerMember' xlink:type='locator' />
<link:loc xlink:href='../elts/us-gaap-2016-01-31.xsd#us-gaap_RelatedPartyTaxExpenseAbstract' xlink:label='loc_RelatedPartyTaxExpenseAbstract' xlink:type='locator' />
<link:loc xlink:href='../elts/us-gaap-2016-01-31.xsd#us-gaap_RelatedPartyTaxExpenseMethodology' xlink:label='loc_RelatedPartyTaxExpenseMethodology' xlink:type='locator' />
<link:loc xlink:href='../elts/us-gaap-2016-01-31.xsd#us-gaap_RelatedPartyTaxExpenseEffectOfChangeInAllocationMethodology' xlink:label='loc_RelatedPartyTaxExpenseEffectOfChangeInAllocationMethodology' xlink:type='locator' />
<link:loc xlink:href='../elts/us-gaap-2016-01-31.xsd#us-gaap_RelatedPartyTaxExpenseDueToAffiliatesCurrent' xlink:label='loc_RelatedPartyTaxExpenseDueToAffiliatesCurrent' xlink:type='locator' />
<link:loc xlink:href='../elts/us-gaap-2016-01-31.xsd#us-gaap_RelatedPartyTaxExpenseDueToAffiliatesDeferred' xlink:label='loc_RelatedPartyTaxExpenseDueToAffiliatesDeferred' xlink:type='locator' />
<link:loc xlink:href='../elts/us-gaap-2016-01-31.xsd#us-gaap_RelatedPartyTaxExpenseDueFromAffiliatesCurrent' xlink:label='loc_RelatedPartyTaxExpenseDueFromAffiliatesCurrent' xlink:type='locator' />
<link:loc xlink:href='../elts/us-gaap-2016-01-31.xsd#us-gaap_RelatedPartyTaxExpenseDueFromAffiliatesDeferred' xlink:label='loc_RelatedPartyTaxExpenseDueFromAffiliatesDeferred' xlink:type='locator' />
<link:loc xlink:href='../elts/us-gaap-2016-01-31.xsd#us-gaap_RelatedPartyTransactionLineItems' xlink:label='loc_RelatedPartyTransactionLineItems' xlink:type='locator' />
<link:loc xlink:href='../elts/us-gaap-2016-01-31.xsd#us-gaap_RelatedPartyTransactionDescriptionOfTransaction' xlink:label='loc_RelatedPartyTransactionDescriptionOfTransaction' xlink:type='locator' />
<link:loc xlink:href='../elts/us-gaap-2016-01-31.xsd#us-gaap_RelatedPartyTransactionAmountsOfTransaction' xlink:label='loc_RelatedPartyTransactionAmountsOfTransaction' xlink:type='locator' />
<link:loc xlink:href='../elts/us-gaap-2016-01-31.xsd#us-gaap_RelatedPartyTransactionPurchasesFromRelatedParty' xlink:label='loc_RelatedPartyTransactionPurchasesFromRelatedParty' xlink:type='locator' />
<link:loc xlink:href='../elts/us-gaap-2016-01-31.xsd#us-gaap_RelatedPartyTransactionRate' xlink:label='loc_RelatedPartyTransactionRate' xlink:type='locator' />
<link:loc xlink:href='../elts/us-gaap-2016-01-31.xsd#us-gaap_RelatedPartyTransactionDate' xlink:label='loc_RelatedPartyTransactionDate' xlink:type='locator' />
<link:loc xlink:href='../elts/us-gaap-2016-01-31.xsd#us-gaap_RelatedPartyTransactionEffectsOfAnyChangeInMethodOfEstablishingTerms' xlink:label='loc_RelatedPartyTransactionEffectsOfAnyChangeInMethodOfEstablishingTerms' xlink:type='locator' />
<link:loc xlink:href='../elts/us-gaap-2016-01-31.xsd#us-gaap_RelatedPartyTransactionTermsAndMannerOfSettlement' xlink:label='loc_RelatedPartyTransactionTermsAndMannerOfSettlement' xlink:type='locator' />
<link:loc xlink:href='../elts/us-gaap-2016-01-31.xsd#us-gaap_RevenueFromRelatedParties' xlink:label='loc_RevenueFromRelatedParties' xlink:type='locator' />
<link:loc xlink:href='../elts/us-gaap-2016-01-31.xsd#us-gaap_RelatedPartyTransactionOtherRevenuesFromTransactionsWithRelatedParty' xlink:label='loc_RelatedPartyTransactionOtherRevenuesFromTransactionsWithRelatedParty' xlink:type='locator' />
<link:loc xlink:href='../elts/us-gaap-2016-01-31.xsd#us-gaap_RelatedPartyTransactionExpensesFromTransactionsWithRelatedParty' xlink:label='loc_RelatedPartyTransactionExpensesFromTransactionsWithRelatedParty' xlink:type='locator' />
<link:loc xlink:href='../elts/us-gaap-2016-01-31.xsd#us-gaap_RelatedPartyTransactionSellingGeneralAndAdministrativeExpensesFromTransactionsWithRelatedParty' xlink:label='loc_RelatedPartyTransactionSellingGeneralAndAdministrativeExpensesFromTransactionsWithRelatedParty' xlink:type='locator' />
<link:loc xlink:href='../elts/us-gaap-2016-01-31.xsd#us-gaap_InterestExpenseRelatedParty' xlink:label='loc_InterestExpenseRelatedParty' xlink:type='locator' />
<link:loc xlink:href='../elts/us-gaap-2016-01-31.xsd#us-gaap_InterestIncomeRelatedParty' xlink:label='loc_InterestIncomeRelatedParty' xlink:type='locator' />
<link:loc xlink:href='../elts/us-gaap-2016-01-31.xsd#us-gaap_RelatedPartyTransactionDueFromToRelatedPartyCurrentAbstract' xlink:label='loc_RelatedPartyTransactionDueFromToRelatedPartyCurrentAbstract' xlink:type='locator' />
<link:loc xlink:href='../elts/us-gaap-2016-01-31.xsd#us-gaap_RelatedPartyTransactionDueFromToRelatedPartyNoncurrentAbstract' xlink:label='loc_RelatedPartyTransactionDueFromToRelatedPartyNoncurrentAbstract' xlink:type='locator' />
<link:loc xlink:href='../elts/us-gaap-2016-01-31.xsd#us-gaap_RelatedPartyTransactionDueFromToRelatedPartyAbstract' xlink:label='loc_RelatedPartyTransactionDueFromToRelatedPartyAbstract' xlink:type='locator' />
<link:loc xlink:href='../elts/us-gaap-2016-01-31.xsd#us-gaap_RelatedPartyDepositLiabilities' xlink:label='loc_RelatedPartyDepositLiabilities' xlink:type='locator' />
<link:loc xlink:href='../elts/us-gaap-2016-01-31.xsd#us-gaap_NatureOfCommonOwnershipOrManagementControlRelationships' xlink:label='loc_NatureOfCommonOwnershipOrManagementControlRelationships' xlink:type='locator' />
<link:loc xlink:href='../elts/us-gaap-2016-01-31.xsd#us-gaap_RelatedPartyTransactionArmsLengthBasisOfTransactions' xlink:label='loc_RelatedPartyTransactionArmsLengthBasisOfTransactions' xlink:type='locator' />
<link:loc xlink:href='../elts/us-gaap-2016-01-31.xsd#us-gaap_EquityMethodInvestmentOwnershipPercentage' xlink:label='loc_EquityMethodInvestmentOwnershipPercentage' xlink:type='locator' />
<link:loc xlink:href='../elts/us-gaap-2016-01-31.xsd#us-gaap_RelatedPartyTransactionDueFromToRelatedParty' xlink:label='loc_RelatedPartyTransactionDueFromToRelatedParty' xlink:type='locator' />
<link:loc xlink:href='../elts/us-gaap-2016-01-31.xsd#us-gaap_RelatedPartyTransactionDueFromToRelatedPartyCurrent' xlink:label='loc_RelatedPartyTransactionDueFromToRelatedPartyCurrent' xlink:type='locator' />
<link:loc xlink:href='../elts/us-gaap-2016-01-31.xsd#us-gaap_RelatedPartyTransactionDueFromToRelatedPartyNoncurrent' xlink:label='loc_RelatedPartyTransactionDueFromToRelatedPartyNoncurrent' xlink:type='locator' />
<link:loc xlink:href='../elts/us-gaap-2016-01-31.xsd#us-gaap_RelatedPartyDomain' xlink:label='loc_RelatedPartyDomain' xlink:type='locator' />
<link:loc xlink:href='../elts/us-gaap-2016-01-31.xsd#us-gaap_ImmediateFamilyMemberOfManagementOrPrincipalOwnerMember' xlink:label='loc_ImmediateFamilyMemberOfManagementOrPrincipalOwnerMember' xlink:type='locator' />
<link:loc xlink:href='../elts/us-gaap-2016-01-31.xsd#us-gaap_TrustForBenefitOfEmployeesMember' xlink:label='loc_TrustForBenefitOfEmployeesMember' xlink:type='locator' />
<link:loc xlink:href='../elts/us-gaap-2016-01-31.xsd#us-gaap_CorporateJointVentureMember' xlink:label='loc_CorporateJointVentureMember' xlink:type='locator' />
<link:loc xlink:href='../elts/us-gaap-2016-01-31.xsd#us-gaap_CoVenturerMember' xlink:label='loc_CoVenturerMember' xlink:type='locator' />
<link:loc xlink:href='../elts/us-gaap-2016-01-31.xsd#us-gaap_EquityMethodInvesteeMember' xlink:label='loc_EquityMethodInvesteeMember' xlink:type='locator' />
<link:loc xlink:href='../elts/us-gaap-2016-01-31.xsd#us-gaap_BeneficialOwnerMember' xlink:label='loc_BeneficialOwnerMember' xlink:type='locator' />
<link:loc xlink:href='../elts/us-gaap-2016-01-31.xsd#us-gaap_GeneralPartnerMember' xlink:label='loc_GeneralPartnerMember' xlink:type='locator' />
<link:loc xlink:href='../elts/us-gaap-2016-01-31.xsd#us-gaap_LimitedPartnerMember' xlink:label='loc_LimitedPartnerMember' xlink:type='locator' />
<link:loc xlink:href='../elts/us-gaap-2016-01-31.xsd#us-gaap_UndividedInterestMember' xlink:label='loc_UndividedInterestMember' xlink:type='locator' />
<link:loc xlink:href='../elts/us-gaap-2016-01-31.xsd#us-gaap_InvestorMember' xlink:label='loc_InvestorMember' xlink:type='locator' />
<link:loc xlink:href='../elts/us-gaap-2016-01-31.xsd#us-gaap_InvesteeMember' xlink:label='loc_InvesteeMember' xlink:type='locator' />
<link:loc xlink:href='../elts/us-gaap-2016-01-31.xsd#us-gaap_LimitedLiabilityCompanyMember' xlink:label='loc_LimitedLiabilityCompanyMember' xlink:type='locator' />
<link:definitionArc order='2.0' xlink:arcrole='http://xbrl.org/int/dim/arcrole/domain-member' xlink:from='loc_AffiliatedEntityMember' xlink:to='loc_MajorityOwnedSubsidiaryUnconsolidatedMember' xlink:type='arc' />
<link:definitionArc order='3.0' xlink:arcrole='http://xbrl.org/int/dim/arcrole/domain-member' xlink:from='loc_AffiliatedEntityMember' xlink:to='loc_SubsidiaryOfCommonParentMember' xlink:type='arc' />
<link:definitionArc order='4.0' xlink:arcrole='http://xbrl.org/int/dim/arcrole/domain-member' xlink:from='loc_AffiliatedEntityMember' xlink:to='loc_MajorityShareholderMember' xlink:type='arc' />
<link:definitionArc order='5.0' xlink:arcrole='http://xbrl.org/int/dim/arcrole/domain-member' xlink:from='loc_AffiliatedEntityMember' xlink:to='loc_PrincipalOwnerMember' xlink:type='arc' />
<link:definitionArc order='16.0' xlink:arcrole='http://xbrl.org/int/dim/arcrole/domain-member' xlink:from='loc_DueFromRelatedPartiesCurrentAbstract' xlink:to='loc_AccountsReceivableRelatedPartiesCurrent' xlink:type='arc' />
<link:definitionArc order='17.0' xlink:arcrole='http://xbrl.org/int/dim/arcrole/domain-member' xlink:from='loc_DueFromRelatedPartiesCurrentAbstract' xlink:to='loc_NotesReceivableRelatedPartiesCurrent' xlink:type='arc' />
<link:definitionArc order='18.0' xlink:arcrole='http://xbrl.org/int/dim/arcrole/domain-member' xlink:from='loc_DueFromRelatedPartiesCurrentAbstract' xlink:to='loc_DueFromEmployeesCurrent' xlink:type='arc' />
<link:definitionArc order='19.0' xlink:arcrole='http://xbrl.org/int/dim/arcrole/domain-member' xlink:from='loc_DueFromRelatedPartiesCurrentAbstract' xlink:to='loc_DueFromOfficersOrStockholdersCurrent' xlink:type='arc' />
<link:definitionArc order='20.0' xlink:arcrole='http://xbrl.org/int/dim/arcrole/domain-member' xlink:from='loc_DueFromRelatedPartiesCurrentAbstract' xlink:to='loc_DueFromAffiliateCurrent' xlink:type='arc' />
<link:definitionArc order='21.0' xlink:arcrole='http://xbrl.org/int/dim/arcrole/domain-member' xlink:from='loc_DueFromRelatedPartiesCurrentAbstract' xlink:to='loc_DueFromJointVenturesCurrent' xlink:type='arc' />
<link:definitionArc order='22.0' xlink:arcrole='http://xbrl.org/int/dim/arcrole/domain-member' xlink:from='loc_DueFromRelatedPartiesCurrentAbstract' xlink:to='loc_DueFromOtherRelatedPartiesCurrent' xlink:type='arc' />
<link:definitionArc order='23.0' xlink:arcrole='http://xbrl.org/int/dim/arcrole/domain-member' xlink:from='loc_DueFromRelatedPartiesCurrentAbstract' xlink:to='loc_DueFromRelatedPartiesCurrent' xlink:type='arc' />
<link:definitionArc order='35.0' xlink:arcrole='http://xbrl.org/int/dim/arcrole/domain-member' xlink:from='loc_DueFromRelatedPartiesNoncurrentAbstract' xlink:to='loc_AccountsReceivableRelatedPartiesNoncurrent' xlink:type='arc' />
<link:definitionArc order='36.0' xlink:arcrole='http://xbrl.org/int/dim/arcrole/domain-member' xlink:from='loc_DueFromRelatedPartiesNoncurrentAbstract' xlink:to='loc_NotesReceivableRelatedPartiesNoncurrent' xlink:type='arc' />
<link:definitionArc order='37.0' xlink:arcrole='http://xbrl.org/int/dim/arcrole/domain-member' xlink:from='loc_DueFromRelatedPartiesNoncurrentAbstract' xlink:to='loc_DueFromEmployeesNoncurrent' xlink:type='arc' />
<link:definitionArc order='38.0' xlink:arcrole='http://xbrl.org/int/dim/arcrole/domain-member' xlink:from='loc_DueFromRelatedPartiesNoncurrentAbstract' xlink:to='loc_DueFromOfficersOrStockholdersNoncurrent' xlink:type='arc' />
<link:definitionArc order='39.0' xlink:arcrole='http://xbrl.org/int/dim/arcrole/domain-member' xlink:from='loc_DueFromRelatedPartiesNoncurrentAbstract' xlink:to='loc_DueFromJointVenturesNoncurrent' xlink:type='arc' />
<link:definitionArc order='40.0' xlink:arcrole='http://xbrl.org/int/dim/arcrole/domain-member' xlink:from='loc_DueFromRelatedPartiesNoncurrentAbstract' xlink:to='loc_DueFromAffiliateNoncurrent' xlink:type='arc' />
<link:definitionArc order='41.0' xlink:arcrole='http://xbrl.org/int/dim/arcrole/domain-member' xlink:from='loc_DueFromRelatedPartiesNoncurrentAbstract' xlink:to='loc_DueFromOtherRelatedPartiesNoncurrent' xlink:type='arc' />
<link:definitionArc order='42.0' xlink:arcrole='http://xbrl.org/int/dim/arcrole/domain-member' xlink:from='loc_DueFromRelatedPartiesNoncurrentAbstract' xlink:to='loc_DueFromRelatedPartiesNoncurrent' xlink:type='arc' />
<link:definitionArc order='54.0' xlink:arcrole='http://xbrl.org/int/dim/arcrole/domain-member' xlink:from='loc_DueFromRelatedPartiesUnclassifiedAbstract' xlink:to='loc_AccountsReceivableRelatedParties' xlink:type='arc' />
<link:definitionArc order='55.0' xlink:arcrole='http://xbrl.org/int/dim/arcrole/domain-member' xlink:from='loc_DueFromRelatedPartiesUnclassifiedAbstract' xlink:to='loc_NotesReceivableRelatedParties' xlink:type='arc' />
<link:definitionArc order='56.0' xlink:arcrole='http://xbrl.org/int/dim/arcrole/domain-member' xlink:from='loc_DueFromRelatedPartiesUnclassifiedAbstract' xlink:to='loc_LoansAndLeasesReceivableRelatedParties' xlink:type='arc' />
<link:definitionArc order='57.0' xlink:arcrole='http://xbrl.org/int/dim/arcrole/domain-member' xlink:from='loc_DueFromRelatedPartiesUnclassifiedAbstract' xlink:to='loc_DueFromEmployees' xlink:type='arc' />
<link:definitionArc order='58.0' xlink:arcrole='http://xbrl.org/int/dim/arcrole/domain-member' xlink:from='loc_DueFromRelatedPartiesUnclassifiedAbstract' xlink:to='loc_DueFromOfficersOrStockholders' xlink:type='arc' />
<link:definitionArc order='59.0' xlink:arcrole='http://xbrl.org/int/dim/arcrole/domain-member' xlink:from='loc_DueFromRelatedPartiesUnclassifiedAbstract' xlink:to='loc_DueFromJointVentures' xlink:type='arc' />
<link:definitionArc order='60.0' xlink:arcrole='http://xbrl.org/int/dim/arcrole/domain-member' xlink:from='loc_DueFromRelatedPartiesUnclassifiedAbstract' xlink:to='loc_DueFromAffiliates' xlink:type='arc' />
<link:definitionArc order='61.0' xlink:arcrole='http://xbrl.org/int/dim/arcrole/domain-member' xlink:from='loc_DueFromRelatedPartiesUnclassifiedAbstract' xlink:to='loc_DueFromOtherRelatedParties' xlink:type='arc' />
<link:definitionArc order='62.0' xlink:arcrole='http://xbrl.org/int/dim/arcrole/domain-member' xlink:from='loc_DueFromRelatedPartiesUnclassifiedAbstract' xlink:to='loc_DueFromRelatedParties' xlink:type='arc' />
<link:definitionArc order='64.0' xlink:arcrole='http://xbrl.org/int/dim/arcrole/domain-member' xlink:from='loc_DueToRelatedPartiesCurrentAndNoncurrentAbstract' xlink:to='loc_AccountsPayableRelatedPartiesCurrentAndNoncurrent' xlink:type='arc' />
<link:definitionArc order='65.0' xlink:arcrole='http://xbrl.org/int/dim/arcrole/domain-member' xlink:from='loc_DueToRelatedPartiesCurrentAndNoncurrentAbstract' xlink:to='loc_NotesPayableRelatedPartiesCurrentAndNoncurrent' xlink:type='arc' />
<link:definitionArc order='66.0' xlink:arcrole='http://xbrl.org/int/dim/arcrole/domain-member' xlink:from='loc_DueToRelatedPartiesCurrentAndNoncurrentAbstract' xlink:to='loc_DueToEmployeesCurrentAndNoncurrent' xlink:type='arc' />
<link:definitionArc order='67.0' xlink:arcrole='http://xbrl.org/int/dim/arcrole/domain-member' xlink:from='loc_DueToRelatedPartiesCurrentAndNoncurrentAbstract' xlink:to='loc_DueToOfficersOrStockholdersCurrentAndNoncurrent' xlink:type='arc' />
<link:definitionArc order='68.0' xlink:arcrole='http://xbrl.org/int/dim/arcrole/domain-member' xlink:from='loc_DueToRelatedPartiesCurrentAndNoncurrentAbstract' xlink:to='loc_DueToAffiliateCurrentAndNoncurrent' xlink:type='arc' />
<link:definitionArc order='69.0' xlink:arcrole='http://xbrl.org/int/dim/arcrole/domain-member' xlink:from='loc_DueToRelatedPartiesCurrentAndNoncurrentAbstract' xlink:to='loc_DueToOtherRelatedPartiesCurrentAndNoncurrent' xlink:type='arc' />
<link:definitionArc order='70.0' xlink:arcrole='http://xbrl.org/int/dim/arcrole/domain-member' xlink:from='loc_DueToRelatedPartiesCurrentAndNoncurrentAbstract' xlink:to='loc_DueToRelatedPartiesCurrentAndNoncurrent' xlink:type='arc' />
<link:definitionArc order='25.0' xlink:arcrole='http://xbrl.org/int/dim/arcrole/domain-member' xlink:from='loc_DueToRelatedPartiesCurrentAbstract' xlink:to='loc_AccountsPayableRelatedPartiesCurrent' xlink:type='arc' />
<link:definitionArc order='26.0' xlink:arcrole='http://xbrl.org/int/dim/arcrole/domain-member' xlink:from='loc_DueToRelatedPartiesCurrentAbstract' xlink:to='loc_NotesPayableRelatedPartiesClassifiedCurrent' xlink:type='arc' />
<link:definitionArc order='27.0' xlink:arcrole='http://xbrl.org/int/dim/arcrole/domain-member' xlink:from='loc_DueToRelatedPartiesCurrentAbstract' xlink:to='loc_DueToEmployeesCurrent' xlink:type='arc' />
<link:definitionArc order='28.0' xlink:arcrole='http://xbrl.org/int/dim/arcrole/domain-member' xlink:from='loc_DueToRelatedPartiesCurrentAbstract' xlink:to='loc_DueToOfficersOrStockholdersCurrent' xlink:type='arc' />
<link:definitionArc order='29.0' xlink:arcrole='http://xbrl.org/int/dim/arcrole/domain-member' xlink:from='loc_DueToRelatedPartiesCurrentAbstract' xlink:to='loc_DueToAffiliateCurrent' xlink:type='arc' />
<link:definitionArc order='30.0' xlink:arcrole='http://xbrl.org/int/dim/arcrole/domain-member' xlink:from='loc_DueToRelatedPartiesCurrentAbstract' xlink:to='loc_DueToOtherRelatedPartiesClassifiedCurrent' xlink:type='arc' />
<link:definitionArc order='31.0' xlink:arcrole='http://xbrl.org/int/dim/arcrole/domain-member' xlink:from='loc_DueToRelatedPartiesCurrentAbstract' xlink:to='loc_DueToRelatedPartiesCurrent' xlink:type='arc' />
<link:definitionArc order='44.0' xlink:arcrole='http://xbrl.org/int/dim/arcrole/domain-member' xlink:from='loc_DueToRelatedPartiesNoncurrentAbstract' xlink:to='loc_AccountsPayableRelatedPartiesNoncurrent' xlink:type='arc' />
<link:definitionArc order='45.0' xlink:arcrole='http://xbrl.org/int/dim/arcrole/domain-member' xlink:from='loc_DueToRelatedPartiesNoncurrentAbstract' xlink:to='loc_NotesPayableRelatedPartiesNoncurrent' xlink:type='arc' />
<link:definitionArc order='46.0' xlink:arcrole='http://xbrl.org/int/dim/arcrole/domain-member' xlink:from='loc_DueToRelatedPartiesNoncurrentAbstract' xlink:to='loc_DueToEmployeesNoncurrent' xlink:type='arc' />
<link:definitionArc order='47.0' xlink:arcrole='http://xbrl.org/int/dim/arcrole/domain-member' xlink:from='loc_DueToRelatedPartiesNoncurrentAbstract' xlink:to='loc_DueToOfficersOrStockholdersNoncurrent' xlink:type='arc' />
<link:definitionArc order='48.0' xlink:arcrole='http://xbrl.org/int/dim/arcrole/domain-member' xlink:from='loc_DueToRelatedPartiesNoncurrentAbstract' xlink:to='loc_DueToAffiliateNoncurrent' xlink:type='arc' />
<link:definitionArc order='49.0' xlink:arcrole='http://xbrl.org/int/dim/arcrole/domain-member' xlink:from='loc_DueToRelatedPartiesNoncurrentAbstract' xlink:to='loc_DueToOtherRelatedPartiesNoncurrent' xlink:type='arc' />
<link:definitionArc order='50.0' xlink:arcrole='http://xbrl.org/int/dim/arcrole/domain-member' xlink:from='loc_DueToRelatedPartiesNoncurrentAbstract' xlink:to='loc_DueToRelatedPartiesNoncurrent' xlink:type='arc' />
<link:definitionArc order='7.0' xlink:arcrole='http://xbrl.org/int/dim/arcrole/domain-member' xlink:from='loc_ManagementMember' xlink:to='loc_BoardOfDirectorsChairmanMember' xlink:type='arc' />
<link:definitionArc order='8.0' xlink:arcrole='http://xbrl.org/int/dim/arcrole/domain-member' xlink:from='loc_ManagementMember' xlink:to='loc_DirectorMember' xlink:type='arc' />
<link:definitionArc order='9.0' xlink:arcrole='http://xbrl.org/int/dim/arcrole/domain-member' xlink:from='loc_ManagementMember' xlink:to='loc_ExecutiveOfficerMember' xlink:type='arc' />
<link:definitionArc order='10.0' xlink:arcrole='http://xbrl.org/int/dim/arcrole/domain-member' xlink:from='loc_ManagementMember' xlink:to='loc_ChiefExecutiveOfficerMember' xlink:type='arc' />
<link:definitionArc order='11.0' xlink:arcrole='http://xbrl.org/int/dim/arcrole/domain-member' xlink:from='loc_ManagementMember' xlink:to='loc_ChiefFinancialOfficerMember' xlink:type='arc' />
<link:definitionArc order='12.0' xlink:arcrole='http://xbrl.org/int/dim/arcrole/domain-member' xlink:from='loc_ManagementMember' xlink:to='loc_ChiefOperatingOfficerMember' xlink:type='arc' />
<link:definitionArc order='13.0' xlink:arcrole='http://xbrl.org/int/dim/arcrole/domain-member' xlink:from='loc_ManagementMember' xlink:to='loc_ControllerMember' xlink:type='arc' />
<link:definitionArc order='14.0' xlink:arcrole='http://xbrl.org/int/dim/arcrole/domain-member' xlink:from='loc_ManagementMember' xlink:to='loc_ExecutiveVicePresidentMember' xlink:type='arc' />
<link:definitionArc order='15.0' xlink:arcrole='http://xbrl.org/int/dim/arcrole/domain-member' xlink:from='loc_ManagementMember' xlink:to='loc_VicePresidentMember' xlink:type='arc' />
<link:definitionArc order='16.0' xlink:arcrole='http://xbrl.org/int/dim/arcrole/domain-member' xlink:from='loc_ManagementMember' xlink:to='loc_PresidentMember' xlink:type='arc' />
<link:definitionArc order='17.0' xlink:arcrole='http://xbrl.org/int/dim/arcrole/domain-member' xlink:from='loc_ManagementMember' xlink:to='loc_OfficerMember' xlink:type='arc' />
<link:definitionArc order='74.0' xlink:arcrole='http://xbrl.org/int/dim/arcrole/domain-member' xlink:from='loc_RelatedPartyTaxExpenseAbstract' xlink:to='loc_RelatedPartyTaxExpenseMethodology' xlink:type='arc' />
<link:definitionArc order='75.0' xlink:arcrole='http://xbrl.org/int/dim/arcrole/domain-member' xlink:from='loc_RelatedPartyTaxExpenseAbstract' xlink:to='loc_RelatedPartyTaxExpenseEffectOfChangeInAllocationMethodology' xlink:type='arc' />
<link:definitionArc order='76.0' xlink:arcrole='http://xbrl.org/int/dim/arcrole/domain-member' xlink:from='loc_RelatedPartyTaxExpenseAbstract' xlink:to='loc_RelatedPartyTaxExpenseDueToAffiliatesCurrent' xlink:type='arc' />
<link:definitionArc order='77.0' xlink:arcrole='http://xbrl.org/int/dim/arcrole/domain-member' xlink:from='loc_RelatedPartyTaxExpenseAbstract' xlink:to='loc_RelatedPartyTaxExpenseDueToAffiliatesDeferred' xlink:type='arc' />
<link:definitionArc order='78.0' xlink:arcrole='http://xbrl.org/int/dim/arcrole/domain-member' xlink:from='loc_RelatedPartyTaxExpenseAbstract' xlink:to='loc_RelatedPartyTaxExpenseDueFromAffiliatesCurrent' xlink:type='arc' />
<link:definitionArc order='79.0' xlink:arcrole='http://xbrl.org/int/dim/arcrole/domain-member' xlink:from='loc_RelatedPartyTaxExpenseAbstract' xlink:to='loc_RelatedPartyTaxExpenseDueFromAffiliatesDeferred' xlink:type='arc' />
<link:definitionArc order='1.0' xlink:arcrole='http://xbrl.org/int/dim/arcrole/domain-member' xlink:from='loc_RelatedPartyTransactionLineItems' xlink:to='loc_RelatedPartyTransactionDescriptionOfTransaction' xlink:type='arc' />
<link:definitionArc order='2.0' xlink:arcrole='http://xbrl.org/int/dim/arcrole/domain-member' xlink:from='loc_RelatedPartyTransactionLineItems' xlink:to='loc_RelatedPartyTransactionAmountsOfTransaction' xlink:type='arc' />
<link:definitionArc order='3.0' xlink:arcrole='http://xbrl.org/int/dim/arcrole/domain-member' xlink:from='loc_RelatedPartyTransactionLineItems' xlink:to='loc_RelatedPartyTransactionPurchasesFromRelatedParty' xlink:type='arc' />
<link:definitionArc order='4.0' xlink:arcrole='http://xbrl.org/int/dim/arcrole/domain-member' xlink:from='loc_RelatedPartyTransactionLineItems' xlink:to='loc_RelatedPartyTransactionRate' xlink:type='arc' />
<link:definitionArc order='5.0' xlink:arcrole='http://xbrl.org/int/dim/arcrole/domain-member' xlink:from='loc_RelatedPartyTransactionLineItems' xlink:to='loc_RelatedPartyTransactionDate' xlink:type='arc' />
<link:definitionArc order='6.0' xlink:arcrole='http://xbrl.org/int/dim/arcrole/domain-member' xlink:from='loc_RelatedPartyTransactionLineItems' xlink:to='loc_RelatedPartyTransactionEffectsOfAnyChangeInMethodOfEstablishingTerms' xlink:type='arc' />
<link:definitionArc order='7.0' xlink:arcrole='http://xbrl.org/int/dim/arcrole/domain-member' xlink:from='loc_RelatedPartyTransactionLineItems' xlink:to='loc_RelatedPartyTransactionTermsAndMannerOfSettlement' xlink:type='arc' />
<link:definitionArc order='8.0' xlink:arcrole='http://xbrl.org/int/dim/arcrole/domain-member' xlink:from='loc_RelatedPartyTransactionLineItems' xlink:to='loc_RevenueFromRelatedParties' xlink:type='arc' />
<link:definitionArc order='9.0' xlink:arcrole='http://xbrl.org/int/dim/arcrole/domain-member' xlink:from='loc_RelatedPartyTransactionLineItems' xlink:to='loc_RelatedPartyTransactionOtherRevenuesFromTransactionsWithRelatedParty' xlink:type='arc' />
<link:definitionArc order='10.0' xlink:arcrole='http://xbrl.org/int/dim/arcrole/domain-member' xlink:from='loc_RelatedPartyTransactionLineItems' xlink:to='loc_RelatedPartyTransactionExpensesFromTransactionsWithRelatedParty' xlink:type='arc' />
<link:definitionArc order='11.0' xlink:arcrole='http://xbrl.org/int/dim/arcrole/domain-member' xlink:from='loc_RelatedPartyTransactionLineItems' xlink:to='loc_RelatedPartyTransactionSellingGeneralAndAdministrativeExpensesFromTransactionsWithRelatedParty' xlink:type='arc' />
<link:definitionArc order='12.0' xlink:arcrole='http://xbrl.org/int/dim/arcrole/domain-member' xlink:from='loc_RelatedPartyTransactionLineItems' xlink:to='loc_InterestExpenseRelatedParty' xlink:type='arc' />
<link:definitionArc order='13.0' xlink:arcrole='http://xbrl.org/int/dim/arcrole/domain-member' xlink:from='loc_RelatedPartyTransactionLineItems' xlink:to='loc_InterestIncomeRelatedParty' xlink:type='arc' />
<link:definitionArc order='14.0' xlink:arcrole='http://xbrl.org/int/dim/arcrole/domain-member' xlink:from='loc_RelatedPartyTransactionLineItems' xlink:to='loc_RelatedPartyTransactionDueFromToRelatedPartyCurrentAbstract' xlink:type='arc' />
<link:definitionArc order='33.0' xlink:arcrole='http://xbrl.org/int/dim/arcrole/domain-member' xlink:from='loc_RelatedPartyTransactionLineItems' xlink:to='loc_RelatedPartyTransactionDueFromToRelatedPartyNoncurrentAbstract' xlink:type='arc' />
<link:definitionArc order='52.0' xlink:arcrole='http://xbrl.org/int/dim/arcrole/domain-member' xlink:from='loc_RelatedPartyTransactionLineItems' xlink:to='loc_RelatedPartyTransactionDueFromToRelatedPartyAbstract' xlink:type='arc' />
<link:definitionArc order='72.0' xlink:arcrole='http://xbrl.org/int/dim/arcrole/domain-member' xlink:from='loc_RelatedPartyTransactionLineItems' xlink:to='loc_RelatedPartyDepositLiabilities' xlink:type='arc' />
<link:definitionArc order='73.0' xlink:arcrole='http://xbrl.org/int/dim/arcrole/domain-member' xlink:from='loc_RelatedPartyTransactionLineItems' xlink:to='loc_RelatedPartyTaxExpenseAbstract' xlink:type='arc' />
<link:definitionArc order='80.0' xlink:arcrole='http://xbrl.org/int/dim/arcrole/domain-member' xlink:from='loc_RelatedPartyTransactionLineItems' xlink:to='loc_NatureOfCommonOwnershipOrManagementControlRelationships' xlink:type='arc' />
<link:definitionArc order='81.0' xlink:arcrole='http://xbrl.org/int/dim/arcrole/domain-member' xlink:from='loc_RelatedPartyTransactionLineItems' xlink:to='loc_RelatedPartyTransactionArmsLengthBasisOfTransactions' xlink:type='arc' />
<link:definitionArc order='82.0' xlink:arcrole='http://xbrl.org/int/dim/arcrole/domain-member' xlink:from='loc_RelatedPartyTransactionLineItems' xlink:to='loc_EquityMethodInvestmentOwnershipPercentage' xlink:type='arc' />
<link:definitionArc order='53.0' xlink:arcrole='http://xbrl.org/int/dim/arcrole/domain-member' xlink:from='loc_RelatedPartyTransactionDueFromToRelatedPartyAbstract' xlink:to='loc_DueFromRelatedPartiesUnclassifiedAbstract' xlink:type='arc' />
<link:definitionArc order='63.0' xlink:arcrole='http://xbrl.org/int/dim/arcrole/domain-member' xlink:from='loc_RelatedPartyTransactionDueFromToRelatedPartyAbstract' xlink:to='loc_DueToRelatedPartiesCurrentAndNoncurrentAbstract' xlink:type='arc' />
<link:definitionArc order='71.0' xlink:arcrole='http://xbrl.org/int/dim/arcrole/domain-member' xlink:from='loc_RelatedPartyTransactionDueFromToRelatedPartyAbstract' xlink:to='loc_RelatedPartyTransactionDueFromToRelatedParty' xlink:type='arc' />
<link:definitionArc order='15.0' xlink:arcrole='http://xbrl.org/int/dim/arcrole/domain-member' xlink:from='loc_RelatedPartyTransactionDueFromToRelatedPartyCurrentAbstract' xlink:to='loc_DueFromRelatedPartiesCurrentAbstract' xlink:type='arc' />
<link:definitionArc order='24.0' xlink:arcrole='http://xbrl.org/int/dim/arcrole/domain-member' xlink:from='loc_RelatedPartyTransactionDueFromToRelatedPartyCurrentAbstract' xlink:to='loc_DueToRelatedPartiesCurrentAbstract' xlink:type='arc' />
<link:definitionArc order='32.0' xlink:arcrole='http://xbrl.org/int/dim/arcrole/domain-member' xlink:from='loc_RelatedPartyTransactionDueFromToRelatedPartyCurrentAbstract' xlink:to='loc_RelatedPartyTransactionDueFromToRelatedPartyCurrent' xlink:type='arc' />
<link:definitionArc order='34.0' xlink:arcrole='http://xbrl.org/int/dim/arcrole/domain-member' xlink:from='loc_RelatedPartyTransactionDueFromToRelatedPartyNoncurrentAbstract' xlink:to='loc_DueFromRelatedPartiesNoncurrentAbstract' xlink:type='arc' />
<link:definitionArc order='43.0' xlink:arcrole='http://xbrl.org/int/dim/arcrole/domain-member' xlink:from='loc_RelatedPartyTransactionDueFromToRelatedPartyNoncurrentAbstract' xlink:to='loc_DueToRelatedPartiesNoncurrentAbstract' xlink:type='arc' />
<link:definitionArc order='51.0' xlink:arcrole='http://xbrl.org/int/dim/arcrole/domain-member' xlink:from='loc_RelatedPartyTransactionDueFromToRelatedPartyNoncurrentAbstract' xlink:to='loc_RelatedPartyTransactionDueFromToRelatedPartyNoncurrent' xlink:type='arc' />
<link:definitionArc order='1.0' xlink:arcrole='http://xbrl.org/int/dim/arcrole/domain-member' xlink:from='loc_RelatedPartyDomain' xlink:to='loc_AffiliatedEntityMember' xlink:type='arc' />
<link:definitionArc order='6.0' xlink:arcrole='http://xbrl.org/int/dim/arcrole/domain-member' xlink:from='loc_RelatedPartyDomain' xlink:to='loc_ManagementMember' xlink:type='arc' />
<link:definitionArc order='18.0' xlink:arcrole='http://xbrl.org/int/dim/arcrole/domain-member' xlink:from='loc_RelatedPartyDomain' xlink:to='loc_ImmediateFamilyMemberOfManagementOrPrincipalOwnerMember' xlink:type='arc' />
<link:definitionArc order='19.0' xlink:arcrole='http://xbrl.org/int/dim/arcrole/domain-member' xlink:from='loc_RelatedPartyDomain' xlink:to='loc_TrustForBenefitOfEmployeesMember' xlink:type='arc' />
<link:definitionArc order='20.0' xlink:arcrole='http://xbrl.org/int/dim/arcrole/domain-member' xlink:from='loc_RelatedPartyDomain' xlink:to='loc_CorporateJointVentureMember' xlink:type='arc' />
<link:definitionArc order='21.0' xlink:arcrole='http://xbrl.org/int/dim/arcrole/domain-member' xlink:from='loc_RelatedPartyDomain' xlink:to='loc_CoVenturerMember' xlink:type='arc' />
<link:definitionArc order='22.0' xlink:arcrole='http://xbrl.org/int/dim/arcrole/domain-member' xlink:from='loc_RelatedPartyDomain' xlink:to='loc_EquityMethodInvesteeMember' xlink:type='arc' />
<link:definitionArc order='23.0' xlink:arcrole='http://xbrl.org/int/dim/arcrole/domain-member' xlink:from='loc_RelatedPartyDomain' xlink:to='loc_BeneficialOwnerMember' xlink:type='arc' />
<link:definitionArc order='24.0' xlink:arcrole='http://xbrl.org/int/dim/arcrole/domain-member' xlink:from='loc_RelatedPartyDomain' xlink:to='loc_GeneralPartnerMember' xlink:type='arc' />
<link:definitionArc order='25.0' xlink:arcrole='http://xbrl.org/int/dim/arcrole/domain-member' xlink:from='loc_RelatedPartyDomain' xlink:to='loc_LimitedPartnerMember' xlink:type='arc' />
<link:definitionArc order='26.0' xlink:arcrole='http://xbrl.org/int/dim/arcrole/domain-member' xlink:from='loc_RelatedPartyDomain' xlink:to='loc_UndividedInterestMember' xlink:type='arc' />
<link:definitionArc order='27.0' xlink:arcrole='http://xbrl.org/int/dim/arcrole/domain-member' xlink:from='loc_RelatedPartyDomain' xlink:to='loc_InvestorMember' xlink:type='arc' />
<link:definitionArc order='28.0' xlink:arcrole='http://xbrl.org/int/dim/arcrole/domain-member' xlink:from='loc_RelatedPartyDomain' xlink:to='loc_InvesteeMember' xlink:type='arc' />
<link:definitionArc order='29.0' xlink:arcrole='http://xbrl.org/int/dim/arcrole/domain-member' xlink:from='loc_RelatedPartyDomain' xlink:to='loc_LimitedLiabilityCompanyMember' xlink:type='arc' />
</link:definitionLink>
<link:definitionLink xlink:role='http://fasb.org/us-gaap/role/disclosure/RelatedPartyDisclosuresScheduleOfRelatedPartyTransactionsByRelatedPartyTable' xlink:type='extended'>
<link:loc xlink:href='../elts/us-gaap-2016-01-31.xsd#us-gaap_ScheduleOfRelatedPartyTransactionsByRelatedPartyTable' xlink:label='loc_ScheduleOfRelatedPartyTransactionsByRelatedPartyTable' xlink:type='locator' />
<link:loc xlink:href='../elts/us-gaap-2016-01-31.xsd#us-gaap_RelatedPartyTransactionsByRelatedPartyAxis' xlink:label='loc_RelatedPartyTransactionsByRelatedPartyAxis' xlink:type='locator' />
<link:loc xlink:href='../elts/us-gaap-2016-01-31.xsd#us-gaap_RelatedPartyTransactionAxis' xlink:label='loc_RelatedPartyTransactionAxis' xlink:type='locator' />
<link:definitionArc order='1.0' xlink:arcrole='http://xbrl.org/int/dim/arcrole/hypercube-dimension' xlink:from='loc_ScheduleOfRelatedPartyTransactionsByRelatedPartyTable' xlink:to='loc_RelatedPartyTransactionsByRelatedPartyAxis' xlink:type='arc' />
<link:definitionArc order='2.0' xlink:arcrole='http://xbrl.org/int/dim/arcrole/hypercube-dimension' xlink:from='loc_ScheduleOfRelatedPartyTransactionsByRelatedPartyTable' xlink:to='loc_RelatedPartyTransactionAxis' xlink:type='arc' />
</link:definitionLink>
</link:linkbase>
