<?xml version='1.0' encoding='UTF-8'?>

<!--
(c) XBRL US, Inc. 2007-2010; Financial Accounting Foundation, Inc. 2010-2016.  All Rights Reserved.
Notice: Authorized Uses are Set Forth at http://xbrl.fasb.org/terms/TaxonomiesTermsConditions.html
  -->
<link:linkbase xmlns:link='http://www.xbrl.org/2003/linkbase' xmlns:xbrldt='http://xbrl.org/2005/xbrldt' xmlns:xlink='http://www.w3.org/1999/xlink' xmlns:xsi='http://www.w3.org/2001/XMLSchema-instance' xsi:schemaLocation='http://www.xbrl.org/2003/linkbase http://www.xbrl.org/2003/xbrl-linkbase-2003-12-31.xsd'>
<link:roleRef roleURI='http://fasb.org/us-gaap/role/disclosure/OtherLiabilities' xlink:href='../elts/us-roles-2016-01-31.xsd#othliab' xlink:type='simple' />
<link:presentationLink xlink:role='http://fasb.org/us-gaap/role/disclosure/OtherLiabilities' xlink:type='extended'>
<link:loc xlink:href='../elts/us-gaap-2016-01-31.xsd#us-gaap_AcceleratedShareRepurchasesLineItems' xlink:label='loc_AcceleratedShareRepurchasesLineItems' xlink:type='locator' />
<link:loc xlink:href='../elts/us-gaap-2016-01-31.xsd#us-gaap_AcceleratedShareRepurchasesInitialPricePaidPerShare' xlink:label='loc_AcceleratedShareRepurchasesInitialPricePaidPerShare' xlink:type='locator' />
<link:loc xlink:href='../elts/us-gaap-2016-01-31.xsd#us-gaap_AcceleratedShareRepurchasesFinalPricePaidPerShare' xlink:label='loc_AcceleratedShareRepurchasesFinalPricePaidPerShare' xlink:type='locator' />
<link:loc xlink:href='../elts/us-gaap-2016-01-31.xsd#us-gaap_AcceleratedShareRepurchasesSettlementPaymentOrReceipt' xlink:label='loc_AcceleratedShareRepurchasesSettlementPaymentOrReceipt' xlink:type='locator' />
<link:loc xlink:href='../elts/us-gaap-2016-01-31.xsd#us-gaap_AcceleratedShareRepurchasesAdjustmentToRecordedAmount' xlink:label='loc_AcceleratedShareRepurchasesAdjustmentToRecordedAmount' xlink:type='locator' />
<link:loc xlink:href='../elts/us-gaap-2016-01-31.xsd#us-gaap_AcceleratedShareRepurchasesCashOrStockSettlement' xlink:label='loc_AcceleratedShareRepurchasesCashOrStockSettlement' xlink:type='locator' />
<link:loc xlink:href='../elts/us-gaap-2016-01-31.xsd#us-gaap_AcceleratedShareRepurchasesTable' xlink:label='loc_AcceleratedShareRepurchasesTable' xlink:type='locator' />
<link:loc xlink:href='../elts/us-gaap-2016-01-31.xsd#us-gaap_AcceleratedShareRepurchasesDateAxis' xlink:label='loc_AcceleratedShareRepurchasesDateAxis' xlink:type='locator' />
<link:loc xlink:href='../elts/us-gaap-2016-01-31.xsd#us-gaap_AcceleratedShareRepurchasesDateDomain' xlink:label='loc_AcceleratedShareRepurchasesDateDomain' xlink:type='locator' />
<link:loc xlink:href='../elts/us-gaap-2016-01-31.xsd#us-gaap_AdditionalOtherLiabilitiesDisclosureAbstract' xlink:label='loc_AdditionalOtherLiabilitiesDisclosureAbstract' xlink:type='locator' />
<link:loc xlink:href='../elts/us-gaap-2016-01-31.xsd#us-gaap_DeferredCreditsAndOtherLiabilitiesAbstract' xlink:label='loc_DeferredCreditsAndOtherLiabilitiesAbstract' xlink:type='locator' />
<link:loc xlink:href='../elts/us-gaap-2016-01-31.xsd#us-gaap_BelowMarketLeaseRollForward' xlink:label='loc_BelowMarketLeaseRollForward' xlink:type='locator' />
<link:loc xlink:href='../elts/us-gaap-2016-01-31.xsd#us-gaap_BelowMarketLeaseNet' xlink:label='loc_BelowMarketLeaseNet' xlink:type='locator' />
<link:loc xlink:href='../elts/us-gaap-2016-01-31.xsd#us-gaap_BelowMarketLeaseAcquired' xlink:label='loc_BelowMarketLeaseAcquired' xlink:type='locator' />
<link:loc xlink:href='../elts/us-gaap-2016-01-31.xsd#us-gaap_AmortizationOfBelowMarketLease' xlink:label='loc_AmortizationOfBelowMarketLease' xlink:type='locator' />
<link:loc xlink:href='../elts/us-gaap-2016-01-31.xsd#us-gaap_BelowMarketLeasePeriodIncreaseDecrease' xlink:label='loc_BelowMarketLeasePeriodIncreaseDecrease' xlink:type='locator' />
<link:loc xlink:href='../elts/us-gaap-2016-01-31.xsd#us-gaap_BelowMarketLeaseNet' xlink:label='loc_BelowMarketLeaseNet_1' xlink:type='locator' />
<link:loc xlink:href='../elts/us-gaap-2016-01-31.xsd#us-gaap_BelowMarketLeaseAbstract' xlink:label='loc_BelowMarketLeaseAbstract' xlink:type='locator' />
<link:loc xlink:href='../elts/us-gaap-2016-01-31.xsd#us-gaap_BelowMarketLeaseNetAbstract' xlink:label='loc_BelowMarketLeaseNetAbstract' xlink:type='locator' />
<link:loc xlink:href='../elts/us-gaap-2016-01-31.xsd#us-gaap_BelowMarketLeaseAmortizationIncomeMaturityScheduleAbstract' xlink:label='loc_BelowMarketLeaseAmortizationIncomeMaturityScheduleAbstract' xlink:type='locator' />
<link:loc xlink:href='../elts/us-gaap-2016-01-31.xsd#us-gaap_BelowMarketLeaseFutureAmortizationIncomeTableTextBlock' xlink:label='loc_BelowMarketLeaseFutureAmortizationIncomeTableTextBlock' xlink:type='locator' />
<link:loc xlink:href='../elts/us-gaap-2016-01-31.xsd#us-gaap_BelowMarketLeaseNetAmortizationIncomeFiscalYearMaturityAbstract' xlink:label='loc_BelowMarketLeaseNetAmortizationIncomeFiscalYearMaturityAbstract' xlink:type='locator' />
<link:loc xlink:href='../elts/us-gaap-2016-01-31.xsd#us-gaap_BelowMarketLeaseAmortizationIncomeRemainderOfFiscalYear' xlink:label='loc_BelowMarketLeaseAmortizationIncomeRemainderOfFiscalYear' xlink:type='locator' />
<link:loc xlink:href='../elts/us-gaap-2016-01-31.xsd#us-gaap_BelowMarketLeaseNetAmortizationIncomeRollingMaturityAbstract' xlink:label='loc_BelowMarketLeaseNetAmortizationIncomeRollingMaturityAbstract' xlink:type='locator' />
<link:loc xlink:href='../elts/us-gaap-2016-01-31.xsd#us-gaap_BelowMarketLeaseGross' xlink:label='loc_BelowMarketLeaseGross' xlink:type='locator' />
<link:loc xlink:href='../elts/us-gaap-2016-01-31.xsd#us-gaap_BelowMarketLeaseAccumulatedAmortization' xlink:label='loc_BelowMarketLeaseAccumulatedAmortization' xlink:type='locator' />
<link:loc xlink:href='../elts/us-gaap-2016-01-31.xsd#us-gaap_BelowMarketLeaseAmortizationIncomeNextTwelveMonths' xlink:label='loc_BelowMarketLeaseAmortizationIncomeNextTwelveMonths' xlink:type='locator' />
<link:loc xlink:href='../elts/us-gaap-2016-01-31.xsd#us-gaap_BelowMarketLeaseAmortizationIncomeYearTwo' xlink:label='loc_BelowMarketLeaseAmortizationIncomeYearTwo' xlink:type='locator' />
<link:loc xlink:href='../elts/us-gaap-2016-01-31.xsd#us-gaap_BelowMarketLeaseAmortizationIncomeYearThree' xlink:label='loc_BelowMarketLeaseAmortizationIncomeYearThree' xlink:type='locator' />
<link:loc xlink:href='../elts/us-gaap-2016-01-31.xsd#us-gaap_BelowMarketLeaseAmortizationIncomeYearFour' xlink:label='loc_BelowMarketLeaseAmortizationIncomeYearFour' xlink:type='locator' />
<link:loc xlink:href='../elts/us-gaap-2016-01-31.xsd#us-gaap_BelowMarketLeaseAmortizationIncomeYearFive' xlink:label='loc_BelowMarketLeaseAmortizationIncomeYearFive' xlink:type='locator' />
<link:loc xlink:href='../elts/us-gaap-2016-01-31.xsd#us-gaap_BelowMarketLeaseAmortizationIncomeAfterYearFive' xlink:label='loc_BelowMarketLeaseAmortizationIncomeAfterYearFive' xlink:type='locator' />
<link:loc xlink:href='../elts/us-gaap-2016-01-31.xsd#us-gaap_BelowMarketLeaseAmortizationIncomeNextRollingTwelveMonths' xlink:label='loc_BelowMarketLeaseAmortizationIncomeNextRollingTwelveMonths' xlink:type='locator' />
<link:loc xlink:href='../elts/us-gaap-2016-01-31.xsd#us-gaap_BelowMarketLeaseAmortizationIncomeRollingYearTwo' xlink:label='loc_BelowMarketLeaseAmortizationIncomeRollingYearTwo' xlink:type='locator' />
<link:loc xlink:href='../elts/us-gaap-2016-01-31.xsd#us-gaap_BelowMarketLeaseAmortizationIncomeRollingYearThree' xlink:label='loc_BelowMarketLeaseAmortizationIncomeRollingYearThree' xlink:type='locator' />
<link:loc xlink:href='../elts/us-gaap-2016-01-31.xsd#us-gaap_BelowMarketLeaseAmortizationIncomeRollingYearFour' xlink:label='loc_BelowMarketLeaseAmortizationIncomeRollingYearFour' xlink:type='locator' />
<link:loc xlink:href='../elts/us-gaap-2016-01-31.xsd#us-gaap_BelowMarketLeaseAmortizationIncomeRollingYearFive' xlink:label='loc_BelowMarketLeaseAmortizationIncomeRollingYearFive' xlink:type='locator' />
<link:loc xlink:href='../elts/us-gaap-2016-01-31.xsd#us-gaap_BelowMarketLeaseAmortizationIncomeRollingAfterYearFive' xlink:label='loc_BelowMarketLeaseAmortizationIncomeRollingAfterYearFive' xlink:type='locator' />
<link:loc xlink:href='../elts/us-gaap-2016-01-31.xsd#us-gaap_ClassOfWarrantOrRightAxis' xlink:label='loc_ClassOfWarrantOrRightAxis' xlink:type='locator' />
<link:loc xlink:href='../elts/us-gaap-2016-01-31.xsd#us-gaap_ClassOfWarrantOrRightDomain' xlink:label='loc_ClassOfWarrantOrRightDomain' xlink:type='locator' />
<link:loc xlink:href='../elts/us-gaap-2016-01-31.xsd#us-gaap_ClassOfWarrantOrRightLineItems' xlink:label='loc_ClassOfWarrantOrRightLineItems' xlink:type='locator' />
<link:loc xlink:href='../elts/us-gaap-2016-01-31.xsd#us-gaap_ClassOfWarrantOrRightTitleOfSecurityWarrantsOrRightsOutstanding' xlink:label='loc_ClassOfWarrantOrRightTitleOfSecurityWarrantsOrRightsOutstanding' xlink:type='locator' />
<link:loc xlink:href='../elts/us-gaap-2016-01-31.xsd#us-gaap_ClassOfWarrantOrRighstDateFromWhichWarrantsOrRightsExercisable' xlink:label='loc_ClassOfWarrantOrRighstDateFromWhichWarrantsOrRightsExercisable' xlink:type='locator' />
<link:loc xlink:href='../elts/us-gaap-2016-01-31.xsd#us-gaap_ClassOfWarrantOrRightNumberOfSecuritiesCalledByWarrantsOrRights' xlink:label='loc_ClassOfWarrantOrRightNumberOfSecuritiesCalledByWarrantsOrRights' xlink:type='locator' />
<link:loc xlink:href='../elts/us-gaap-2016-01-31.xsd#us-gaap_ClassOfWarrantOrRightNumberOfSecuritiesCalledByEachWarrantOrRight' xlink:label='loc_ClassOfWarrantOrRightNumberOfSecuritiesCalledByEachWarrantOrRight' xlink:type='locator' />
<link:loc xlink:href='../elts/us-gaap-2016-01-31.xsd#us-gaap_ClassOfWarrantOrRightExercisePriceOfWarrantsOrRights1' xlink:label='loc_ClassOfWarrantOrRightExercisePriceOfWarrantsOrRights1' xlink:type='locator' />
<link:loc xlink:href='../elts/us-gaap-2016-01-31.xsd#us-gaap_ClassOfWarrantOrRightExpenseOrRevenueRecognized' xlink:label='loc_ClassOfWarrantOrRightExpenseOrRevenueRecognized' xlink:type='locator' />
<link:loc xlink:href='../elts/us-gaap-2016-01-31.xsd#us-gaap_ClassOfWarrantOrRightReasonForIssuingToNonemployees' xlink:label='loc_ClassOfWarrantOrRightReasonForIssuingToNonemployees' xlink:type='locator' />
<link:loc xlink:href='../elts/us-gaap-2016-01-31.xsd#us-gaap_ClassOfWarrantOrRightUnissued' xlink:label='loc_ClassOfWarrantOrRightUnissued' xlink:type='locator' />
<link:loc xlink:href='../elts/us-gaap-2016-01-31.xsd#us-gaap_ClassOfWarrantOrRightOutstanding' xlink:label='loc_ClassOfWarrantOrRightOutstanding' xlink:type='locator' />
<link:loc xlink:href='../elts/us-gaap-2016-01-31.xsd#us-gaap_WarrantsAndRightsOutstanding' xlink:label='loc_WarrantsAndRightsOutstanding' xlink:type='locator' />
<link:loc xlink:href='../elts/us-gaap-2016-01-31.xsd#us-gaap_ClassOfWarrantOrRightTable' xlink:label='loc_ClassOfWarrantOrRightTable' xlink:type='locator' />
<link:loc xlink:href='../elts/us-gaap-2016-01-31.xsd#us-gaap_CustomerAdvancesAndDepositsCurrentAbstract' xlink:label='loc_CustomerAdvancesAndDepositsCurrentAbstract' xlink:type='locator' />
<link:loc xlink:href='../elts/us-gaap-2016-01-31.xsd#us-gaap_CustomerAdvancesCurrent' xlink:label='loc_CustomerAdvancesCurrent' xlink:type='locator' />
<link:loc xlink:href='../elts/us-gaap-2016-01-31.xsd#us-gaap_CustomerDepositsCurrent' xlink:label='loc_CustomerDepositsCurrent' xlink:type='locator' />
<link:loc xlink:href='../elts/us-gaap-2016-01-31.xsd#us-gaap_CustomerAdvancesAndDepositsCurrent' xlink:label='loc_CustomerAdvancesAndDepositsCurrent' xlink:type='locator' />
<link:loc xlink:href='../elts/us-gaap-2016-01-31.xsd#us-gaap_DeferredCreditsAndOtherLiabilitiesCurrent' xlink:label='loc_DeferredCreditsAndOtherLiabilitiesCurrent' xlink:type='locator' />
<link:loc xlink:href='../elts/us-gaap-2016-01-31.xsd#us-gaap_DeferredCreditsAndOtherLiabilitiesNoncurrent' xlink:label='loc_DeferredCreditsAndOtherLiabilitiesNoncurrent' xlink:type='locator' />
<link:loc xlink:href='../elts/us-gaap-2016-01-31.xsd#us-gaap_DeferredCreditsAndOtherLiabilities' xlink:label='loc_DeferredCreditsAndOtherLiabilities' xlink:type='locator' />
<link:loc xlink:href='../elts/us-gaap-2016-01-31.xsd#us-gaap_DeferredIncomeTaxesAndOtherLiabilitiesAbstract' xlink:label='loc_DeferredIncomeTaxesAndOtherLiabilitiesAbstract' xlink:type='locator' />
<link:loc xlink:href='../elts/us-gaap-2016-01-31.xsd#us-gaap_DeferredIncomeTaxesAndOtherTaxLiabilitiesNoncurrent' xlink:label='loc_DeferredIncomeTaxesAndOtherTaxLiabilitiesNoncurrent' xlink:type='locator' />
<link:loc xlink:href='../elts/us-gaap-2016-01-31.xsd#us-gaap_DeferredIncomeTaxesAndOtherLiabilitiesNoncurrent' xlink:label='loc_DeferredIncomeTaxesAndOtherLiabilitiesNoncurrent' xlink:type='locator' />
<link:loc xlink:href='../elts/us-gaap-2016-01-31.xsd#us-gaap_DeferredRevenueAndCreditsAbstract' xlink:label='loc_DeferredRevenueAndCreditsAbstract' xlink:type='locator' />
<link:loc xlink:href='../elts/us-gaap-2016-01-31.xsd#us-gaap_DeferredRevenue' xlink:label='loc_DeferredRevenue' xlink:type='locator' />
<link:loc xlink:href='../elts/us-gaap-2016-01-31.xsd#us-gaap_DeferredRevenueLeasesNet' xlink:label='loc_DeferredRevenueLeasesNet' xlink:type='locator' />
<link:loc xlink:href='../elts/us-gaap-2016-01-31.xsd#us-gaap_DeferredGainOnSaleOfProperty' xlink:label='loc_DeferredGainOnSaleOfProperty' xlink:type='locator' />
<link:loc xlink:href='../elts/us-gaap-2016-01-31.xsd#us-gaap_DeferredRentCredit' xlink:label='loc_DeferredRentCredit' xlink:type='locator' />
<link:loc xlink:href='../elts/us-gaap-2016-01-31.xsd#us-gaap_IncentiveFromLessor' xlink:label='loc_IncentiveFromLessor' xlink:type='locator' />
<link:loc xlink:href='../elts/us-gaap-2016-01-31.xsd#us-gaap_AdvanceRent' xlink:label='loc_AdvanceRent' xlink:type='locator' />
<link:loc xlink:href='../elts/us-gaap-2016-01-31.xsd#us-gaap_DeferredLeasingCommissions' xlink:label='loc_DeferredLeasingCommissions' xlink:type='locator' />
<link:loc xlink:href='../elts/us-gaap-2016-01-31.xsd#us-gaap_DeferredLongTermLiabilityCharges' xlink:label='loc_DeferredLongTermLiabilityCharges' xlink:type='locator' />
<link:loc xlink:href='../elts/us-gaap-2016-01-31.xsd#us-gaap_DeferredRevenueAndCredits' xlink:label='loc_DeferredRevenueAndCredits' xlink:type='locator' />
<link:loc xlink:href='../elts/us-gaap-2016-01-31.xsd#us-gaap_DerivativeFinancialInstrumentsIndexedToAndPotentiallySettledInEntitysOwnStockAbstract' xlink:label='loc_DerivativeFinancialInstrumentsIndexedToAndPotentiallySettledInEntitysOwnStockAbstract' xlink:type='locator' />
<link:loc xlink:href='../elts/us-gaap-2016-01-31.xsd#us-gaap_OptionIndexedToIssuersEquityDescriptionTextBlock' xlink:label='loc_OptionIndexedToIssuersEquityDescriptionTextBlock' xlink:type='locator' />
<link:loc xlink:href='../elts/us-gaap-2016-01-31.xsd#us-gaap_ScheduleOfOptionsIndexedToIssuersEquityTextBlock' xlink:label='loc_ScheduleOfOptionsIndexedToIssuersEquityTextBlock' xlink:type='locator' />
<link:loc xlink:href='../elts/us-gaap-2016-01-31.xsd#us-gaap_OptionIndexedToIssuersEquityTable' xlink:label='loc_OptionIndexedToIssuersEquityTable' xlink:type='locator' />
<link:loc xlink:href='../elts/us-gaap-2016-01-31.xsd#us-gaap_ScheduleOfForwardContractsIndexedToIssuersEquityTextBlock' xlink:label='loc_ScheduleOfForwardContractsIndexedToIssuersEquityTextBlock' xlink:type='locator' />
<link:loc xlink:href='../elts/us-gaap-2016-01-31.xsd#us-gaap_ForwardContractIndexedToIssuersEquityTable' xlink:label='loc_ForwardContractIndexedToIssuersEquityTable' xlink:type='locator' />
<link:loc xlink:href='../elts/us-gaap-2016-01-31.xsd#us-gaap_SharesSubjectToMandatoryRedemptionBySettlementTermsLineItems' xlink:label='loc_SharesSubjectToMandatoryRedemptionBySettlementTermsLineItems' xlink:type='locator' />
<link:loc xlink:href='../elts/us-gaap-2016-01-31.xsd#us-gaap_SharesSubjectToMandatoryRedemptionSettlementTermsDescription' xlink:label='loc_SharesSubjectToMandatoryRedemptionSettlementTermsDescription' xlink:type='locator' />
<link:loc xlink:href='../elts/us-gaap-2016-01-31.xsd#us-gaap_SharesSubjectToMandatoryRedemptionSettlementTermsAmountAbstract' xlink:label='loc_SharesSubjectToMandatoryRedemptionSettlementTermsAmountAbstract' xlink:type='locator' />
<link:loc xlink:href='../elts/us-gaap-2016-01-31.xsd#us-gaap_SharesSubjectToMandatoryRedemptionSettlementTermsNumberOfShares' xlink:label='loc_SharesSubjectToMandatoryRedemptionSettlementTermsNumberOfShares' xlink:type='locator' />
<link:loc xlink:href='../elts/us-gaap-2016-01-31.xsd#us-gaap_SharesSubjectToMandatoryRedemptionSettlementTermsFairValueOfShares' xlink:label='loc_SharesSubjectToMandatoryRedemptionSettlementTermsFairValueOfShares' xlink:type='locator' />
<link:loc xlink:href='../elts/us-gaap-2016-01-31.xsd#us-gaap_SharesSubjectToMandatoryRedemptionSettlementTermsImpactOfChangesInFairValueOfSharesOnAmount' xlink:label='loc_SharesSubjectToMandatoryRedemptionSettlementTermsImpactOfChangesInFairValueOfSharesOnAmount' xlink:type='locator' />
<link:loc xlink:href='../elts/us-gaap-2016-01-31.xsd#us-gaap_FinancialInstrumentsSubjectToMandatoryRedemptionSettlementTermsImpactOfChangesInFairValueOfSharesOnNumberOfShares' xlink:label='loc_FinancialInstrumentsSubjectToMandatoryRedemptionSettlementTermsImpactOfChangesInFairValueOfSharesOnNumberOfShares' xlink:type='locator' />
<link:loc xlink:href='../elts/us-gaap-2016-01-31.xsd#us-gaap_SharesSubjectToMandatoryRedemptionSettlementTermsMaximumAmount' xlink:label='loc_SharesSubjectToMandatoryRedemptionSettlementTermsMaximumAmount' xlink:type='locator' />
<link:loc xlink:href='../elts/us-gaap-2016-01-31.xsd#us-gaap_SharesSubjectToMandatoryRedemptionSettlementTermsMaximumNumberOfShares' xlink:label='loc_SharesSubjectToMandatoryRedemptionSettlementTermsMaximumNumberOfShares' xlink:type='locator' />
<link:loc xlink:href='../elts/us-gaap-2016-01-31.xsd#us-gaap_SharesSubjectToMandatoryRedemptionSettlementTermsContractLimit' xlink:label='loc_SharesSubjectToMandatoryRedemptionSettlementTermsContractLimit' xlink:type='locator' />
<link:loc xlink:href='../elts/us-gaap-2016-01-31.xsd#us-gaap_SharesSubjectToMandatoryRedemptionSettlementTermsNumberOfSharesIndexed' xlink:label='loc_SharesSubjectToMandatoryRedemptionSettlementTermsNumberOfSharesIndexed' xlink:type='locator' />
<link:loc xlink:href='../elts/us-gaap-2016-01-31.xsd#us-gaap_FinancialInstrumentsSubjectToMandatoryRedemptionSettlementTermsForwardPriceOrOptionStrikePriceSharesSettlementDate' xlink:label='loc_FinancialInstrumentsSubjectToMandatoryRedemptionSettlementTermsForwardPriceOrOptionStrikePriceSharesSettlementDate' xlink:type='locator' />
<link:loc xlink:href='../elts/us-gaap-2016-01-31.xsd#us-gaap_SharesSubjectToMandatoryRedemptionSettlementTermsReasonForUncertainRedemption' xlink:label='loc_SharesSubjectToMandatoryRedemptionSettlementTermsReasonForUncertainRedemption' xlink:type='locator' />
<link:loc xlink:href='../elts/us-gaap-2016-01-31.xsd#us-gaap_SharesSubjectToMandatoryRedemptionSettlementTermsExcessOfLiabilitiesOverAssets' xlink:label='loc_SharesSubjectToMandatoryRedemptionSettlementTermsExcessOfLiabilitiesOverAssets' xlink:type='locator' />
<link:loc xlink:href='../elts/us-gaap-2016-01-31.xsd#us-gaap_SharesSubjectToMandatoryRedemptionSettlementTermsExcessOfAssetsOverLiabilities' xlink:label='loc_SharesSubjectToMandatoryRedemptionSettlementTermsExcessOfAssetsOverLiabilities' xlink:type='locator' />
<link:loc xlink:href='../elts/us-gaap-2016-01-31.xsd#us-gaap_SharesSubjectToMandatoryRedemptionFinancialInstrumentDomain' xlink:label='loc_SharesSubjectToMandatoryRedemptionFinancialInstrumentDomain' xlink:type='locator' />
<link:loc xlink:href='../elts/us-gaap-2016-01-31.xsd#us-gaap_SecuritiesSubjectToMandatoryRedemptionMember' xlink:label='loc_SecuritiesSubjectToMandatoryRedemptionMember' xlink:type='locator' />
<link:loc xlink:href='../elts/us-gaap-2016-01-31.xsd#us-gaap_SubordinatedDebenturesSubjectToMandatoryRedemptionMember' xlink:label='loc_SubordinatedDebenturesSubjectToMandatoryRedemptionMember' xlink:type='locator' />
<link:loc xlink:href='../elts/us-gaap-2016-01-31.xsd#us-gaap_WarrantsAndRightsSubjectToMandatoryRedemptionMember' xlink:label='loc_WarrantsAndRightsSubjectToMandatoryRedemptionMember' xlink:type='locator' />
<link:loc xlink:href='../elts/us-gaap-2016-01-31.xsd#us-gaap_TrustPreferredSecuritiesSubjectToMandatoryRedemptionMember' xlink:label='loc_TrustPreferredSecuritiesSubjectToMandatoryRedemptionMember' xlink:type='locator' />
<link:loc xlink:href='../elts/us-gaap-2016-01-31.xsd#us-gaap_SharesSubjectToMandatoryRedemptionSettlementTermsAmountCurrent' xlink:label='loc_SharesSubjectToMandatoryRedemptionSettlementTermsAmountCurrent' xlink:type='locator' />
<link:loc xlink:href='../elts/us-gaap-2016-01-31.xsd#us-gaap_SharesSubjectToMandatoryRedemptionSettlementTermsAmountNoncurrent' xlink:label='loc_SharesSubjectToMandatoryRedemptionSettlementTermsAmountNoncurrent' xlink:type='locator' />
<link:loc xlink:href='../elts/us-gaap-2016-01-31.xsd#us-gaap_SharesSubjectToMandatoryRedemptionSettlementTermsAmount' xlink:label='loc_SharesSubjectToMandatoryRedemptionSettlementTermsAmount' xlink:type='locator' />
<link:loc xlink:href='../elts/us-gaap-2016-01-31.xsd#us-gaap_ForwardContractIndexedToIssuersEquityLineItems' xlink:label='loc_ForwardContractIndexedToIssuersEquityLineItems' xlink:type='locator' />
<link:loc xlink:href='../elts/us-gaap-2016-01-31.xsd#us-gaap_ForwardContractIndexedToIssuersEquityForwardRate' xlink:label='loc_ForwardContractIndexedToIssuersEquityForwardRate' xlink:type='locator' />
<link:loc xlink:href='../elts/us-gaap-2016-01-31.xsd#us-gaap_ForwardContractIndexedToIssuersEquityShares' xlink:label='loc_ForwardContractIndexedToIssuersEquityShares' xlink:type='locator' />
<link:loc xlink:href='../elts/us-gaap-2016-01-31.xsd#us-gaap_ForwardContractIndexedToIssuersEquityIndexedShares' xlink:label='loc_ForwardContractIndexedToIssuersEquityIndexedShares' xlink:type='locator' />
<link:loc xlink:href='../elts/us-gaap-2016-01-31.xsd#us-gaap_ForwardContractIndexedToIssuersEquitySettlementDateOrDates' xlink:label='loc_ForwardContractIndexedToIssuersEquitySettlementDateOrDates' xlink:type='locator' />
<link:loc xlink:href='../elts/us-gaap-2016-01-31.xsd#us-gaap_ForwardContractIndexedToIssuersEquityClassification' xlink:label='loc_ForwardContractIndexedToIssuersEquityClassification' xlink:type='locator' />
<link:loc xlink:href='../elts/us-gaap-2016-01-31.xsd#us-gaap_ForwardContractIndexedToIssuersEquitySettlementAlternatives' xlink:label='loc_ForwardContractIndexedToIssuersEquitySettlementAlternatives' xlink:type='locator' />
<link:loc xlink:href='../elts/us-gaap-2016-01-31.xsd#us-gaap_ForwardContractIndexedToIssuersEquitySettlementAlternativesCashAtFairValue' xlink:label='loc_ForwardContractIndexedToIssuersEquitySettlementAlternativesCashAtFairValue' xlink:type='locator' />
<link:loc xlink:href='../elts/us-gaap-2016-01-31.xsd#us-gaap_ForwardContractIndexedToIssuersEquitySettlementAlternativesSharesAtFairValue' xlink:label='loc_ForwardContractIndexedToIssuersEquitySettlementAlternativesSharesAtFairValue' xlink:type='locator' />
<link:loc xlink:href='../elts/us-gaap-2016-01-31.xsd#us-gaap_ForwardContractIndexedToIssuersEquityContractReclassification' xlink:label='loc_ForwardContractIndexedToIssuersEquityContractReclassification' xlink:type='locator' />
<link:loc xlink:href='../elts/us-gaap-2016-01-31.xsd#us-gaap_ForwardContractIndexedToIssuersEquityTypeAxis' xlink:label='loc_ForwardContractIndexedToIssuersEquityTypeAxis' xlink:type='locator' />
<link:loc xlink:href='../elts/us-gaap-2016-01-31.xsd#us-gaap_ForwardContractIndexedToIssuersEquityTypeDomain' xlink:label='loc_ForwardContractIndexedToIssuersEquityTypeDomain' xlink:type='locator' />
<link:loc xlink:href='../elts/us-gaap-2016-01-31.xsd#us-gaap_MandatorilyRedeemablePreferredStockMember' xlink:label='loc_MandatorilyRedeemablePreferredStockMember' xlink:type='locator' />
<link:loc xlink:href='../elts/us-gaap-2016-01-31.xsd#us-gaap_ConvertiblePreferredStockSubjectToMandatoryRedemptionMember' xlink:label='loc_ConvertiblePreferredStockSubjectToMandatoryRedemptionMember' xlink:type='locator' />
<link:loc xlink:href='../elts/us-gaap-2016-01-31.xsd#us-gaap_CumulativePreferredStockSubjectToMandatoryRedemptionMember' xlink:label='loc_CumulativePreferredStockSubjectToMandatoryRedemptionMember' xlink:type='locator' />
<link:loc xlink:href='../elts/us-gaap-2016-01-31.xsd#us-gaap_NoncumulativePreferredStockSubjectToMandatoryRedemptionMember' xlink:label='loc_NoncumulativePreferredStockSubjectToMandatoryRedemptionMember' xlink:type='locator' />
<link:loc xlink:href='../elts/us-gaap-2016-01-31.xsd#us-gaap_ParticipatingPreferredStockSubjectToMandatoryRedemptionMember' xlink:label='loc_ParticipatingPreferredStockSubjectToMandatoryRedemptionMember' xlink:type='locator' />
<link:loc xlink:href='../elts/us-gaap-2016-01-31.xsd#us-gaap_OptionIndexedToIssuersEquityLineItems' xlink:label='loc_OptionIndexedToIssuersEquityLineItems' xlink:type='locator' />
<link:loc xlink:href='../elts/us-gaap-2016-01-31.xsd#us-gaap_OptionIndexedToIssuersEquityStrikePrice1' xlink:label='loc_OptionIndexedToIssuersEquityStrikePrice1' xlink:type='locator' />
<link:loc xlink:href='../elts/us-gaap-2016-01-31.xsd#us-gaap_OptionIndexedToIssuersEquityShares' xlink:label='loc_OptionIndexedToIssuersEquityShares' xlink:type='locator' />
<link:loc xlink:href='../elts/us-gaap-2016-01-31.xsd#us-gaap_OptionIndexedToIssuersEquityIndexedShares' xlink:label='loc_OptionIndexedToIssuersEquityIndexedShares' xlink:type='locator' />
<link:loc xlink:href='../elts/us-gaap-2016-01-31.xsd#us-gaap_OptionIndexedToIssuersEquitySettlementDateOrDates' xlink:label='loc_OptionIndexedToIssuersEquitySettlementDateOrDates' xlink:type='locator' />
<link:loc xlink:href='../elts/us-gaap-2016-01-31.xsd#us-gaap_OptionIndexedToIssuersEquityClassification' xlink:label='loc_OptionIndexedToIssuersEquityClassification' xlink:type='locator' />
<link:loc xlink:href='../elts/us-gaap-2016-01-31.xsd#us-gaap_OptionIndexedToIssuersEquitySettlementAlternatives' xlink:label='loc_OptionIndexedToIssuersEquitySettlementAlternatives' xlink:type='locator' />
<link:loc xlink:href='../elts/us-gaap-2016-01-31.xsd#us-gaap_OptionIndexedToIssuersEquitySettlementAlternativesCashAtFairValue' xlink:label='loc_OptionIndexedToIssuersEquitySettlementAlternativesCashAtFairValue' xlink:type='locator' />
<link:loc xlink:href='../elts/us-gaap-2016-01-31.xsd#us-gaap_OptionIndexedToIssuersEquitySettlementAlternativesSharesAtFairValue' xlink:label='loc_OptionIndexedToIssuersEquitySettlementAlternativesSharesAtFairValue' xlink:type='locator' />
<link:loc xlink:href='../elts/us-gaap-2016-01-31.xsd#us-gaap_OptionIndexedToIssuersEquityContractReclassification' xlink:label='loc_OptionIndexedToIssuersEquityContractReclassification' xlink:type='locator' />
<link:loc xlink:href='../elts/us-gaap-2016-01-31.xsd#us-gaap_OptionIndexedToIssuersEquityRedeemableStockRedemptionRequirementsAmount1' xlink:label='loc_OptionIndexedToIssuersEquityRedeemableStockRedemptionRequirementsAmount1' xlink:type='locator' />
<link:loc xlink:href='../elts/us-gaap-2016-01-31.xsd#us-gaap_OptionIndexedToIssuersEquityTypeAxis' xlink:label='loc_OptionIndexedToIssuersEquityTypeAxis' xlink:type='locator' />
<link:loc xlink:href='../elts/us-gaap-2016-01-31.xsd#us-gaap_PositionAxis' xlink:label='loc_PositionAxis' xlink:type='locator' />
<link:loc xlink:href='../elts/us-gaap-2016-01-31.xsd#us-gaap_OptionIndexedToIssuersEquityTypeDomain' xlink:label='loc_OptionIndexedToIssuersEquityTypeDomain' xlink:type='locator' />
<link:loc xlink:href='../elts/us-gaap-2016-01-31.xsd#us-gaap_CallOptionMember' xlink:label='loc_CallOptionMember' xlink:type='locator' />
<link:loc xlink:href='../elts/us-gaap-2016-01-31.xsd#us-gaap_PutOptionMember' xlink:label='loc_PutOptionMember' xlink:type='locator' />
<link:loc xlink:href='../elts/us-gaap-2016-01-31.xsd#us-gaap_ExchangeTradedOptionsMember' xlink:label='loc_ExchangeTradedOptionsMember' xlink:type='locator' />
<link:loc xlink:href='../elts/us-gaap-2016-01-31.xsd#us-gaap_EmployeeStockOptionMember' xlink:label='loc_EmployeeStockOptionMember' xlink:type='locator' />
<link:loc xlink:href='../elts/us-gaap-2016-01-31.xsd#us-gaap_OtherLiabilitiesDisclosureAbstract' xlink:label='loc_OtherLiabilitiesDisclosureAbstract' xlink:type='locator' />
<link:loc xlink:href='../elts/us-gaap-2016-01-31.xsd#us-gaap_AcceleratedShareRepurchasesTextBlock' xlink:label='loc_AcceleratedShareRepurchasesTextBlock' xlink:type='locator' />
<link:loc xlink:href='../elts/us-gaap-2016-01-31.xsd#us-gaap_OtherLiabilitiesAndSharesSubjectToMandatoryRedemptionAbstract' xlink:label='loc_OtherLiabilitiesAndSharesSubjectToMandatoryRedemptionAbstract' xlink:type='locator' />
<link:loc xlink:href='../elts/us-gaap-2016-01-31.xsd#us-gaap_WarrantsAndRightsNoteDisclosureAbstract' xlink:label='loc_WarrantsAndRightsNoteDisclosureAbstract' xlink:type='locator' />
<link:loc xlink:href='../elts/us-gaap-2016-01-31.xsd#us-gaap_OtherLiabilitiesAbstract' xlink:label='loc_OtherLiabilitiesAbstract' xlink:type='locator' />
<link:loc xlink:href='../elts/us-gaap-2016-01-31.xsd#us-gaap_OtherLiabilitiesCurrent' xlink:label='loc_OtherLiabilitiesCurrent' xlink:type='locator' />
<link:loc xlink:href='../elts/us-gaap-2016-01-31.xsd#us-gaap_OtherLiabilitiesNoncurrent' xlink:label='loc_OtherLiabilitiesNoncurrent' xlink:type='locator' />
<link:loc xlink:href='../elts/us-gaap-2016-01-31.xsd#us-gaap_OtherLiabilities' xlink:label='loc_OtherLiabilities' xlink:type='locator' />
<link:loc xlink:href='../elts/us-gaap-2016-01-31.xsd#us-gaap_ScheduleOfOtherAssetsAndOtherLiabilitiesTableTextBlock' xlink:label='loc_ScheduleOfOtherAssetsAndOtherLiabilitiesTableTextBlock' xlink:type='locator' />
<link:loc xlink:href='../elts/us-gaap-2016-01-31.xsd#us-gaap_OtherLiabilitiesDisclosureTextBlock' xlink:label='loc_OtherLiabilitiesDisclosureTextBlock' xlink:type='locator' />
<link:loc xlink:href='../elts/us-gaap-2016-01-31.xsd#us-gaap_OtherLiabilitiesCurrentAbstract' xlink:label='loc_OtherLiabilitiesCurrentAbstract' xlink:type='locator' />
<link:loc xlink:href='../elts/us-gaap-2016-01-31.xsd#us-gaap_OtherLiabilitiesNoncurrentAbstract' xlink:label='loc_OtherLiabilitiesNoncurrentAbstract' xlink:type='locator' />
<link:loc xlink:href='../elts/us-gaap-2016-01-31.xsd#us-gaap_OtherLiabilitiesUnclassifiedAbstract' xlink:label='loc_OtherLiabilitiesUnclassifiedAbstract' xlink:type='locator' />
<link:loc xlink:href='../elts/us-gaap-2016-01-31.xsd#us-gaap_OtherSundryLiabilitiesAbstract' xlink:label='loc_OtherSundryLiabilitiesAbstract' xlink:type='locator' />
<link:loc xlink:href='../elts/us-gaap-2016-01-31.xsd#us-gaap_PensionAndOtherPostretirementAndPostemploymentBenefitPlansNoncurrentLiabilitiesAbstract' xlink:label='loc_PensionAndOtherPostretirementAndPostemploymentBenefitPlansNoncurrentLiabilitiesAbstract' xlink:type='locator' />
<link:loc xlink:href='../elts/us-gaap-2016-01-31.xsd#us-gaap_PensionAndOtherPostretirementAndPostemploymentBenefitPlansLiabilitiesAbstract' xlink:label='loc_PensionAndOtherPostretirementAndPostemploymentBenefitPlansLiabilitiesAbstract' xlink:type='locator' />
<link:loc xlink:href='../elts/us-gaap-2016-01-31.xsd#us-gaap_OtherCurrentLiabilitiesTableTextBlock' xlink:label='loc_OtherCurrentLiabilitiesTableTextBlock' xlink:type='locator' />
<link:loc xlink:href='../elts/us-gaap-2016-01-31.xsd#us-gaap_OtherNoncurrentLiabilitiesTableTextBlock' xlink:label='loc_OtherNoncurrentLiabilitiesTableTextBlock' xlink:type='locator' />
<link:loc xlink:href='../elts/us-gaap-2016-01-31.xsd#us-gaap_OtherLiabilitiesTableTextBlock' xlink:label='loc_OtherLiabilitiesTableTextBlock' xlink:type='locator' />
<link:loc xlink:href='../elts/us-gaap-2016-01-31.xsd#us-gaap_SharesSubjectToMandatoryRedemptionDisclosureTextBlock' xlink:label='loc_SharesSubjectToMandatoryRedemptionDisclosureTextBlock' xlink:type='locator' />
<link:loc xlink:href='../elts/us-gaap-2016-01-31.xsd#us-gaap_ScheduleOfSharesSubjectToMandatoryRedemptionTable' xlink:label='loc_ScheduleOfSharesSubjectToMandatoryRedemptionTable' xlink:type='locator' />
<link:loc xlink:href='../elts/us-gaap-2016-01-31.xsd#us-gaap_RestructuringReserveCurrent' xlink:label='loc_RestructuringReserveCurrent' xlink:type='locator' />
<link:loc xlink:href='../elts/us-gaap-2016-01-31.xsd#us-gaap_DepositLiabilityCurrent' xlink:label='loc_DepositLiabilityCurrent' xlink:type='locator' />
<link:loc xlink:href='../elts/us-gaap-2016-01-31.xsd#us-gaap_RefundableGasCosts' xlink:label='loc_RefundableGasCosts' xlink:type='locator' />
<link:loc xlink:href='../elts/us-gaap-2016-01-31.xsd#us-gaap_OtherSundryLiabilitiesCurrent' xlink:label='loc_OtherSundryLiabilitiesCurrent' xlink:type='locator' />
<link:loc xlink:href='../elts/us-gaap-2016-01-31.xsd#us-gaap_ContributionsInAidOfConstruction' xlink:label='loc_ContributionsInAidOfConstruction' xlink:type='locator' />
<link:loc xlink:href='../elts/us-gaap-2016-01-31.xsd#us-gaap_OtherSundryLiabilitiesNoncurrent' xlink:label='loc_OtherSundryLiabilitiesNoncurrent' xlink:type='locator' />
<link:loc xlink:href='../elts/us-gaap-2016-01-31.xsd#us-gaap_DeferredTaxAndOtherLiabilitiesNoncurrent' xlink:label='loc_DeferredTaxAndOtherLiabilitiesNoncurrent' xlink:type='locator' />
<link:loc xlink:href='../elts/us-gaap-2016-01-31.xsd#us-gaap_OtherLiabilitiesAndDeferredRevenueNoncurrent' xlink:label='loc_OtherLiabilitiesAndDeferredRevenueNoncurrent' xlink:type='locator' />
<link:loc xlink:href='../elts/us-gaap-2016-01-31.xsd#us-gaap_LitigationReserve' xlink:label='loc_LitigationReserve' xlink:type='locator' />
<link:loc xlink:href='../elts/us-gaap-2016-01-31.xsd#us-gaap_GuarantyLiabilities' xlink:label='loc_GuarantyLiabilities' xlink:type='locator' />
<link:loc xlink:href='../elts/us-gaap-2016-01-31.xsd#us-gaap_LettersOfCreditOutstandingAmount' xlink:label='loc_LettersOfCreditOutstandingAmount' xlink:type='locator' />
<link:loc xlink:href='../elts/us-gaap-2016-01-31.xsd#us-gaap_RestructuringReserve' xlink:label='loc_RestructuringReserve' xlink:type='locator' />
<link:loc xlink:href='../elts/us-gaap-2016-01-31.xsd#us-gaap_OffMarketLeaseUnfavorable' xlink:label='loc_OffMarketLeaseUnfavorable' xlink:type='locator' />
<link:loc xlink:href='../elts/us-gaap-2016-01-31.xsd#us-gaap_FinancialServicesLiabilities' xlink:label='loc_FinancialServicesLiabilities' xlink:type='locator' />
<link:loc xlink:href='../elts/us-gaap-2016-01-31.xsd#us-gaap_MunicipalInvestmentAgreements' xlink:label='loc_MunicipalInvestmentAgreements' xlink:type='locator' />
<link:loc xlink:href='../elts/us-gaap-2016-01-31.xsd#us-gaap_OtherSundryLiabilities' xlink:label='loc_OtherSundryLiabilities' xlink:type='locator' />
<link:loc xlink:href='../elts/us-gaap-2016-01-31.xsd#us-gaap_DefinedBenefitPensionPlanCurrentAndNoncurrentLiabilities' xlink:label='loc_DefinedBenefitPensionPlanCurrentAndNoncurrentLiabilities' xlink:type='locator' />
<link:loc xlink:href='../elts/us-gaap-2016-01-31.xsd#us-gaap_OtherPostretirementDefinedBenefitPlanLiabilitiesCurrentAndNoncurrent' xlink:label='loc_OtherPostretirementDefinedBenefitPlanLiabilitiesCurrentAndNoncurrent' xlink:type='locator' />
<link:loc xlink:href='../elts/us-gaap-2016-01-31.xsd#us-gaap_OtherPostretirementBenefitsPayableCurrentAndNoncurrent' xlink:label='loc_OtherPostretirementBenefitsPayableCurrentAndNoncurrent' xlink:type='locator' />
<link:loc xlink:href='../elts/us-gaap-2016-01-31.xsd#us-gaap_PostemploymentBenefitsLiabilityCurrentAndNoncurrent' xlink:label='loc_PostemploymentBenefitsLiabilityCurrentAndNoncurrent' xlink:type='locator' />
<link:loc xlink:href='../elts/us-gaap-2016-01-31.xsd#us-gaap_PensionAndOtherPostretirementAndPostemploymentBenefitPlansLiabilitiesCurrentAndNoncurrent' xlink:label='loc_PensionAndOtherPostretirementAndPostemploymentBenefitPlansLiabilitiesCurrentAndNoncurrent' xlink:type='locator' />
<link:loc xlink:href='../elts/us-gaap-2016-01-31.xsd#us-gaap_DefinedBenefitPensionPlanLiabilitiesNoncurrent' xlink:label='loc_DefinedBenefitPensionPlanLiabilitiesNoncurrent' xlink:type='locator' />
<link:loc xlink:href='../elts/us-gaap-2016-01-31.xsd#us-gaap_OtherPostretirementDefinedBenefitPlanLiabilitiesNoncurrent' xlink:label='loc_OtherPostretirementDefinedBenefitPlanLiabilitiesNoncurrent' xlink:type='locator' />
<link:loc xlink:href='../elts/us-gaap-2016-01-31.xsd#us-gaap_OtherPostretirementBenefitsPayableNoncurrent' xlink:label='loc_OtherPostretirementBenefitsPayableNoncurrent' xlink:type='locator' />
<link:loc xlink:href='../elts/us-gaap-2016-01-31.xsd#us-gaap_PostemploymentBenefitsLiabilityNoncurrent' xlink:label='loc_PostemploymentBenefitsLiabilityNoncurrent' xlink:type='locator' />
<link:loc xlink:href='../elts/us-gaap-2016-01-31.xsd#us-gaap_PensionAndOtherPostretirementAndPostemploymentBenefitPlansLiabilitiesNoncurrent' xlink:label='loc_PensionAndOtherPostretirementAndPostemploymentBenefitPlansLiabilitiesNoncurrent' xlink:type='locator' />
<link:loc xlink:href='../elts/us-gaap-2016-01-31.xsd#us-gaap_PositionDomain' xlink:label='loc_PositionDomain' xlink:type='locator' />
<link:loc xlink:href='../elts/us-gaap-2016-01-31.xsd#us-gaap_LongMember' xlink:label='loc_LongMember' xlink:type='locator' />
<link:loc xlink:href='../elts/us-gaap-2016-01-31.xsd#us-gaap_ShortMember' xlink:label='loc_ShortMember' xlink:type='locator' />
<link:loc xlink:href='../elts/us-gaap-2016-01-31.xsd#us-gaap_ScheduleOfSharesSubjectToMandatoryRedemptionBySettlementTermsAxis' xlink:label='loc_ScheduleOfSharesSubjectToMandatoryRedemptionBySettlementTermsAxis' xlink:type='locator' />
<link:loc xlink:href='../elts/us-gaap-2016-01-31.xsd#us-gaap_CommonStockSubjectToMandatoryRedemptionMember' xlink:label='loc_CommonStockSubjectToMandatoryRedemptionMember' xlink:type='locator' />
<link:loc xlink:href='../elts/us-gaap-2016-01-31.xsd#us-gaap_DebenturesSubjectToMandatoryRedemptionMember' xlink:label='loc_DebenturesSubjectToMandatoryRedemptionMember' xlink:type='locator' />
<link:loc xlink:href='../elts/us-gaap-2016-01-31.xsd#us-gaap_DerivativesSubjectToMandatoryRedemptionMember' xlink:label='loc_DerivativesSubjectToMandatoryRedemptionMember' xlink:type='locator' />
<link:loc xlink:href='../elts/us-gaap-2016-01-31.xsd#us-gaap_ScheduleOfStockholdersEquityNoteWarrantsOrRightsTextBlock' xlink:label='loc_ScheduleOfStockholdersEquityNoteWarrantsOrRightsTextBlock' xlink:type='locator' />
<link:presentationArc order='10' xlink:arcrole='http://www.xbrl.org/2003/arcrole/parent-child' xlink:from='loc_AcceleratedShareRepurchasesLineItems' xlink:to='loc_AcceleratedShareRepurchasesInitialPricePaidPerShare' xlink:type='arc' />
<link:presentationArc order='20' xlink:arcrole='http://www.xbrl.org/2003/arcrole/parent-child' xlink:from='loc_AcceleratedShareRepurchasesLineItems' xlink:to='loc_AcceleratedShareRepurchasesFinalPricePaidPerShare' xlink:type='arc' />
<link:presentationArc order='30' xlink:arcrole='http://www.xbrl.org/2003/arcrole/parent-child' xlink:from='loc_AcceleratedShareRepurchasesLineItems' xlink:to='loc_AcceleratedShareRepurchasesSettlementPaymentOrReceipt' xlink:type='arc' />
<link:presentationArc order='40' xlink:arcrole='http://www.xbrl.org/2003/arcrole/parent-child' xlink:from='loc_AcceleratedShareRepurchasesLineItems' xlink:to='loc_AcceleratedShareRepurchasesAdjustmentToRecordedAmount' xlink:type='arc' />
<link:presentationArc order='50' xlink:arcrole='http://www.xbrl.org/2003/arcrole/parent-child' xlink:from='loc_AcceleratedShareRepurchasesLineItems' xlink:to='loc_AcceleratedShareRepurchasesCashOrStockSettlement' xlink:type='arc' />
<link:presentationArc order='10' xlink:arcrole='http://www.xbrl.org/2003/arcrole/parent-child' xlink:from='loc_AcceleratedShareRepurchasesTable' xlink:to='loc_AcceleratedShareRepurchasesDateAxis' xlink:type='arc' />
<link:presentationArc order='20' xlink:arcrole='http://www.xbrl.org/2003/arcrole/parent-child' xlink:from='loc_AcceleratedShareRepurchasesTable' xlink:to='loc_AcceleratedShareRepurchasesLineItems' xlink:type='arc' />
<link:presentationArc order='10' xlink:arcrole='http://www.xbrl.org/2003/arcrole/parent-child' xlink:from='loc_AcceleratedShareRepurchasesDateAxis' xlink:to='loc_AcceleratedShareRepurchasesDateDomain' xlink:type='arc' />
<link:presentationArc order='10' xlink:arcrole='http://www.xbrl.org/2003/arcrole/parent-child' xlink:from='loc_AdditionalOtherLiabilitiesDisclosureAbstract' xlink:to='loc_DeferredCreditsAndOtherLiabilitiesAbstract' xlink:type='arc' />
<link:presentationArc order='10' preferredLabel='http://www.xbrl.org/2003/role/periodStartLabel' xlink:arcrole='http://www.xbrl.org/2003/arcrole/parent-child' xlink:from='loc_BelowMarketLeaseRollForward' xlink:to='loc_BelowMarketLeaseNet' xlink:type='arc' />
<link:presentationArc order='20' xlink:arcrole='http://www.xbrl.org/2003/arcrole/parent-child' xlink:from='loc_BelowMarketLeaseRollForward' xlink:to='loc_BelowMarketLeaseAcquired' xlink:type='arc' />
<link:presentationArc order='30' xlink:arcrole='http://www.xbrl.org/2003/arcrole/parent-child' xlink:from='loc_BelowMarketLeaseRollForward' xlink:to='loc_AmortizationOfBelowMarketLease' xlink:type='arc' />
<link:presentationArc order='40' preferredLabel='http://www.xbrl.org/2003/role/totalLabel' xlink:arcrole='http://www.xbrl.org/2003/arcrole/parent-child' xlink:from='loc_BelowMarketLeaseRollForward' xlink:to='loc_BelowMarketLeasePeriodIncreaseDecrease' xlink:type='arc' />
<link:presentationArc order='50' preferredLabel='http://www.xbrl.org/2003/role/periodEndLabel' xlink:arcrole='http://www.xbrl.org/2003/arcrole/parent-child' xlink:from='loc_BelowMarketLeaseRollForward' xlink:to='loc_BelowMarketLeaseNet_1' xlink:type='arc' />
<link:presentationArc order='10' xlink:arcrole='http://www.xbrl.org/2003/arcrole/parent-child' xlink:from='loc_BelowMarketLeaseAbstract' xlink:to='loc_BelowMarketLeaseRollForward' xlink:type='arc' />
<link:presentationArc order='20' xlink:arcrole='http://www.xbrl.org/2003/arcrole/parent-child' xlink:from='loc_BelowMarketLeaseAbstract' xlink:to='loc_BelowMarketLeaseNetAbstract' xlink:type='arc' />
<link:presentationArc order='30' xlink:arcrole='http://www.xbrl.org/2003/arcrole/parent-child' xlink:from='loc_BelowMarketLeaseAbstract' xlink:to='loc_BelowMarketLeaseAmortizationIncomeMaturityScheduleAbstract' xlink:type='arc' />
<link:presentationArc order='10' xlink:arcrole='http://www.xbrl.org/2003/arcrole/parent-child' xlink:from='loc_BelowMarketLeaseAmortizationIncomeMaturityScheduleAbstract' xlink:to='loc_BelowMarketLeaseFutureAmortizationIncomeTableTextBlock' xlink:type='arc' />
<link:presentationArc order='20' xlink:arcrole='http://www.xbrl.org/2003/arcrole/parent-child' xlink:from='loc_BelowMarketLeaseAmortizationIncomeMaturityScheduleAbstract' xlink:to='loc_BelowMarketLeaseNetAmortizationIncomeFiscalYearMaturityAbstract' xlink:type='arc' />
<link:presentationArc order='30' xlink:arcrole='http://www.xbrl.org/2003/arcrole/parent-child' xlink:from='loc_BelowMarketLeaseAmortizationIncomeMaturityScheduleAbstract' xlink:to='loc_BelowMarketLeaseAmortizationIncomeRemainderOfFiscalYear' xlink:type='arc' />
<link:presentationArc order='40' xlink:arcrole='http://www.xbrl.org/2003/arcrole/parent-child' xlink:from='loc_BelowMarketLeaseAmortizationIncomeMaturityScheduleAbstract' xlink:to='loc_BelowMarketLeaseNetAmortizationIncomeRollingMaturityAbstract' xlink:type='arc' />
<link:presentationArc order='10' xlink:arcrole='http://www.xbrl.org/2003/arcrole/parent-child' xlink:from='loc_BelowMarketLeaseNetAbstract' xlink:to='loc_BelowMarketLeaseGross' xlink:type='arc' />
<link:presentationArc order='20' xlink:arcrole='http://www.xbrl.org/2003/arcrole/parent-child' xlink:from='loc_BelowMarketLeaseNetAbstract' xlink:to='loc_BelowMarketLeaseAccumulatedAmortization' xlink:type='arc' />
<link:presentationArc order='30' preferredLabel='http://www.xbrl.org/2003/role/totalLabel' xlink:arcrole='http://www.xbrl.org/2003/arcrole/parent-child' xlink:from='loc_BelowMarketLeaseNetAbstract' xlink:to='loc_BelowMarketLeaseNet' xlink:type='arc' />
<link:presentationArc order='10' xlink:arcrole='http://www.xbrl.org/2003/arcrole/parent-child' xlink:from='loc_BelowMarketLeaseNetAmortizationIncomeFiscalYearMaturityAbstract' xlink:to='loc_BelowMarketLeaseAmortizationIncomeNextTwelveMonths' xlink:type='arc' />
<link:presentationArc order='20' xlink:arcrole='http://www.xbrl.org/2003/arcrole/parent-child' xlink:from='loc_BelowMarketLeaseNetAmortizationIncomeFiscalYearMaturityAbstract' xlink:to='loc_BelowMarketLeaseAmortizationIncomeYearTwo' xlink:type='arc' />
<link:presentationArc order='30' xlink:arcrole='http://www.xbrl.org/2003/arcrole/parent-child' xlink:from='loc_BelowMarketLeaseNetAmortizationIncomeFiscalYearMaturityAbstract' xlink:to='loc_BelowMarketLeaseAmortizationIncomeYearThree' xlink:type='arc' />
<link:presentationArc order='40' xlink:arcrole='http://www.xbrl.org/2003/arcrole/parent-child' xlink:from='loc_BelowMarketLeaseNetAmortizationIncomeFiscalYearMaturityAbstract' xlink:to='loc_BelowMarketLeaseAmortizationIncomeYearFour' xlink:type='arc' />
<link:presentationArc order='50' xlink:arcrole='http://www.xbrl.org/2003/arcrole/parent-child' xlink:from='loc_BelowMarketLeaseNetAmortizationIncomeFiscalYearMaturityAbstract' xlink:to='loc_BelowMarketLeaseAmortizationIncomeYearFive' xlink:type='arc' />
<link:presentationArc order='60' xlink:arcrole='http://www.xbrl.org/2003/arcrole/parent-child' xlink:from='loc_BelowMarketLeaseNetAmortizationIncomeFiscalYearMaturityAbstract' xlink:to='loc_BelowMarketLeaseAmortizationIncomeAfterYearFive' xlink:type='arc' />
<link:presentationArc order='70' preferredLabel='http://www.xbrl.org/2003/role/totalLabel' xlink:arcrole='http://www.xbrl.org/2003/arcrole/parent-child' xlink:from='loc_BelowMarketLeaseNetAmortizationIncomeFiscalYearMaturityAbstract' xlink:to='loc_BelowMarketLeaseNet' xlink:type='arc' />
<link:presentationArc order='10' xlink:arcrole='http://www.xbrl.org/2003/arcrole/parent-child' xlink:from='loc_BelowMarketLeaseNetAmortizationIncomeRollingMaturityAbstract' xlink:to='loc_BelowMarketLeaseAmortizationIncomeNextRollingTwelveMonths' xlink:type='arc' />
<link:presentationArc order='20' xlink:arcrole='http://www.xbrl.org/2003/arcrole/parent-child' xlink:from='loc_BelowMarketLeaseNetAmortizationIncomeRollingMaturityAbstract' xlink:to='loc_BelowMarketLeaseAmortizationIncomeRollingYearTwo' xlink:type='arc' />
<link:presentationArc order='30' xlink:arcrole='http://www.xbrl.org/2003/arcrole/parent-child' xlink:from='loc_BelowMarketLeaseNetAmortizationIncomeRollingMaturityAbstract' xlink:to='loc_BelowMarketLeaseAmortizationIncomeRollingYearThree' xlink:type='arc' />
<link:presentationArc order='40' xlink:arcrole='http://www.xbrl.org/2003/arcrole/parent-child' xlink:from='loc_BelowMarketLeaseNetAmortizationIncomeRollingMaturityAbstract' xlink:to='loc_BelowMarketLeaseAmortizationIncomeRollingYearFour' xlink:type='arc' />
<link:presentationArc order='50' xlink:arcrole='http://www.xbrl.org/2003/arcrole/parent-child' xlink:from='loc_BelowMarketLeaseNetAmortizationIncomeRollingMaturityAbstract' xlink:to='loc_BelowMarketLeaseAmortizationIncomeRollingYearFive' xlink:type='arc' />
<link:presentationArc order='60' xlink:arcrole='http://www.xbrl.org/2003/arcrole/parent-child' xlink:from='loc_BelowMarketLeaseNetAmortizationIncomeRollingMaturityAbstract' xlink:to='loc_BelowMarketLeaseAmortizationIncomeRollingAfterYearFive' xlink:type='arc' />
<link:presentationArc order='70' preferredLabel='http://www.xbrl.org/2003/role/totalLabel' xlink:arcrole='http://www.xbrl.org/2003/arcrole/parent-child' xlink:from='loc_BelowMarketLeaseNetAmortizationIncomeRollingMaturityAbstract' xlink:to='loc_BelowMarketLeaseNet' xlink:type='arc' />
<link:presentationArc order='10' xlink:arcrole='http://www.xbrl.org/2003/arcrole/parent-child' xlink:from='loc_ClassOfWarrantOrRightAxis' xlink:to='loc_ClassOfWarrantOrRightDomain' xlink:type='arc' />
<link:presentationArc order='10' xlink:arcrole='http://www.xbrl.org/2003/arcrole/parent-child' xlink:from='loc_ClassOfWarrantOrRightLineItems' xlink:to='loc_ClassOfWarrantOrRightTitleOfSecurityWarrantsOrRightsOutstanding' xlink:type='arc' />
<link:presentationArc order='20' xlink:arcrole='http://www.xbrl.org/2003/arcrole/parent-child' xlink:from='loc_ClassOfWarrantOrRightLineItems' xlink:to='loc_ClassOfWarrantOrRighstDateFromWhichWarrantsOrRightsExercisable' xlink:type='arc' />
<link:presentationArc order='30' xlink:arcrole='http://www.xbrl.org/2003/arcrole/parent-child' xlink:from='loc_ClassOfWarrantOrRightLineItems' xlink:to='loc_ClassOfWarrantOrRightNumberOfSecuritiesCalledByWarrantsOrRights' xlink:type='arc' />
<link:presentationArc order='40' xlink:arcrole='http://www.xbrl.org/2003/arcrole/parent-child' xlink:from='loc_ClassOfWarrantOrRightLineItems' xlink:to='loc_ClassOfWarrantOrRightNumberOfSecuritiesCalledByEachWarrantOrRight' xlink:type='arc' />
<link:presentationArc order='50' xlink:arcrole='http://www.xbrl.org/2003/arcrole/parent-child' xlink:from='loc_ClassOfWarrantOrRightLineItems' xlink:to='loc_ClassOfWarrantOrRightExercisePriceOfWarrantsOrRights1' xlink:type='arc' />
<link:presentationArc order='60' xlink:arcrole='http://www.xbrl.org/2003/arcrole/parent-child' xlink:from='loc_ClassOfWarrantOrRightLineItems' xlink:to='loc_ClassOfWarrantOrRightExpenseOrRevenueRecognized' xlink:type='arc' />
<link:presentationArc order='70' xlink:arcrole='http://www.xbrl.org/2003/arcrole/parent-child' xlink:from='loc_ClassOfWarrantOrRightLineItems' xlink:to='loc_ClassOfWarrantOrRightReasonForIssuingToNonemployees' xlink:type='arc' />
<link:presentationArc order='80' xlink:arcrole='http://www.xbrl.org/2003/arcrole/parent-child' xlink:from='loc_ClassOfWarrantOrRightLineItems' xlink:to='loc_ClassOfWarrantOrRightUnissued' xlink:type='arc' />
<link:presentationArc order='90' xlink:arcrole='http://www.xbrl.org/2003/arcrole/parent-child' xlink:from='loc_ClassOfWarrantOrRightLineItems' xlink:to='loc_ClassOfWarrantOrRightOutstanding' xlink:type='arc' />
<link:presentationArc order='100' xlink:arcrole='http://www.xbrl.org/2003/arcrole/parent-child' xlink:from='loc_ClassOfWarrantOrRightLineItems' xlink:to='loc_WarrantsAndRightsOutstanding' xlink:type='arc' />
<link:presentationArc order='10' xlink:arcrole='http://www.xbrl.org/2003/arcrole/parent-child' xlink:from='loc_ClassOfWarrantOrRightTable' xlink:to='loc_ClassOfWarrantOrRightAxis' xlink:type='arc' />
<link:presentationArc order='20' xlink:arcrole='http://www.xbrl.org/2003/arcrole/parent-child' xlink:from='loc_ClassOfWarrantOrRightTable' xlink:to='loc_ClassOfWarrantOrRightLineItems' xlink:type='arc' />
<link:presentationArc order='10' xlink:arcrole='http://www.xbrl.org/2003/arcrole/parent-child' xlink:from='loc_CustomerAdvancesAndDepositsCurrentAbstract' xlink:to='loc_CustomerAdvancesCurrent' xlink:type='arc' />
<link:presentationArc order='20' xlink:arcrole='http://www.xbrl.org/2003/arcrole/parent-child' xlink:from='loc_CustomerAdvancesAndDepositsCurrentAbstract' xlink:to='loc_CustomerDepositsCurrent' xlink:type='arc' />
<link:presentationArc order='30' preferredLabel='http://www.xbrl.org/2003/role/totalLabel' xlink:arcrole='http://www.xbrl.org/2003/arcrole/parent-child' xlink:from='loc_CustomerAdvancesAndDepositsCurrentAbstract' xlink:to='loc_CustomerAdvancesAndDepositsCurrent' xlink:type='arc' />
<link:presentationArc order='10' xlink:arcrole='http://www.xbrl.org/2003/arcrole/parent-child' xlink:from='loc_DeferredCreditsAndOtherLiabilitiesAbstract' xlink:to='loc_DeferredCreditsAndOtherLiabilitiesCurrent' xlink:type='arc' />
<link:presentationArc order='20' xlink:arcrole='http://www.xbrl.org/2003/arcrole/parent-child' xlink:from='loc_DeferredCreditsAndOtherLiabilitiesAbstract' xlink:to='loc_DeferredCreditsAndOtherLiabilitiesNoncurrent' xlink:type='arc' />
<link:presentationArc order='30' xlink:arcrole='http://www.xbrl.org/2003/arcrole/parent-child' xlink:from='loc_DeferredCreditsAndOtherLiabilitiesAbstract' xlink:to='loc_DeferredCreditsAndOtherLiabilities' xlink:type='arc' />
<link:presentationArc order='10' xlink:arcrole='http://www.xbrl.org/2003/arcrole/parent-child' xlink:from='loc_DeferredIncomeTaxesAndOtherLiabilitiesAbstract' xlink:to='loc_DeferredIncomeTaxesAndOtherTaxLiabilitiesNoncurrent' xlink:type='arc' />
<link:presentationArc order='20' xlink:arcrole='http://www.xbrl.org/2003/arcrole/parent-child' xlink:from='loc_DeferredIncomeTaxesAndOtherLiabilitiesAbstract' xlink:to='loc_DeferredIncomeTaxesAndOtherLiabilitiesNoncurrent' xlink:type='arc' />
<link:presentationArc order='10' xlink:arcrole='http://www.xbrl.org/2003/arcrole/parent-child' xlink:from='loc_DeferredRevenueAndCreditsAbstract' xlink:to='loc_DeferredRevenue' xlink:type='arc' />
<link:presentationArc order='20' xlink:arcrole='http://www.xbrl.org/2003/arcrole/parent-child' xlink:from='loc_DeferredRevenueAndCreditsAbstract' xlink:to='loc_DeferredRevenueLeasesNet' xlink:type='arc' />
<link:presentationArc order='30' xlink:arcrole='http://www.xbrl.org/2003/arcrole/parent-child' xlink:from='loc_DeferredRevenueAndCreditsAbstract' xlink:to='loc_DeferredGainOnSaleOfProperty' xlink:type='arc' />
<link:presentationArc order='40' xlink:arcrole='http://www.xbrl.org/2003/arcrole/parent-child' xlink:from='loc_DeferredRevenueAndCreditsAbstract' xlink:to='loc_DeferredRentCredit' xlink:type='arc' />
<link:presentationArc order='50' xlink:arcrole='http://www.xbrl.org/2003/arcrole/parent-child' xlink:from='loc_DeferredRevenueAndCreditsAbstract' xlink:to='loc_IncentiveFromLessor' xlink:type='arc' />
<link:presentationArc order='60' xlink:arcrole='http://www.xbrl.org/2003/arcrole/parent-child' xlink:from='loc_DeferredRevenueAndCreditsAbstract' xlink:to='loc_AdvanceRent' xlink:type='arc' />
<link:presentationArc order='70' xlink:arcrole='http://www.xbrl.org/2003/arcrole/parent-child' xlink:from='loc_DeferredRevenueAndCreditsAbstract' xlink:to='loc_DeferredLeasingCommissions' xlink:type='arc' />
<link:presentationArc order='80' xlink:arcrole='http://www.xbrl.org/2003/arcrole/parent-child' xlink:from='loc_DeferredRevenueAndCreditsAbstract' xlink:to='loc_DeferredLongTermLiabilityCharges' xlink:type='arc' />
<link:presentationArc order='90' preferredLabel='http://www.xbrl.org/2003/role/totalLabel' xlink:arcrole='http://www.xbrl.org/2003/arcrole/parent-child' xlink:from='loc_DeferredRevenueAndCreditsAbstract' xlink:to='loc_DeferredRevenueAndCredits' xlink:type='arc' />
<link:presentationArc order='10' xlink:arcrole='http://www.xbrl.org/2003/arcrole/parent-child' xlink:from='loc_DerivativeFinancialInstrumentsIndexedToAndPotentiallySettledInEntitysOwnStockAbstract' xlink:to='loc_OptionIndexedToIssuersEquityDescriptionTextBlock' xlink:type='arc' />
<link:presentationArc order='10' xlink:arcrole='http://www.xbrl.org/2003/arcrole/parent-child' xlink:from='loc_OptionIndexedToIssuersEquityDescriptionTextBlock' xlink:to='loc_ScheduleOfOptionsIndexedToIssuersEquityTextBlock' xlink:type='arc' />
<link:presentationArc order='10' xlink:arcrole='http://www.xbrl.org/2003/arcrole/parent-child' xlink:from='loc_ScheduleOfOptionsIndexedToIssuersEquityTextBlock' xlink:to='loc_OptionIndexedToIssuersEquityTable' xlink:type='arc' />
<link:presentationArc order='20' xlink:arcrole='http://www.xbrl.org/2003/arcrole/parent-child' xlink:from='loc_DerivativeFinancialInstrumentsIndexedToAndPotentiallySettledInEntitysOwnStockAbstract' xlink:to='loc_ScheduleOfForwardContractsIndexedToIssuersEquityTextBlock' xlink:type='arc' />
<link:presentationArc order='10' xlink:arcrole='http://www.xbrl.org/2003/arcrole/parent-child' xlink:from='loc_ScheduleOfForwardContractsIndexedToIssuersEquityTextBlock' xlink:to='loc_ForwardContractIndexedToIssuersEquityTable' xlink:type='arc' />
<link:presentationArc order='10' xlink:arcrole='http://www.xbrl.org/2003/arcrole/parent-child' xlink:from='loc_SharesSubjectToMandatoryRedemptionBySettlementTermsLineItems' xlink:to='loc_SharesSubjectToMandatoryRedemptionSettlementTermsDescription' xlink:type='arc' />
<link:presentationArc order='20' xlink:arcrole='http://www.xbrl.org/2003/arcrole/parent-child' xlink:from='loc_SharesSubjectToMandatoryRedemptionBySettlementTermsLineItems' xlink:to='loc_SharesSubjectToMandatoryRedemptionSettlementTermsAmountAbstract' xlink:type='arc' />
<link:presentationArc order='30' use='optional' xlink:arcrole='http://www.xbrl.org/2003/arcrole/parent-child' xlink:from='loc_SharesSubjectToMandatoryRedemptionBySettlementTermsLineItems' xlink:to='loc_SharesSubjectToMandatoryRedemptionSettlementTermsNumberOfShares' xlink:type='arc' />
<link:presentationArc order='40' use='optional' xlink:arcrole='http://www.xbrl.org/2003/arcrole/parent-child' xlink:from='loc_SharesSubjectToMandatoryRedemptionBySettlementTermsLineItems' xlink:to='loc_SharesSubjectToMandatoryRedemptionSettlementTermsFairValueOfShares' xlink:type='arc' />
<link:presentationArc order='50' use='optional' xlink:arcrole='http://www.xbrl.org/2003/arcrole/parent-child' xlink:from='loc_SharesSubjectToMandatoryRedemptionBySettlementTermsLineItems' xlink:to='loc_SharesSubjectToMandatoryRedemptionSettlementTermsImpactOfChangesInFairValueOfSharesOnAmount' xlink:type='arc' />
<link:presentationArc order='60' xlink:arcrole='http://www.xbrl.org/2003/arcrole/parent-child' xlink:from='loc_SharesSubjectToMandatoryRedemptionBySettlementTermsLineItems' xlink:to='loc_FinancialInstrumentsSubjectToMandatoryRedemptionSettlementTermsImpactOfChangesInFairValueOfSharesOnNumberOfShares' xlink:type='arc' />
<link:presentationArc order='70' use='optional' xlink:arcrole='http://www.xbrl.org/2003/arcrole/parent-child' xlink:from='loc_SharesSubjectToMandatoryRedemptionBySettlementTermsLineItems' xlink:to='loc_SharesSubjectToMandatoryRedemptionSettlementTermsMaximumAmount' xlink:type='arc' />
<link:presentationArc order='80' use='optional' xlink:arcrole='http://www.xbrl.org/2003/arcrole/parent-child' xlink:from='loc_SharesSubjectToMandatoryRedemptionBySettlementTermsLineItems' xlink:to='loc_SharesSubjectToMandatoryRedemptionSettlementTermsMaximumNumberOfShares' xlink:type='arc' />
<link:presentationArc order='90' use='optional' xlink:arcrole='http://www.xbrl.org/2003/arcrole/parent-child' xlink:from='loc_SharesSubjectToMandatoryRedemptionBySettlementTermsLineItems' xlink:to='loc_SharesSubjectToMandatoryRedemptionSettlementTermsContractLimit' xlink:type='arc' />
<link:presentationArc order='100' use='optional' xlink:arcrole='http://www.xbrl.org/2003/arcrole/parent-child' xlink:from='loc_SharesSubjectToMandatoryRedemptionBySettlementTermsLineItems' xlink:to='loc_SharesSubjectToMandatoryRedemptionSettlementTermsNumberOfSharesIndexed' xlink:type='arc' />
<link:presentationArc order='110' xlink:arcrole='http://www.xbrl.org/2003/arcrole/parent-child' xlink:from='loc_SharesSubjectToMandatoryRedemptionBySettlementTermsLineItems' xlink:to='loc_FinancialInstrumentsSubjectToMandatoryRedemptionSettlementTermsForwardPriceOrOptionStrikePriceSharesSettlementDate' xlink:type='arc' />
<link:presentationArc order='120' xlink:arcrole='http://www.xbrl.org/2003/arcrole/parent-child' xlink:from='loc_SharesSubjectToMandatoryRedemptionBySettlementTermsLineItems' xlink:to='loc_SharesSubjectToMandatoryRedemptionSettlementTermsReasonForUncertainRedemption' xlink:type='arc' />
<link:presentationArc order='130' xlink:arcrole='http://www.xbrl.org/2003/arcrole/parent-child' xlink:from='loc_SharesSubjectToMandatoryRedemptionBySettlementTermsLineItems' xlink:to='loc_SharesSubjectToMandatoryRedemptionSettlementTermsExcessOfLiabilitiesOverAssets' xlink:type='arc' />
<link:presentationArc order='140' xlink:arcrole='http://www.xbrl.org/2003/arcrole/parent-child' xlink:from='loc_SharesSubjectToMandatoryRedemptionBySettlementTermsLineItems' xlink:to='loc_SharesSubjectToMandatoryRedemptionSettlementTermsExcessOfAssetsOverLiabilities' xlink:type='arc' />
<link:presentationArc order='10' xlink:arcrole='http://www.xbrl.org/2003/arcrole/parent-child' xlink:from='loc_SharesSubjectToMandatoryRedemptionFinancialInstrumentDomain' xlink:to='loc_SecuritiesSubjectToMandatoryRedemptionMember' xlink:type='arc' />
<link:presentationArc order='20' xlink:arcrole='http://www.xbrl.org/2003/arcrole/parent-child' xlink:from='loc_SharesSubjectToMandatoryRedemptionFinancialInstrumentDomain' xlink:to='loc_SubordinatedDebenturesSubjectToMandatoryRedemptionMember' xlink:type='arc' />
<link:presentationArc order='30' xlink:arcrole='http://www.xbrl.org/2003/arcrole/parent-child' xlink:from='loc_SharesSubjectToMandatoryRedemptionFinancialInstrumentDomain' xlink:to='loc_WarrantsAndRightsSubjectToMandatoryRedemptionMember' xlink:type='arc' />
<link:presentationArc order='40' xlink:arcrole='http://www.xbrl.org/2003/arcrole/parent-child' xlink:from='loc_SharesSubjectToMandatoryRedemptionFinancialInstrumentDomain' xlink:to='loc_TrustPreferredSecuritiesSubjectToMandatoryRedemptionMember' xlink:type='arc' />
<link:presentationArc order='10' xlink:arcrole='http://www.xbrl.org/2003/arcrole/parent-child' xlink:from='loc_SharesSubjectToMandatoryRedemptionSettlementTermsAmountAbstract' xlink:to='loc_SharesSubjectToMandatoryRedemptionSettlementTermsAmountCurrent' xlink:type='arc' />
<link:presentationArc order='20' xlink:arcrole='http://www.xbrl.org/2003/arcrole/parent-child' xlink:from='loc_SharesSubjectToMandatoryRedemptionSettlementTermsAmountAbstract' xlink:to='loc_SharesSubjectToMandatoryRedemptionSettlementTermsAmountNoncurrent' xlink:type='arc' />
<link:presentationArc order='30' preferredLabel='http://www.xbrl.org/2003/role/totalLabel' xlink:arcrole='http://www.xbrl.org/2003/arcrole/parent-child' xlink:from='loc_SharesSubjectToMandatoryRedemptionSettlementTermsAmountAbstract' xlink:to='loc_SharesSubjectToMandatoryRedemptionSettlementTermsAmount' xlink:type='arc' />
<link:presentationArc order='10' xlink:arcrole='http://www.xbrl.org/2003/arcrole/parent-child' xlink:from='loc_ForwardContractIndexedToIssuersEquityLineItems' xlink:to='loc_ForwardContractIndexedToIssuersEquityForwardRate' xlink:type='arc' />
<link:presentationArc order='20' xlink:arcrole='http://www.xbrl.org/2003/arcrole/parent-child' xlink:from='loc_ForwardContractIndexedToIssuersEquityLineItems' xlink:to='loc_ForwardContractIndexedToIssuersEquityShares' xlink:type='arc' />
<link:presentationArc order='30' xlink:arcrole='http://www.xbrl.org/2003/arcrole/parent-child' xlink:from='loc_ForwardContractIndexedToIssuersEquityLineItems' xlink:to='loc_ForwardContractIndexedToIssuersEquityIndexedShares' xlink:type='arc' />
<link:presentationArc order='40' xlink:arcrole='http://www.xbrl.org/2003/arcrole/parent-child' xlink:from='loc_ForwardContractIndexedToIssuersEquityLineItems' xlink:to='loc_ForwardContractIndexedToIssuersEquitySettlementDateOrDates' xlink:type='arc' />
<link:presentationArc order='50' xlink:arcrole='http://www.xbrl.org/2003/arcrole/parent-child' xlink:from='loc_ForwardContractIndexedToIssuersEquityLineItems' xlink:to='loc_ForwardContractIndexedToIssuersEquityClassification' xlink:type='arc' />
<link:presentationArc order='60' xlink:arcrole='http://www.xbrl.org/2003/arcrole/parent-child' xlink:from='loc_ForwardContractIndexedToIssuersEquityLineItems' xlink:to='loc_ForwardContractIndexedToIssuersEquitySettlementAlternatives' xlink:type='arc' />
<link:presentationArc order='70' xlink:arcrole='http://www.xbrl.org/2003/arcrole/parent-child' xlink:from='loc_ForwardContractIndexedToIssuersEquityLineItems' xlink:to='loc_ForwardContractIndexedToIssuersEquitySettlementAlternativesCashAtFairValue' xlink:type='arc' />
<link:presentationArc order='80' xlink:arcrole='http://www.xbrl.org/2003/arcrole/parent-child' xlink:from='loc_ForwardContractIndexedToIssuersEquityLineItems' xlink:to='loc_ForwardContractIndexedToIssuersEquitySettlementAlternativesSharesAtFairValue' xlink:type='arc' />
<link:presentationArc order='90' xlink:arcrole='http://www.xbrl.org/2003/arcrole/parent-child' xlink:from='loc_ForwardContractIndexedToIssuersEquityLineItems' xlink:to='loc_ForwardContractIndexedToIssuersEquityContractReclassification' xlink:type='arc' />
<link:presentationArc order='10' xlink:arcrole='http://www.xbrl.org/2003/arcrole/parent-child' xlink:from='loc_ForwardContractIndexedToIssuersEquityTable' xlink:to='loc_ForwardContractIndexedToIssuersEquityTypeAxis' xlink:type='arc' />
<link:presentationArc order='20' xlink:arcrole='http://www.xbrl.org/2003/arcrole/parent-child' xlink:from='loc_ForwardContractIndexedToIssuersEquityTable' xlink:to='loc_ForwardContractIndexedToIssuersEquityLineItems' xlink:type='arc' />
<link:presentationArc order='10' xlink:arcrole='http://www.xbrl.org/2003/arcrole/parent-child' xlink:from='loc_ForwardContractIndexedToIssuersEquityTypeAxis' xlink:to='loc_ForwardContractIndexedToIssuersEquityTypeDomain' xlink:type='arc' />
<link:presentationArc order='10' xlink:arcrole='http://www.xbrl.org/2003/arcrole/parent-child' xlink:from='loc_MandatorilyRedeemablePreferredStockMember' xlink:to='loc_ConvertiblePreferredStockSubjectToMandatoryRedemptionMember' xlink:type='arc' />
<link:presentationArc order='20' xlink:arcrole='http://www.xbrl.org/2003/arcrole/parent-child' xlink:from='loc_MandatorilyRedeemablePreferredStockMember' xlink:to='loc_CumulativePreferredStockSubjectToMandatoryRedemptionMember' xlink:type='arc' />
<link:presentationArc order='30' xlink:arcrole='http://www.xbrl.org/2003/arcrole/parent-child' xlink:from='loc_MandatorilyRedeemablePreferredStockMember' xlink:to='loc_NoncumulativePreferredStockSubjectToMandatoryRedemptionMember' xlink:type='arc' />
<link:presentationArc order='40' xlink:arcrole='http://www.xbrl.org/2003/arcrole/parent-child' xlink:from='loc_MandatorilyRedeemablePreferredStockMember' xlink:to='loc_ParticipatingPreferredStockSubjectToMandatoryRedemptionMember' xlink:type='arc' />
<link:presentationArc order='10' xlink:arcrole='http://www.xbrl.org/2003/arcrole/parent-child' xlink:from='loc_OptionIndexedToIssuersEquityLineItems' xlink:to='loc_OptionIndexedToIssuersEquityStrikePrice1' xlink:type='arc' />
<link:presentationArc order='20' xlink:arcrole='http://www.xbrl.org/2003/arcrole/parent-child' xlink:from='loc_OptionIndexedToIssuersEquityLineItems' xlink:to='loc_OptionIndexedToIssuersEquityShares' xlink:type='arc' />
<link:presentationArc order='30' xlink:arcrole='http://www.xbrl.org/2003/arcrole/parent-child' xlink:from='loc_OptionIndexedToIssuersEquityLineItems' xlink:to='loc_OptionIndexedToIssuersEquityIndexedShares' xlink:type='arc' />
<link:presentationArc order='40' xlink:arcrole='http://www.xbrl.org/2003/arcrole/parent-child' xlink:from='loc_OptionIndexedToIssuersEquityLineItems' xlink:to='loc_OptionIndexedToIssuersEquitySettlementDateOrDates' xlink:type='arc' />
<link:presentationArc order='50' xlink:arcrole='http://www.xbrl.org/2003/arcrole/parent-child' xlink:from='loc_OptionIndexedToIssuersEquityLineItems' xlink:to='loc_OptionIndexedToIssuersEquityClassification' xlink:type='arc' />
<link:presentationArc order='60' xlink:arcrole='http://www.xbrl.org/2003/arcrole/parent-child' xlink:from='loc_OptionIndexedToIssuersEquityLineItems' xlink:to='loc_OptionIndexedToIssuersEquitySettlementAlternatives' xlink:type='arc' />
<link:presentationArc order='70' xlink:arcrole='http://www.xbrl.org/2003/arcrole/parent-child' xlink:from='loc_OptionIndexedToIssuersEquityLineItems' xlink:to='loc_OptionIndexedToIssuersEquitySettlementAlternativesCashAtFairValue' xlink:type='arc' />
<link:presentationArc order='80' xlink:arcrole='http://www.xbrl.org/2003/arcrole/parent-child' xlink:from='loc_OptionIndexedToIssuersEquityLineItems' xlink:to='loc_OptionIndexedToIssuersEquitySettlementAlternativesSharesAtFairValue' xlink:type='arc' />
<link:presentationArc order='90' xlink:arcrole='http://www.xbrl.org/2003/arcrole/parent-child' xlink:from='loc_OptionIndexedToIssuersEquityLineItems' xlink:to='loc_OptionIndexedToIssuersEquityContractReclassification' xlink:type='arc' />
<link:presentationArc order='100' xlink:arcrole='http://www.xbrl.org/2003/arcrole/parent-child' xlink:from='loc_OptionIndexedToIssuersEquityLineItems' xlink:to='loc_OptionIndexedToIssuersEquityRedeemableStockRedemptionRequirementsAmount1' xlink:type='arc' />
<link:presentationArc order='10' xlink:arcrole='http://www.xbrl.org/2003/arcrole/parent-child' xlink:from='loc_OptionIndexedToIssuersEquityTable' xlink:to='loc_OptionIndexedToIssuersEquityTypeAxis' xlink:type='arc' />
<link:presentationArc order='20' xlink:arcrole='http://www.xbrl.org/2003/arcrole/parent-child' xlink:from='loc_OptionIndexedToIssuersEquityTable' xlink:to='loc_PositionAxis' xlink:type='arc' />
<link:presentationArc order='30' xlink:arcrole='http://www.xbrl.org/2003/arcrole/parent-child' xlink:from='loc_OptionIndexedToIssuersEquityTable' xlink:to='loc_OptionIndexedToIssuersEquityLineItems' xlink:type='arc' />
<link:presentationArc order='10' xlink:arcrole='http://www.xbrl.org/2003/arcrole/parent-child' xlink:from='loc_OptionIndexedToIssuersEquityTypeAxis' xlink:to='loc_OptionIndexedToIssuersEquityTypeDomain' xlink:type='arc' />
<link:presentationArc order='10' xlink:arcrole='http://www.xbrl.org/2003/arcrole/parent-child' xlink:from='loc_OptionIndexedToIssuersEquityTypeDomain' xlink:to='loc_CallOptionMember' xlink:type='arc' />
<link:presentationArc order='20' xlink:arcrole='http://www.xbrl.org/2003/arcrole/parent-child' xlink:from='loc_OptionIndexedToIssuersEquityTypeDomain' xlink:to='loc_PutOptionMember' xlink:type='arc' />
<link:presentationArc order='30' xlink:arcrole='http://www.xbrl.org/2003/arcrole/parent-child' xlink:from='loc_OptionIndexedToIssuersEquityTypeDomain' xlink:to='loc_ExchangeTradedOptionsMember' xlink:type='arc' />
<link:presentationArc order='40' xlink:arcrole='http://www.xbrl.org/2003/arcrole/parent-child' xlink:from='loc_OptionIndexedToIssuersEquityTypeDomain' xlink:to='loc_EmployeeStockOptionMember' xlink:type='arc' />
<link:presentationArc order='10' xlink:arcrole='http://www.xbrl.org/2003/arcrole/parent-child' xlink:from='loc_OtherLiabilitiesDisclosureAbstract' xlink:to='loc_AcceleratedShareRepurchasesTextBlock' xlink:type='arc' />
<link:presentationArc order='10' xlink:arcrole='http://www.xbrl.org/2003/arcrole/parent-child' xlink:from='loc_AcceleratedShareRepurchasesTextBlock' xlink:to='loc_AcceleratedShareRepurchasesTable' xlink:type='arc' />
<link:presentationArc order='20' xlink:arcrole='http://www.xbrl.org/2003/arcrole/parent-child' xlink:from='loc_OtherLiabilitiesDisclosureAbstract' xlink:to='loc_DerivativeFinancialInstrumentsIndexedToAndPotentiallySettledInEntitysOwnStockAbstract' xlink:type='arc' />
<link:presentationArc order='30' xlink:arcrole='http://www.xbrl.org/2003/arcrole/parent-child' xlink:from='loc_OtherLiabilitiesDisclosureAbstract' xlink:to='loc_OtherLiabilitiesAndSharesSubjectToMandatoryRedemptionAbstract' xlink:type='arc' />
<link:presentationArc order='40' xlink:arcrole='http://www.xbrl.org/2003/arcrole/parent-child' xlink:from='loc_OtherLiabilitiesDisclosureAbstract' xlink:to='loc_WarrantsAndRightsNoteDisclosureAbstract' xlink:type='arc' />
<link:presentationArc order='50' xlink:arcrole='http://www.xbrl.org/2003/arcrole/parent-child' xlink:from='loc_OtherLiabilitiesDisclosureAbstract' xlink:to='loc_DeferredIncomeTaxesAndOtherLiabilitiesAbstract' xlink:type='arc' />
<link:presentationArc order='60' xlink:arcrole='http://www.xbrl.org/2003/arcrole/parent-child' xlink:from='loc_OtherLiabilitiesDisclosureAbstract' xlink:to='loc_AdditionalOtherLiabilitiesDisclosureAbstract' xlink:type='arc' />
<link:presentationArc order='70' xlink:arcrole='http://www.xbrl.org/2003/arcrole/parent-child' xlink:from='loc_OtherLiabilitiesDisclosureAbstract' xlink:to='loc_BelowMarketLeaseAbstract' xlink:type='arc' />
<link:presentationArc order='10' xlink:arcrole='http://www.xbrl.org/2003/arcrole/parent-child' xlink:from='loc_OtherLiabilitiesAbstract' xlink:to='loc_OtherLiabilitiesCurrent' xlink:type='arc' />
<link:presentationArc order='20' xlink:arcrole='http://www.xbrl.org/2003/arcrole/parent-child' xlink:from='loc_OtherLiabilitiesAbstract' xlink:to='loc_OtherLiabilitiesNoncurrent' xlink:type='arc' />
<link:presentationArc order='30' preferredLabel='http://www.xbrl.org/2003/role/totalLabel' xlink:arcrole='http://www.xbrl.org/2003/arcrole/parent-child' xlink:from='loc_OtherLiabilitiesAbstract' xlink:to='loc_OtherLiabilities' xlink:type='arc' />
<link:presentationArc order='10' xlink:arcrole='http://www.xbrl.org/2003/arcrole/parent-child' xlink:from='loc_OtherLiabilitiesAndSharesSubjectToMandatoryRedemptionAbstract' xlink:to='loc_ScheduleOfOtherAssetsAndOtherLiabilitiesTableTextBlock' xlink:type='arc' />
<link:presentationArc order='20' xlink:arcrole='http://www.xbrl.org/2003/arcrole/parent-child' xlink:from='loc_OtherLiabilitiesAndSharesSubjectToMandatoryRedemptionAbstract' xlink:to='loc_OtherLiabilitiesDisclosureTextBlock' xlink:type='arc' />
<link:presentationArc order='10' xlink:arcrole='http://www.xbrl.org/2003/arcrole/parent-child' xlink:from='loc_OtherLiabilitiesDisclosureTextBlock' xlink:to='loc_OtherLiabilitiesCurrentAbstract' xlink:type='arc' />
<link:presentationArc order='20' xlink:arcrole='http://www.xbrl.org/2003/arcrole/parent-child' xlink:from='loc_OtherLiabilitiesDisclosureTextBlock' xlink:to='loc_OtherLiabilitiesNoncurrentAbstract' xlink:type='arc' />
<link:presentationArc order='30' xlink:arcrole='http://www.xbrl.org/2003/arcrole/parent-child' xlink:from='loc_OtherLiabilitiesDisclosureTextBlock' xlink:to='loc_OtherLiabilitiesUnclassifiedAbstract' xlink:type='arc' />
<link:presentationArc order='40' xlink:arcrole='http://www.xbrl.org/2003/arcrole/parent-child' xlink:from='loc_OtherLiabilitiesDisclosureTextBlock' xlink:to='loc_OtherLiabilitiesAbstract' xlink:type='arc' />
<link:presentationArc order='50' xlink:arcrole='http://www.xbrl.org/2003/arcrole/parent-child' xlink:from='loc_OtherLiabilitiesDisclosureTextBlock' xlink:to='loc_OtherSundryLiabilitiesAbstract' xlink:type='arc' />
<link:presentationArc order='60' xlink:arcrole='http://www.xbrl.org/2003/arcrole/parent-child' xlink:from='loc_OtherLiabilitiesDisclosureTextBlock' xlink:to='loc_PensionAndOtherPostretirementAndPostemploymentBenefitPlansNoncurrentLiabilitiesAbstract' xlink:type='arc' />
<link:presentationArc order='70' xlink:arcrole='http://www.xbrl.org/2003/arcrole/parent-child' xlink:from='loc_OtherLiabilitiesDisclosureTextBlock' xlink:to='loc_PensionAndOtherPostretirementAndPostemploymentBenefitPlansLiabilitiesAbstract' xlink:type='arc' />
<link:presentationArc order='80' xlink:arcrole='http://www.xbrl.org/2003/arcrole/parent-child' xlink:from='loc_OtherLiabilitiesDisclosureTextBlock' xlink:to='loc_OtherCurrentLiabilitiesTableTextBlock' xlink:type='arc' />
<link:presentationArc order='90' xlink:arcrole='http://www.xbrl.org/2003/arcrole/parent-child' xlink:from='loc_OtherLiabilitiesDisclosureTextBlock' xlink:to='loc_OtherNoncurrentLiabilitiesTableTextBlock' xlink:type='arc' />
<link:presentationArc order='100' xlink:arcrole='http://www.xbrl.org/2003/arcrole/parent-child' xlink:from='loc_OtherLiabilitiesDisclosureTextBlock' xlink:to='loc_OtherLiabilitiesTableTextBlock' xlink:type='arc' />
<link:presentationArc order='30' xlink:arcrole='http://www.xbrl.org/2003/arcrole/parent-child' xlink:from='loc_OtherLiabilitiesAndSharesSubjectToMandatoryRedemptionAbstract' xlink:to='loc_SharesSubjectToMandatoryRedemptionDisclosureTextBlock' xlink:type='arc' />
<link:presentationArc order='10' xlink:arcrole='http://www.xbrl.org/2003/arcrole/parent-child' xlink:from='loc_SharesSubjectToMandatoryRedemptionDisclosureTextBlock' xlink:to='loc_ScheduleOfSharesSubjectToMandatoryRedemptionTable' xlink:type='arc' />
<link:presentationArc order='10' xlink:arcrole='http://www.xbrl.org/2003/arcrole/parent-child' xlink:from='loc_OtherLiabilitiesCurrentAbstract' xlink:to='loc_RestructuringReserveCurrent' xlink:type='arc' />
<link:presentationArc order='20' xlink:arcrole='http://www.xbrl.org/2003/arcrole/parent-child' xlink:from='loc_OtherLiabilitiesCurrentAbstract' xlink:to='loc_DepositLiabilityCurrent' xlink:type='arc' />
<link:presentationArc order='30' xlink:arcrole='http://www.xbrl.org/2003/arcrole/parent-child' xlink:from='loc_OtherLiabilitiesCurrentAbstract' xlink:to='loc_CustomerAdvancesAndDepositsCurrentAbstract' xlink:type='arc' />
<link:presentationArc order='40' xlink:arcrole='http://www.xbrl.org/2003/arcrole/parent-child' xlink:from='loc_OtherLiabilitiesCurrentAbstract' xlink:to='loc_RefundableGasCosts' xlink:type='arc' />
<link:presentationArc order='50' xlink:arcrole='http://www.xbrl.org/2003/arcrole/parent-child' xlink:from='loc_OtherLiabilitiesCurrentAbstract' xlink:to='loc_SharesSubjectToMandatoryRedemptionSettlementTermsAmountCurrent' xlink:type='arc' />
<link:presentationArc order='60' xlink:arcrole='http://www.xbrl.org/2003/arcrole/parent-child' xlink:from='loc_OtherLiabilitiesCurrentAbstract' xlink:to='loc_OtherSundryLiabilitiesCurrent' xlink:type='arc' />
<link:presentationArc order='70' xlink:arcrole='http://www.xbrl.org/2003/arcrole/parent-child' xlink:from='loc_OtherLiabilitiesCurrentAbstract' xlink:to='loc_OtherLiabilitiesCurrent' xlink:type='arc' />
<link:presentationArc order='10' xlink:arcrole='http://www.xbrl.org/2003/arcrole/parent-child' xlink:from='loc_OtherLiabilitiesNoncurrentAbstract' xlink:to='loc_ContributionsInAidOfConstruction' xlink:type='arc' />
<link:presentationArc order='20' xlink:arcrole='http://www.xbrl.org/2003/arcrole/parent-child' xlink:from='loc_OtherLiabilitiesNoncurrentAbstract' xlink:to='loc_OtherSundryLiabilitiesNoncurrent' xlink:type='arc' />
<link:presentationArc order='30' xlink:arcrole='http://www.xbrl.org/2003/arcrole/parent-child' xlink:from='loc_OtherLiabilitiesNoncurrentAbstract' xlink:to='loc_DeferredTaxAndOtherLiabilitiesNoncurrent' xlink:type='arc' />
<link:presentationArc order='40' xlink:arcrole='http://www.xbrl.org/2003/arcrole/parent-child' xlink:from='loc_OtherLiabilitiesNoncurrentAbstract' xlink:to='loc_OtherLiabilitiesAndDeferredRevenueNoncurrent' xlink:type='arc' />
<link:presentationArc order='50' xlink:arcrole='http://www.xbrl.org/2003/arcrole/parent-child' xlink:from='loc_OtherLiabilitiesNoncurrentAbstract' xlink:to='loc_OtherLiabilitiesNoncurrent' xlink:type='arc' />
<link:presentationArc order='10' xlink:arcrole='http://www.xbrl.org/2003/arcrole/parent-child' xlink:from='loc_OtherLiabilitiesUnclassifiedAbstract' xlink:to='loc_LitigationReserve' xlink:type='arc' />
<link:presentationArc order='20' xlink:arcrole='http://www.xbrl.org/2003/arcrole/parent-child' xlink:from='loc_OtherLiabilitiesUnclassifiedAbstract' xlink:to='loc_GuarantyLiabilities' xlink:type='arc' />
<link:presentationArc order='30' xlink:arcrole='http://www.xbrl.org/2003/arcrole/parent-child' xlink:from='loc_OtherLiabilitiesUnclassifiedAbstract' xlink:to='loc_LettersOfCreditOutstandingAmount' xlink:type='arc' />
<link:presentationArc order='40' xlink:arcrole='http://www.xbrl.org/2003/arcrole/parent-child' xlink:from='loc_OtherLiabilitiesUnclassifiedAbstract' xlink:to='loc_RestructuringReserve' xlink:type='arc' />
<link:presentationArc order='50' xlink:arcrole='http://www.xbrl.org/2003/arcrole/parent-child' xlink:from='loc_OtherLiabilitiesUnclassifiedAbstract' xlink:to='loc_OffMarketLeaseUnfavorable' xlink:type='arc' />
<link:presentationArc order='60' xlink:arcrole='http://www.xbrl.org/2003/arcrole/parent-child' xlink:from='loc_OtherLiabilitiesUnclassifiedAbstract' xlink:to='loc_FinancialServicesLiabilities' xlink:type='arc' />
<link:presentationArc order='70' xlink:arcrole='http://www.xbrl.org/2003/arcrole/parent-child' xlink:from='loc_OtherLiabilitiesUnclassifiedAbstract' xlink:to='loc_DeferredRevenueAndCreditsAbstract' xlink:type='arc' />
<link:presentationArc order='80' xlink:arcrole='http://www.xbrl.org/2003/arcrole/parent-child' xlink:from='loc_OtherLiabilitiesUnclassifiedAbstract' xlink:to='loc_SharesSubjectToMandatoryRedemptionSettlementTermsAmount' xlink:type='arc' />
<link:presentationArc order='90' xlink:arcrole='http://www.xbrl.org/2003/arcrole/parent-child' xlink:from='loc_OtherLiabilitiesUnclassifiedAbstract' xlink:to='loc_MunicipalInvestmentAgreements' xlink:type='arc' />
<link:presentationArc order='100' xlink:arcrole='http://www.xbrl.org/2003/arcrole/parent-child' xlink:from='loc_OtherLiabilitiesUnclassifiedAbstract' xlink:to='loc_OtherSundryLiabilities' xlink:type='arc' />
<link:presentationArc order='110' xlink:arcrole='http://www.xbrl.org/2003/arcrole/parent-child' xlink:from='loc_OtherLiabilitiesUnclassifiedAbstract' xlink:to='loc_OtherLiabilities' xlink:type='arc' />
<link:presentationArc order='10' xlink:arcrole='http://www.xbrl.org/2003/arcrole/parent-child' xlink:from='loc_OtherSundryLiabilitiesAbstract' xlink:to='loc_OtherSundryLiabilitiesCurrent' xlink:type='arc' />
<link:presentationArc order='20' xlink:arcrole='http://www.xbrl.org/2003/arcrole/parent-child' xlink:from='loc_OtherSundryLiabilitiesAbstract' xlink:to='loc_OtherSundryLiabilitiesNoncurrent' xlink:type='arc' />
<link:presentationArc order='30' preferredLabel='http://www.xbrl.org/2003/role/totalLabel' xlink:arcrole='http://www.xbrl.org/2003/arcrole/parent-child' xlink:from='loc_OtherSundryLiabilitiesAbstract' xlink:to='loc_OtherSundryLiabilities' xlink:type='arc' />
<link:presentationArc order='10' xlink:arcrole='http://www.xbrl.org/2003/arcrole/parent-child' xlink:from='loc_PensionAndOtherPostretirementAndPostemploymentBenefitPlansLiabilitiesAbstract' xlink:to='loc_DefinedBenefitPensionPlanCurrentAndNoncurrentLiabilities' xlink:type='arc' />
<link:presentationArc order='20' xlink:arcrole='http://www.xbrl.org/2003/arcrole/parent-child' xlink:from='loc_PensionAndOtherPostretirementAndPostemploymentBenefitPlansLiabilitiesAbstract' xlink:to='loc_OtherPostretirementDefinedBenefitPlanLiabilitiesCurrentAndNoncurrent' xlink:type='arc' />
<link:presentationArc order='30' xlink:arcrole='http://www.xbrl.org/2003/arcrole/parent-child' xlink:from='loc_PensionAndOtherPostretirementAndPostemploymentBenefitPlansLiabilitiesAbstract' xlink:to='loc_OtherPostretirementBenefitsPayableCurrentAndNoncurrent' xlink:type='arc' />
<link:presentationArc order='40' xlink:arcrole='http://www.xbrl.org/2003/arcrole/parent-child' xlink:from='loc_PensionAndOtherPostretirementAndPostemploymentBenefitPlansLiabilitiesAbstract' xlink:to='loc_PostemploymentBenefitsLiabilityCurrentAndNoncurrent' xlink:type='arc' />
<link:presentationArc order='50' preferredLabel='http://www.xbrl.org/2003/role/totalLabel' xlink:arcrole='http://www.xbrl.org/2003/arcrole/parent-child' xlink:from='loc_PensionAndOtherPostretirementAndPostemploymentBenefitPlansLiabilitiesAbstract' xlink:to='loc_PensionAndOtherPostretirementAndPostemploymentBenefitPlansLiabilitiesCurrentAndNoncurrent' xlink:type='arc' />
<link:presentationArc order='10' xlink:arcrole='http://www.xbrl.org/2003/arcrole/parent-child' xlink:from='loc_PensionAndOtherPostretirementAndPostemploymentBenefitPlansNoncurrentLiabilitiesAbstract' xlink:to='loc_DefinedBenefitPensionPlanLiabilitiesNoncurrent' xlink:type='arc' />
<link:presentationArc order='20' xlink:arcrole='http://www.xbrl.org/2003/arcrole/parent-child' xlink:from='loc_PensionAndOtherPostretirementAndPostemploymentBenefitPlansNoncurrentLiabilitiesAbstract' xlink:to='loc_OtherPostretirementDefinedBenefitPlanLiabilitiesNoncurrent' xlink:type='arc' />
<link:presentationArc order='30' xlink:arcrole='http://www.xbrl.org/2003/arcrole/parent-child' xlink:from='loc_PensionAndOtherPostretirementAndPostemploymentBenefitPlansNoncurrentLiabilitiesAbstract' xlink:to='loc_OtherPostretirementBenefitsPayableNoncurrent' xlink:type='arc' />
<link:presentationArc order='40' xlink:arcrole='http://www.xbrl.org/2003/arcrole/parent-child' xlink:from='loc_PensionAndOtherPostretirementAndPostemploymentBenefitPlansNoncurrentLiabilitiesAbstract' xlink:to='loc_PostemploymentBenefitsLiabilityNoncurrent' xlink:type='arc' />
<link:presentationArc order='50' preferredLabel='http://www.xbrl.org/2003/role/totalLabel' xlink:arcrole='http://www.xbrl.org/2003/arcrole/parent-child' xlink:from='loc_PensionAndOtherPostretirementAndPostemploymentBenefitPlansNoncurrentLiabilitiesAbstract' xlink:to='loc_PensionAndOtherPostretirementAndPostemploymentBenefitPlansLiabilitiesNoncurrent' xlink:type='arc' />
<link:presentationArc order='10' xlink:arcrole='http://www.xbrl.org/2003/arcrole/parent-child' xlink:from='loc_PositionAxis' xlink:to='loc_PositionDomain' xlink:type='arc' />
<link:presentationArc order='10' xlink:arcrole='http://www.xbrl.org/2003/arcrole/parent-child' xlink:from='loc_PositionDomain' xlink:to='loc_LongMember' xlink:type='arc' />
<link:presentationArc order='20' xlink:arcrole='http://www.xbrl.org/2003/arcrole/parent-child' xlink:from='loc_PositionDomain' xlink:to='loc_ShortMember' xlink:type='arc' />
<link:presentationArc order='10' xlink:arcrole='http://www.xbrl.org/2003/arcrole/parent-child' xlink:from='loc_ScheduleOfSharesSubjectToMandatoryRedemptionTable' xlink:to='loc_ScheduleOfSharesSubjectToMandatoryRedemptionBySettlementTermsAxis' xlink:type='arc' />
<link:presentationArc order='20' xlink:arcrole='http://www.xbrl.org/2003/arcrole/parent-child' xlink:from='loc_ScheduleOfSharesSubjectToMandatoryRedemptionTable' xlink:to='loc_SharesSubjectToMandatoryRedemptionBySettlementTermsLineItems' xlink:type='arc' />
<link:presentationArc order='10' xlink:arcrole='http://www.xbrl.org/2003/arcrole/parent-child' xlink:from='loc_ScheduleOfSharesSubjectToMandatoryRedemptionBySettlementTermsAxis' xlink:to='loc_SharesSubjectToMandatoryRedemptionFinancialInstrumentDomain' xlink:type='arc' />
<link:presentationArc order='10' use='optional' xlink:arcrole='http://www.xbrl.org/2003/arcrole/parent-child' xlink:from='loc_SecuritiesSubjectToMandatoryRedemptionMember' xlink:to='loc_CommonStockSubjectToMandatoryRedemptionMember' xlink:type='arc' />
<link:presentationArc order='20' use='optional' xlink:arcrole='http://www.xbrl.org/2003/arcrole/parent-child' xlink:from='loc_SecuritiesSubjectToMandatoryRedemptionMember' xlink:to='loc_DebenturesSubjectToMandatoryRedemptionMember' xlink:type='arc' />
<link:presentationArc order='30' xlink:arcrole='http://www.xbrl.org/2003/arcrole/parent-child' xlink:from='loc_SecuritiesSubjectToMandatoryRedemptionMember' xlink:to='loc_DerivativesSubjectToMandatoryRedemptionMember' xlink:type='arc' />
<link:presentationArc order='40' xlink:arcrole='http://www.xbrl.org/2003/arcrole/parent-child' xlink:from='loc_SecuritiesSubjectToMandatoryRedemptionMember' xlink:to='loc_MandatorilyRedeemablePreferredStockMember' xlink:type='arc' />
<link:presentationArc order='10' xlink:arcrole='http://www.xbrl.org/2003/arcrole/parent-child' xlink:from='loc_WarrantsAndRightsNoteDisclosureAbstract' xlink:to='loc_ScheduleOfStockholdersEquityNoteWarrantsOrRightsTextBlock' xlink:type='arc' />
<link:presentationArc order='10' xlink:arcrole='http://www.xbrl.org/2003/arcrole/parent-child' xlink:from='loc_ScheduleOfStockholdersEquityNoteWarrantsOrRightsTextBlock' xlink:to='loc_ClassOfWarrantOrRightTable' xlink:type='arc' />
</link:presentationLink>
</link:linkbase>
