<?xml version="1.0" encoding="UTF-8"?><!--
        Translation: IFRS Taxonomy 2017 in Spanish
        ********************** 
        Copyright (c) 2017 International Financial Reporting Standards (IFRS) Foundation.
        All rights reserved.  Reproduction and use rights are strictly limited.
        For more information on the IFRS Foundation's copyright and the terms and conditions of use for these files, please refer to http://go.ifrs.org/IFRSTterms.
        The IFRS Foundation logo, the IASB logo, the IFRS for SMEs logo, the "Hexagon Device", "IFRS Foundation", "eIFRS", "IAS", "IASB", "IFRS for SMEs", "IASs", "IFRS", "IFRSs", "International Accounting Standards" and "International Financial Reporting Standards", "IFRIC", "SIC" and "IFRS Taxonomy" are Trade Marks of the IFRS Foundation.
        For further information about where the Trade Marks are protected and/or are in use please contact the IFRS Foundation.
        **********************
--><link:linkbase xmlns:gen="http://xbrl.org/2008/generic" xmlns:label="http://xbrl.org/2008/label" xmlns:link="http://www.xbrl.org/2003/linkbase" xmlns:xlink="http://www.w3.org/1999/xlink" xmlns:xsi="http://www.w3.org/2001/XMLSchema-instance" xsi:schemaLocation="http://www.xbrl.org/2003/linkbase http://www.xbrl.org/2003/xbrl-linkbase-2003-12-31.xsd http://xbrl.org/2008/label http://www.xbrl.org/2008/generic-label.xsd http://xbrl.org/2008/generic http://www.xbrl.org/2008/generic-link.xsd http://www.w3.org/1999/xlink http://www.xbrl.org/2003/xlink-2003-12-31.xsd">
  <link:roleRef roleURI="http://www.xbrl.org/2008/role/link" xlink:href="http://www.xbrl.org/2008/generic-link.xsd#standard-link-role" xlink:type="simple"/>
  <link:roleRef roleURI="http://www.xbrl.org/2008/role/label" xlink:href="http://www.xbrl.org/2008/generic-label.xsd#standard-label" xlink:type="simple"/>
  <link:arcroleRef arcroleURI="http://xbrl.org/arcrole/2008/element-label" xlink:href="http://www.xbrl.org/2008/generic-label.xsd#element-label" xlink:type="simple"/>
  <gen:link xlink:role="http://www.xbrl.org/2008/role/link" xlink:type="extended">
    <label:label xlink:label="res_1" xlink:role="http://www.xbrl.org/2008/role/label" xlink:type="resource" xml:lang="es">[110000] Información general sobre estados financieros</label:label>
    <link:loc xlink:href="rol_ifrs_for_smes_2017-03-09.xsd#ifrs_for_smes_2017-03-09_role-110000" xlink:label="loc_1" xlink:type="locator"/>
    <gen:arc xlink:arcrole="http://xbrl.org/arcrole/2008/element-label" xlink:from="loc_1" xlink:to="res_1" xlink:type="arc"/>
    <label:label xlink:label="res_2" xlink:role="http://www.xbrl.org/2008/role/label" xlink:type="resource" xml:lang="es">[210000] Estado de situación financiera, corriente/no corriente</label:label>
    <link:loc xlink:href="rol_ifrs_for_smes_2017-03-09.xsd#ifrs_for_smes_2017-03-09_role-210000" xlink:label="loc_2" xlink:type="locator"/>
    <gen:arc xlink:arcrole="http://xbrl.org/arcrole/2008/element-label" xlink:from="loc_2" xlink:to="res_2" xlink:type="arc"/>
    <label:label xlink:label="res_3" xlink:role="http://www.xbrl.org/2008/role/label" xlink:type="resource" xml:lang="es">[220000] Estado de situación financiera, orden de liquidabilidad</label:label>
    <link:loc xlink:href="rol_ifrs_for_smes_2017-03-09.xsd#ifrs_for_smes_2017-03-09_role-220000" xlink:label="loc_3" xlink:type="locator"/>
    <gen:arc xlink:arcrole="http://xbrl.org/arcrole/2008/element-label" xlink:from="loc_3" xlink:to="res_3" xlink:type="arc"/>
    <label:label xlink:label="res_4" xlink:role="http://www.xbrl.org/2008/role/label" xlink:type="resource" xml:lang="es">[310000] Estado de resultados, por función de gasto</label:label>
    <link:loc xlink:href="rol_ifrs_for_smes_2017-03-09.xsd#ifrs_for_smes_2017-03-09_role-310000" xlink:label="loc_4" xlink:type="locator"/>
    <gen:arc xlink:arcrole="http://xbrl.org/arcrole/2008/element-label" xlink:from="loc_4" xlink:to="res_4" xlink:type="arc"/>
    <label:label xlink:label="res_5" xlink:role="http://www.xbrl.org/2008/role/label" xlink:type="resource" xml:lang="es">[320000] Estado de resultados, por naturaleza de gasto</label:label>
    <link:loc xlink:href="rol_ifrs_for_smes_2017-03-09.xsd#ifrs_for_smes_2017-03-09_role-320000" xlink:label="loc_5" xlink:type="locator"/>
    <gen:arc xlink:arcrole="http://xbrl.org/arcrole/2008/element-label" xlink:from="loc_5" xlink:to="res_5" xlink:type="arc"/>
    <label:label xlink:label="res_6" xlink:role="http://www.xbrl.org/2008/role/label" xlink:type="resource" xml:lang="es">[410000] Estado del resultado integral, componentes ORI presentados netos de impuestos</label:label>
    <link:loc xlink:href="rol_ifrs_for_smes_2017-03-09.xsd#ifrs_for_smes_2017-03-09_role-410000" xlink:label="loc_6" xlink:type="locator"/>
    <gen:arc xlink:arcrole="http://xbrl.org/arcrole/2008/element-label" xlink:from="loc_6" xlink:to="res_6" xlink:type="arc"/>
    <label:label xlink:label="res_7" xlink:role="http://www.xbrl.org/2008/role/label" xlink:type="resource" xml:lang="es">[420000] Estado del resultado integral, componentes ORI presentados antes de impuestos</label:label>
    <link:loc xlink:href="rol_ifrs_for_smes_2017-03-09.xsd#ifrs_for_smes_2017-03-09_role-420000" xlink:label="loc_7" xlink:type="locator"/>
    <gen:arc xlink:arcrole="http://xbrl.org/arcrole/2008/element-label" xlink:from="loc_7" xlink:to="res_7" xlink:type="arc"/>
    <label:label xlink:label="res_8" xlink:role="http://www.xbrl.org/2008/role/label" xlink:type="resource" xml:lang="es">[510000] Estado de flujos de efectivo, método directo</label:label>
    <link:loc xlink:href="rol_ifrs_for_smes_2017-03-09.xsd#ifrs_for_smes_2017-03-09_role-510000" xlink:label="loc_8" xlink:type="locator"/>
    <gen:arc xlink:arcrole="http://xbrl.org/arcrole/2008/element-label" xlink:from="loc_8" xlink:to="res_8" xlink:type="arc"/>
    <label:label xlink:label="res_9" xlink:role="http://www.xbrl.org/2008/role/label" xlink:type="resource" xml:lang="es">[520000] Estado de flujos de efectivo, método indirecto</label:label>
    <link:loc xlink:href="rol_ifrs_for_smes_2017-03-09.xsd#ifrs_for_smes_2017-03-09_role-520000" xlink:label="loc_9" xlink:type="locator"/>
    <gen:arc xlink:arcrole="http://xbrl.org/arcrole/2008/element-label" xlink:from="loc_9" xlink:to="res_9" xlink:type="arc"/>
    <label:label xlink:label="res_10" xlink:role="http://www.xbrl.org/2008/role/label" xlink:type="resource" xml:lang="es">[610000] Estado de cambios en el patrimonio</label:label>
    <link:loc xlink:href="rol_ifrs_for_smes_2017-03-09.xsd#ifrs_for_smes_2017-03-09_role-610000" xlink:label="loc_10" xlink:type="locator"/>
    <gen:arc xlink:arcrole="http://xbrl.org/arcrole/2008/element-label" xlink:from="loc_10" xlink:to="res_10" xlink:type="arc"/>
    <label:label xlink:label="res_11" xlink:role="http://www.xbrl.org/2008/role/label" xlink:type="resource" xml:lang="es">[650000] Estado de resultados y ganancias acumuladas, información a revelar adicional</label:label>
    <link:loc xlink:href="rol_ifrs_for_smes_2017-03-09.xsd#ifrs_for_smes_2017-03-09_role-650000" xlink:label="loc_11" xlink:type="locator"/>
    <gen:arc xlink:arcrole="http://xbrl.org/arcrole/2008/element-label" xlink:from="loc_11" xlink:to="res_11" xlink:type="arc"/>
    <label:label xlink:label="res_12" xlink:role="http://www.xbrl.org/2008/role/label" xlink:type="resource" xml:lang="es">[810000] Notas - Información de la entidad y declaración de cumplimiento con las NIIF</label:label>
    <link:loc xlink:href="rol_ifrs_for_smes_2017-03-09.xsd#ifrs_for_smes_2017-03-09_role-810000" xlink:label="loc_12" xlink:type="locator"/>
    <gen:arc xlink:arcrole="http://xbrl.org/arcrole/2008/element-label" xlink:from="loc_12" xlink:to="res_12" xlink:type="arc"/>
    <label:label xlink:label="res_13" xlink:role="http://www.xbrl.org/2008/role/label" xlink:type="resource" xml:lang="es">[810000a] Notas - Información de la entidad y declaración de cumplimiento con las NIIF</label:label>
    <link:loc xlink:href="rol_ifrs_for_smes_2017-03-09.xsd#ifrs_for_smes_2017-03-09_role-810000a" xlink:label="loc_13" xlink:type="locator"/>
    <gen:arc xlink:arcrole="http://xbrl.org/arcrole/2008/element-label" xlink:from="loc_13" xlink:to="res_13" xlink:type="arc"/>
    <label:label xlink:label="res_14" xlink:role="http://www.xbrl.org/2008/role/label" xlink:type="resource" xml:lang="es">[811000] Notas - Políticas contables, cambios en las estimaciones contables y errores</label:label>
    <link:loc xlink:href="rol_ifrs_for_smes_2017-03-09.xsd#ifrs_for_smes_2017-03-09_role-811000" xlink:label="loc_14" xlink:type="locator"/>
    <gen:arc xlink:arcrole="http://xbrl.org/arcrole/2008/element-label" xlink:from="loc_14" xlink:to="res_14" xlink:type="arc"/>
    <label:label xlink:label="res_15" xlink:role="http://www.xbrl.org/2008/role/label" xlink:type="resource" xml:lang="es">[815000] Notas - Hechos ocurridos después del periodo sobre el que se informa</label:label>
    <link:loc xlink:href="rol_ifrs_for_smes_2017-03-09.xsd#ifrs_for_smes_2017-03-09_role-815000" xlink:label="loc_15" xlink:type="locator"/>
    <gen:arc xlink:arcrole="http://xbrl.org/arcrole/2008/element-label" xlink:from="loc_15" xlink:to="res_15" xlink:type="arc"/>
    <label:label xlink:label="res_16" xlink:role="http://www.xbrl.org/2008/role/label" xlink:type="resource" xml:lang="es">[816000] Notas - Información hiperinflacionaria</label:label>
    <link:loc xlink:href="rol_ifrs_for_smes_2017-03-09.xsd#ifrs_for_smes_2017-03-09_role-816000" xlink:label="loc_16" xlink:type="locator"/>
    <gen:arc xlink:arcrole="http://xbrl.org/arcrole/2008/element-label" xlink:from="loc_16" xlink:to="res_16" xlink:type="arc"/>
    <label:label xlink:label="res_17" xlink:role="http://www.xbrl.org/2008/role/label" xlink:type="resource" xml:lang="es">[817000] Notas - Combinaciones de negocios</label:label>
    <link:loc xlink:href="rol_ifrs_for_smes_2017-03-09.xsd#ifrs_for_smes_2017-03-09_role-817000" xlink:label="loc_17" xlink:type="locator"/>
    <gen:arc xlink:arcrole="http://xbrl.org/arcrole/2008/element-label" xlink:from="loc_17" xlink:to="res_17" xlink:type="arc"/>
    <label:label xlink:label="res_18" xlink:role="http://www.xbrl.org/2008/role/label" xlink:type="resource" xml:lang="es">[818000] Notas - Partes relacionadas</label:label>
    <link:loc xlink:href="rol_ifrs_for_smes_2017-03-09.xsd#ifrs_for_smes_2017-03-09_role-818000" xlink:label="loc_18" xlink:type="locator"/>
    <gen:arc xlink:arcrole="http://xbrl.org/arcrole/2008/element-label" xlink:from="loc_18" xlink:to="res_18" xlink:type="arc"/>
    <label:label xlink:label="res_19" xlink:role="http://www.xbrl.org/2008/role/label" xlink:type="resource" xml:lang="es">[819100] Notas - Adopción de las NIIF por primera vez</label:label>
    <link:loc xlink:href="rol_ifrs_for_smes_2017-03-09.xsd#ifrs_for_smes_2017-03-09_role-819100" xlink:label="loc_19" xlink:type="locator"/>
    <gen:arc xlink:arcrole="http://xbrl.org/arcrole/2008/element-label" xlink:from="loc_19" xlink:to="res_19" xlink:type="arc"/>
    <label:label xlink:label="res_20" xlink:role="http://www.xbrl.org/2008/role/label" xlink:type="resource" xml:lang="es">[822100] Notas - Propiedades, planta y equipo</label:label>
    <link:loc xlink:href="rol_ifrs_for_smes_2017-03-09.xsd#ifrs_for_smes_2017-03-09_role-822100" xlink:label="loc_20" xlink:type="locator"/>
    <gen:arc xlink:arcrole="http://xbrl.org/arcrole/2008/element-label" xlink:from="loc_20" xlink:to="res_20" xlink:type="arc"/>
    <label:label xlink:label="res_21" xlink:role="http://www.xbrl.org/2008/role/label" xlink:type="resource" xml:lang="es">[822390] Notas - Instrumentos financieros</label:label>
    <link:loc xlink:href="rol_ifrs_for_smes_2017-03-09.xsd#ifrs_for_smes_2017-03-09_role-822390" xlink:label="loc_21" xlink:type="locator"/>
    <gen:arc xlink:arcrole="http://xbrl.org/arcrole/2008/element-label" xlink:from="loc_21" xlink:to="res_21" xlink:type="arc"/>
    <label:label xlink:label="res_22" xlink:role="http://www.xbrl.org/2008/role/label" xlink:type="resource" xml:lang="es">[822390a] Notas - Instrumentos financieros</label:label>
    <link:loc xlink:href="rol_ifrs_for_smes_2017-03-09.xsd#ifrs_for_smes_2017-03-09_role-822390a" xlink:label="loc_22" xlink:type="locator"/>
    <gen:arc xlink:arcrole="http://xbrl.org/arcrole/2008/element-label" xlink:from="loc_22" xlink:to="res_22" xlink:type="arc"/>
    <label:label xlink:label="res_23" xlink:role="http://www.xbrl.org/2008/role/label" xlink:type="resource" xml:lang="es">[822390b] Notas - Instrumentos financieros</label:label>
    <link:loc xlink:href="rol_ifrs_for_smes_2017-03-09.xsd#ifrs_for_smes_2017-03-09_role-822390b" xlink:label="loc_23" xlink:type="locator"/>
    <gen:arc xlink:arcrole="http://xbrl.org/arcrole/2008/element-label" xlink:from="loc_23" xlink:to="res_23" xlink:type="arc"/>
    <label:label xlink:label="res_24" xlink:role="http://www.xbrl.org/2008/role/label" xlink:type="resource" xml:lang="es">[822390c] Notas - Instrumentos financieros</label:label>
    <link:loc xlink:href="rol_ifrs_for_smes_2017-03-09.xsd#ifrs_for_smes_2017-03-09_role-822390c" xlink:label="loc_24" xlink:type="locator"/>
    <gen:arc xlink:arcrole="http://xbrl.org/arcrole/2008/element-label" xlink:from="loc_24" xlink:to="res_24" xlink:type="arc"/>
    <label:label xlink:label="res_25" xlink:role="http://www.xbrl.org/2008/role/label" xlink:type="resource" xml:lang="es">[823180] Notas - Activos intangibles</label:label>
    <link:loc xlink:href="rol_ifrs_for_smes_2017-03-09.xsd#ifrs_for_smes_2017-03-09_role-823180" xlink:label="loc_25" xlink:type="locator"/>
    <gen:arc xlink:arcrole="http://xbrl.org/arcrole/2008/element-label" xlink:from="loc_25" xlink:to="res_25" xlink:type="arc"/>
    <label:label xlink:label="res_26" xlink:role="http://www.xbrl.org/2008/role/label" xlink:type="resource" xml:lang="es">[824180] Notas - Agricultura</label:label>
    <link:loc xlink:href="rol_ifrs_for_smes_2017-03-09.xsd#ifrs_for_smes_2017-03-09_role-824180" xlink:label="loc_26" xlink:type="locator"/>
    <gen:arc xlink:arcrole="http://xbrl.org/arcrole/2008/element-label" xlink:from="loc_26" xlink:to="res_26" xlink:type="arc"/>
    <label:label xlink:label="res_27" xlink:role="http://www.xbrl.org/2008/role/label" xlink:type="resource" xml:lang="es">[825100] Notas - Propiedades de inversión</label:label>
    <link:loc xlink:href="rol_ifrs_for_smes_2017-03-09.xsd#ifrs_for_smes_2017-03-09_role-825100" xlink:label="loc_27" xlink:type="locator"/>
    <gen:arc xlink:arcrole="http://xbrl.org/arcrole/2008/element-label" xlink:from="loc_27" xlink:to="res_27" xlink:type="arc"/>
    <label:label xlink:label="res_28" xlink:role="http://www.xbrl.org/2008/role/label" xlink:type="resource" xml:lang="es">[825480] Notas - Estados financieros consolidados, combinados y separados</label:label>
    <link:loc xlink:href="rol_ifrs_for_smes_2017-03-09.xsd#ifrs_for_smes_2017-03-09_role-825480" xlink:label="loc_28" xlink:type="locator"/>
    <gen:arc xlink:arcrole="http://xbrl.org/arcrole/2008/element-label" xlink:from="loc_28" xlink:to="res_28" xlink:type="arc"/>
    <label:label xlink:label="res_29" xlink:role="http://www.xbrl.org/2008/role/label" xlink:type="resource" xml:lang="es">[825500] Notas - Participaciones en negocios conjuntos</label:label>
    <link:loc xlink:href="rol_ifrs_for_smes_2017-03-09.xsd#ifrs_for_smes_2017-03-09_role-825500" xlink:label="loc_29" xlink:type="locator"/>
    <gen:arc xlink:arcrole="http://xbrl.org/arcrole/2008/element-label" xlink:from="loc_29" xlink:to="res_29" xlink:type="arc"/>
    <label:label xlink:label="res_30" xlink:role="http://www.xbrl.org/2008/role/label" xlink:type="resource" xml:lang="es">[825600] Notas - Inversiones en asociadas</label:label>
    <link:loc xlink:href="rol_ifrs_for_smes_2017-03-09.xsd#ifrs_for_smes_2017-03-09_role-825600" xlink:label="loc_30" xlink:type="locator"/>
    <gen:arc xlink:arcrole="http://xbrl.org/arcrole/2008/element-label" xlink:from="loc_30" xlink:to="res_30" xlink:type="arc"/>
    <label:label xlink:label="res_31" xlink:role="http://www.xbrl.org/2008/role/label" xlink:type="resource" xml:lang="es">[825900] Notas - Activos no corrientes o grupo de activos mantenidos para la venta</label:label>
    <link:loc xlink:href="rol_ifrs_for_smes_2017-03-09.xsd#ifrs_for_smes_2017-03-09_role-825900" xlink:label="loc_31" xlink:type="locator"/>
    <gen:arc xlink:arcrole="http://xbrl.org/arcrole/2008/element-label" xlink:from="loc_31" xlink:to="res_31" xlink:type="arc"/>
    <label:label xlink:label="res_32" xlink:role="http://www.xbrl.org/2008/role/label" xlink:type="resource" xml:lang="es">[826380] Notas - Inventarios</label:label>
    <link:loc xlink:href="rol_ifrs_for_smes_2017-03-09.xsd#ifrs_for_smes_2017-03-09_role-826380" xlink:label="loc_32" xlink:type="locator"/>
    <gen:arc xlink:arcrole="http://xbrl.org/arcrole/2008/element-label" xlink:from="loc_32" xlink:to="res_32" xlink:type="arc"/>
    <label:label xlink:label="res_33" xlink:role="http://www.xbrl.org/2008/role/label" xlink:type="resource" xml:lang="es">[827570] Notas - Otras provisiones, pasivos contingentes y activos contingentes</label:label>
    <link:loc xlink:href="rol_ifrs_for_smes_2017-03-09.xsd#ifrs_for_smes_2017-03-09_role-827570" xlink:label="loc_33" xlink:type="locator"/>
    <gen:arc xlink:arcrole="http://xbrl.org/arcrole/2008/element-label" xlink:from="loc_33" xlink:to="res_33" xlink:type="arc"/>
    <label:label xlink:label="res_34" xlink:role="http://www.xbrl.org/2008/role/label" xlink:type="resource" xml:lang="es">[827570a] Notas - Otras provisiones, pasivos contingentes y activos contingentes</label:label>
    <link:loc xlink:href="rol_ifrs_for_smes_2017-03-09.xsd#ifrs_for_smes_2017-03-09_role-827570a" xlink:label="loc_34" xlink:type="locator"/>
    <gen:arc xlink:arcrole="http://xbrl.org/arcrole/2008/element-label" xlink:from="loc_34" xlink:to="res_34" xlink:type="arc"/>
    <label:label xlink:label="res_35" xlink:role="http://www.xbrl.org/2008/role/label" xlink:type="resource" xml:lang="es">[827570b] Notas - Otras provisiones, pasivos contingentes y activos contingentes</label:label>
    <link:loc xlink:href="rol_ifrs_for_smes_2017-03-09.xsd#ifrs_for_smes_2017-03-09_role-827570b" xlink:label="loc_35" xlink:type="locator"/>
    <gen:arc xlink:arcrole="http://xbrl.org/arcrole/2008/element-label" xlink:from="loc_35" xlink:to="res_35" xlink:type="arc"/>
    <label:label xlink:label="res_36" xlink:role="http://www.xbrl.org/2008/role/label" xlink:type="resource" xml:lang="es">[831110] Notas - Ingresos de actividades ordinarias</label:label>
    <link:loc xlink:href="rol_ifrs_for_smes_2017-03-09.xsd#ifrs_for_smes_2017-03-09_role-831110" xlink:label="loc_36" xlink:type="locator"/>
    <gen:arc xlink:arcrole="http://xbrl.org/arcrole/2008/element-label" xlink:from="loc_36" xlink:to="res_36" xlink:type="arc"/>
    <label:label xlink:label="res_37" xlink:role="http://www.xbrl.org/2008/role/label" xlink:type="resource" xml:lang="es">[831400] Notas - Subvenciones del gobierno</label:label>
    <link:loc xlink:href="rol_ifrs_for_smes_2017-03-09.xsd#ifrs_for_smes_2017-03-09_role-831400" xlink:label="loc_37" xlink:type="locator"/>
    <gen:arc xlink:arcrole="http://xbrl.org/arcrole/2008/element-label" xlink:from="loc_37" xlink:to="res_37" xlink:type="arc"/>
    <label:label xlink:label="res_38" xlink:role="http://www.xbrl.org/2008/role/label" xlink:type="resource" xml:lang="es">[831710] Notas - Contratos de construcción</label:label>
    <link:loc xlink:href="rol_ifrs_for_smes_2017-03-09.xsd#ifrs_for_smes_2017-03-09_role-831710" xlink:label="loc_38" xlink:type="locator"/>
    <gen:arc xlink:arcrole="http://xbrl.org/arcrole/2008/element-label" xlink:from="loc_38" xlink:to="res_38" xlink:type="arc"/>
    <label:label xlink:label="res_39" xlink:role="http://www.xbrl.org/2008/role/label" xlink:type="resource" xml:lang="es">[800200] Notas - Análisis de ingresos y gastos</label:label>
    <link:loc xlink:href="rol_ifrs_for_smes_2017-03-09.xsd#ifrs_for_smes_2017-03-09_role-800200" xlink:label="loc_39" xlink:type="locator"/>
    <gen:arc xlink:arcrole="http://xbrl.org/arcrole/2008/element-label" xlink:from="loc_39" xlink:to="res_39" xlink:type="arc"/>
    <label:label xlink:label="res_40" xlink:role="http://www.xbrl.org/2008/role/label" xlink:type="resource" xml:lang="es">[800100] Notas - Subclasificaciones de activos, pasivos y patrimonios</label:label>
    <link:loc xlink:href="rol_ifrs_for_smes_2017-03-09.xsd#ifrs_for_smes_2017-03-09_role-800100" xlink:label="loc_40" xlink:type="locator"/>
    <gen:arc xlink:arcrole="http://xbrl.org/arcrole/2008/element-label" xlink:from="loc_40" xlink:to="res_40" xlink:type="arc"/>
    <label:label xlink:label="res_41" xlink:role="http://www.xbrl.org/2008/role/label" xlink:type="resource" xml:lang="es">[832410] Notas - Deterioro del valor de activos</label:label>
    <link:loc xlink:href="rol_ifrs_for_smes_2017-03-09.xsd#ifrs_for_smes_2017-03-09_role-832410" xlink:label="loc_41" xlink:type="locator"/>
    <gen:arc xlink:arcrole="http://xbrl.org/arcrole/2008/element-label" xlink:from="loc_41" xlink:to="res_41" xlink:type="arc"/>
    <label:label xlink:label="res_42" xlink:role="http://www.xbrl.org/2008/role/label" xlink:type="resource" xml:lang="es">[832600] Notas - Arrendamientos</label:label>
    <link:loc xlink:href="rol_ifrs_for_smes_2017-03-09.xsd#ifrs_for_smes_2017-03-09_role-832600" xlink:label="loc_42" xlink:type="locator"/>
    <gen:arc xlink:arcrole="http://xbrl.org/arcrole/2008/element-label" xlink:from="loc_42" xlink:to="res_42" xlink:type="arc"/>
    <label:label xlink:label="res_43" xlink:role="http://www.xbrl.org/2008/role/label" xlink:type="resource" xml:lang="es">[832600a] Notas - Arrendamientos</label:label>
    <link:loc xlink:href="rol_ifrs_for_smes_2017-03-09.xsd#ifrs_for_smes_2017-03-09_role-832600a" xlink:label="loc_43" xlink:type="locator"/>
    <gen:arc xlink:arcrole="http://xbrl.org/arcrole/2008/element-label" xlink:from="loc_43" xlink:to="res_43" xlink:type="arc"/>
    <label:label xlink:label="res_44" xlink:role="http://www.xbrl.org/2008/role/label" xlink:type="resource" xml:lang="es">[832600b] Notas - Arrendamientos</label:label>
    <link:loc xlink:href="rol_ifrs_for_smes_2017-03-09.xsd#ifrs_for_smes_2017-03-09_role-832600b" xlink:label="loc_44" xlink:type="locator"/>
    <gen:arc xlink:arcrole="http://xbrl.org/arcrole/2008/element-label" xlink:from="loc_44" xlink:to="res_44" xlink:type="arc"/>
    <label:label xlink:label="res_45" xlink:role="http://www.xbrl.org/2008/role/label" xlink:type="resource" xml:lang="es">[832600c] Notas - Arrendamientos</label:label>
    <link:loc xlink:href="rol_ifrs_for_smes_2017-03-09.xsd#ifrs_for_smes_2017-03-09_role-832600c" xlink:label="loc_45" xlink:type="locator"/>
    <gen:arc xlink:arcrole="http://xbrl.org/arcrole/2008/element-label" xlink:from="loc_45" xlink:to="res_45" xlink:type="arc"/>
    <label:label xlink:label="res_46" xlink:role="http://www.xbrl.org/2008/role/label" xlink:type="resource" xml:lang="es">[834120] Notas - Acuerdos con pagos basados en acciones</label:label>
    <link:loc xlink:href="rol_ifrs_for_smes_2017-03-09.xsd#ifrs_for_smes_2017-03-09_role-834120" xlink:label="loc_46" xlink:type="locator"/>
    <gen:arc xlink:arcrole="http://xbrl.org/arcrole/2008/element-label" xlink:from="loc_46" xlink:to="res_46" xlink:type="arc"/>
    <label:label xlink:label="res_47" xlink:role="http://www.xbrl.org/2008/role/label" xlink:type="resource" xml:lang="es">[834120a] Notas - Acuerdos con pagos basados en acciones</label:label>
    <link:loc xlink:href="rol_ifrs_for_smes_2017-03-09.xsd#ifrs_for_smes_2017-03-09_role-834120a" xlink:label="loc_47" xlink:type="locator"/>
    <gen:arc xlink:arcrole="http://xbrl.org/arcrole/2008/element-label" xlink:from="loc_47" xlink:to="res_47" xlink:type="arc"/>
    <label:label xlink:label="res_48" xlink:role="http://www.xbrl.org/2008/role/label" xlink:type="resource" xml:lang="es">[834480] Notas - Beneficios a los empleados</label:label>
    <link:loc xlink:href="rol_ifrs_for_smes_2017-03-09.xsd#ifrs_for_smes_2017-03-09_role-834480" xlink:label="loc_48" xlink:type="locator"/>
    <gen:arc xlink:arcrole="http://xbrl.org/arcrole/2008/element-label" xlink:from="loc_48" xlink:to="res_48" xlink:type="arc"/>
    <label:label xlink:label="res_49" xlink:role="http://www.xbrl.org/2008/role/label" xlink:type="resource" xml:lang="es">[834480a] Notas - Beneficios a los empleados</label:label>
    <link:loc xlink:href="rol_ifrs_for_smes_2017-03-09.xsd#ifrs_for_smes_2017-03-09_role-834480a" xlink:label="loc_49" xlink:type="locator"/>
    <gen:arc xlink:arcrole="http://xbrl.org/arcrole/2008/element-label" xlink:from="loc_49" xlink:to="res_49" xlink:type="arc"/>
    <label:label xlink:label="res_50" xlink:role="http://www.xbrl.org/2008/role/label" xlink:type="resource" xml:lang="es">[834480b] Notas - Beneficios a los empleados</label:label>
    <link:loc xlink:href="rol_ifrs_for_smes_2017-03-09.xsd#ifrs_for_smes_2017-03-09_role-834480b" xlink:label="loc_50" xlink:type="locator"/>
    <gen:arc xlink:arcrole="http://xbrl.org/arcrole/2008/element-label" xlink:from="loc_50" xlink:to="res_50" xlink:type="arc"/>
    <label:label xlink:label="res_51" xlink:role="http://www.xbrl.org/2008/role/label" xlink:type="resource" xml:lang="es">[835110] Notas - Impuestos a las ganancias</label:label>
    <link:loc xlink:href="rol_ifrs_for_smes_2017-03-09.xsd#ifrs_for_smes_2017-03-09_role-835110" xlink:label="loc_51" xlink:type="locator"/>
    <gen:arc xlink:arcrole="http://xbrl.org/arcrole/2008/element-label" xlink:from="loc_51" xlink:to="res_51" xlink:type="arc"/>
    <label:label xlink:label="res_52" xlink:role="http://www.xbrl.org/2008/role/label" xlink:type="resource" xml:lang="es">[842000] Notas - Efectos de las variaciones en las tasas de cambio de la moneda extranjera</label:label>
    <link:loc xlink:href="rol_ifrs_for_smes_2017-03-09.xsd#ifrs_for_smes_2017-03-09_role-842000" xlink:label="loc_52" xlink:type="locator"/>
    <gen:arc xlink:arcrole="http://xbrl.org/arcrole/2008/element-label" xlink:from="loc_52" xlink:to="res_52" xlink:type="arc"/>
    <label:label xlink:label="res_53" xlink:role="http://www.xbrl.org/2008/role/label" xlink:type="resource" xml:lang="es">[851100] Notas - Estado de flujos de efectivo</label:label>
    <link:loc xlink:href="rol_ifrs_for_smes_2017-03-09.xsd#ifrs_for_smes_2017-03-09_role-851100" xlink:label="loc_53" xlink:type="locator"/>
    <gen:arc xlink:arcrole="http://xbrl.org/arcrole/2008/element-label" xlink:from="loc_53" xlink:to="res_53" xlink:type="arc"/>
    <label:label xlink:label="res_54" xlink:role="http://www.xbrl.org/2008/role/label" xlink:type="resource" xml:lang="es">[861200] Notas - Capital en acciones, reservas y otras participaciones en el patrimonio</label:label>
    <link:loc xlink:href="rol_ifrs_for_smes_2017-03-09.xsd#ifrs_for_smes_2017-03-09_role-861200" xlink:label="loc_54" xlink:type="locator"/>
    <gen:arc xlink:arcrole="http://xbrl.org/arcrole/2008/element-label" xlink:from="loc_54" xlink:to="res_54" xlink:type="arc"/>
    <label:label xlink:label="res_55" xlink:role="http://www.xbrl.org/2008/role/label" xlink:type="resource" xml:lang="es">[861200a] Notas - Capital en acciones, reservas y otras participaciones en el patrimonio</label:label>
    <link:loc xlink:href="rol_ifrs_for_smes_2017-03-09.xsd#ifrs_for_smes_2017-03-09_role-861200a" xlink:label="loc_55" xlink:type="locator"/>
    <gen:arc xlink:arcrole="http://xbrl.org/arcrole/2008/element-label" xlink:from="loc_55" xlink:to="res_55" xlink:type="arc"/>
    <label:label xlink:label="res_56" xlink:role="http://www.xbrl.org/2008/role/label" xlink:type="resource" xml:lang="es">[861200b] Notas - Capital en acciones, reservas y otras participaciones en el patrimonio</label:label>
    <link:loc xlink:href="rol_ifrs_for_smes_2017-03-09.xsd#ifrs_for_smes_2017-03-09_role-861200b" xlink:label="loc_56" xlink:type="locator"/>
    <gen:arc xlink:arcrole="http://xbrl.org/arcrole/2008/element-label" xlink:from="loc_56" xlink:to="res_56" xlink:type="arc"/>
    <label:label xlink:label="res_57" xlink:role="http://www.xbrl.org/2008/role/label" xlink:type="resource" xml:lang="es">[823180a] Notas - Activos intangibles</label:label>
    <link:loc xlink:href="rol_ifrs_for_smes_2017-03-09.xsd#ifrs_for_smes_2017-03-09_role-823180a" xlink:label="loc_57" xlink:type="locator"/>
    <gen:arc xlink:arcrole="http://xbrl.org/arcrole/2008/element-label" xlink:from="loc_57" xlink:to="res_57" xlink:type="arc"/>
    <label:label xlink:label="res_58" xlink:role="http://www.xbrl.org/2008/role/label" xlink:type="resource" xml:lang="es">822100a] Notas - Propiedades, planta y equipo</label:label>
    <link:loc xlink:href="rol_ifrs_for_smes_2017-03-09.xsd#ifrs_for_smes_2017-03-09_role-822100a" xlink:label="loc_58" xlink:type="locator"/>
    <gen:arc xlink:arcrole="http://xbrl.org/arcrole/2008/element-label" xlink:from="loc_58" xlink:to="res_58" xlink:type="arc"/>
  </gen:link>
</link:linkbase>
