<?xml version="1.0" encoding="UTF-8"?><!--
		Taxonomy: 2017-03-09 (Final)
		********************** 
        Copyright (c) 2017 IFRS Foundation
        All rights reserved. Reproduction and use rights are strictly limited. For more information on the IFRS Foundation's copyright and the terms and conditions of use for these files, please refer to http://go.ifrs.org/IFRSTterms.
        The IFRS Foundation has trade marks registered around the world (Marks) including ‘IAS’, ‘IASB’, ‘IFRIC’, ‘IFRS’, the IFRS logo, ‘IFRS for SMEs’, IFRS for SMEs logo, the ‘Hexagon Device’, ‘International Accounting Standards’, ‘International Financial Reporting Standards’, ‘IFRS Taxonomy’ and ‘SIC’. Further details of the IFRS Foundation’s Marks are available from the Licensor on request.
        **********************
-->
<link:linkbase xmlns:gen="http://xbrl.org/2008/generic" xmlns:label="http://xbrl.org/2008/label" xmlns:link="http://www.xbrl.org/2003/linkbase" xmlns:xlink="http://www.w3.org/1999/xlink" xmlns:xsi="http://www.w3.org/2001/XMLSchema-instance" xsi:schemaLocation="http://www.xbrl.org/2003/linkbase http://www.xbrl.org/2003/xbrl-linkbase-2003-12-31.xsd http://xbrl.org/2008/label http://www.xbrl.org/2008/generic-label.xsd http://xbrl.org/2008/generic http://www.xbrl.org/2008/generic-link.xsd http://www.w3.org/1999/xlink http://www.xbrl.org/2003/xlink-2003-12-31.xsd">
  <link:roleRef roleURI="http://www.xbrl.org/2008/role/link" xlink:href="http://www.xbrl.org/2008/generic-link.xsd#standard-link-role" xlink:type="simple"/>
  <link:roleRef roleURI="http://www.xbrl.org/2008/role/label" xlink:href="http://www.xbrl.org/2008/generic-label.xsd#standard-label" xlink:type="simple"/>
  <link:arcroleRef arcroleURI="http://xbrl.org/arcrole/2008/element-label" xlink:href="http://www.xbrl.org/2008/generic-label.xsd#element-label" xlink:type="simple"/>
  <gen:link xlink:role="http://www.xbrl.org/2008/role/link" xlink:type="extended">
    <label:label xlink:label="res_1" xlink:role="http://www.xbrl.org/2008/role/label" xlink:type="resource" xml:lang="en">[110000] General information about financial statements</label:label>
    <link:loc xlink:href="rol_ifrs_for_smes_2017-03-09.xsd#ifrs_for_smes_2017-03-09_role-110000" xlink:label="loc_1" xlink:type="locator"/>
    <gen:arc xlink:arcrole="http://xbrl.org/arcrole/2008/element-label" xlink:from="loc_1" xlink:to="res_1" xlink:type="arc"/>
    <label:label xlink:label="res_2" xlink:role="http://www.xbrl.org/2008/role/label" xlink:type="resource" xml:lang="en">[210000] Statement of financial position, current/non-current</label:label>
    <link:loc xlink:href="rol_ifrs_for_smes_2017-03-09.xsd#ifrs_for_smes_2017-03-09_role-210000" xlink:label="loc_2" xlink:type="locator"/>
    <gen:arc xlink:arcrole="http://xbrl.org/arcrole/2008/element-label" xlink:from="loc_2" xlink:to="res_2" xlink:type="arc"/>
    <label:label xlink:label="res_3" xlink:role="http://www.xbrl.org/2008/role/label" xlink:type="resource" xml:lang="en">[220000] Statement of financial position, order of liquidity</label:label>
    <link:loc xlink:href="rol_ifrs_for_smes_2017-03-09.xsd#ifrs_for_smes_2017-03-09_role-220000" xlink:label="loc_3" xlink:type="locator"/>
    <gen:arc xlink:arcrole="http://xbrl.org/arcrole/2008/element-label" xlink:from="loc_3" xlink:to="res_3" xlink:type="arc"/>
    <label:label xlink:label="res_4" xlink:role="http://www.xbrl.org/2008/role/label" xlink:type="resource" xml:lang="en">[310000] Income statement, by function of expense</label:label>
    <link:loc xlink:href="rol_ifrs_for_smes_2017-03-09.xsd#ifrs_for_smes_2017-03-09_role-310000" xlink:label="loc_4" xlink:type="locator"/>
    <gen:arc xlink:arcrole="http://xbrl.org/arcrole/2008/element-label" xlink:from="loc_4" xlink:to="res_4" xlink:type="arc"/>
    <label:label xlink:label="res_5" xlink:role="http://www.xbrl.org/2008/role/label" xlink:type="resource" xml:lang="en">[320000] Income statement, by nature of expense</label:label>
    <link:loc xlink:href="rol_ifrs_for_smes_2017-03-09.xsd#ifrs_for_smes_2017-03-09_role-320000" xlink:label="loc_5" xlink:type="locator"/>
    <gen:arc xlink:arcrole="http://xbrl.org/arcrole/2008/element-label" xlink:from="loc_5" xlink:to="res_5" xlink:type="arc"/>
    <label:label xlink:label="res_6" xlink:role="http://www.xbrl.org/2008/role/label" xlink:type="resource" xml:lang="en">[410000] Statement of comprehensive income, OCI components presented net of tax</label:label>
    <link:loc xlink:href="rol_ifrs_for_smes_2017-03-09.xsd#ifrs_for_smes_2017-03-09_role-410000" xlink:label="loc_6" xlink:type="locator"/>
    <gen:arc xlink:arcrole="http://xbrl.org/arcrole/2008/element-label" xlink:from="loc_6" xlink:to="res_6" xlink:type="arc"/>
    <label:label xlink:label="res_7" xlink:role="http://www.xbrl.org/2008/role/label" xlink:type="resource" xml:lang="en">[420000] Statement of comprehensive income, OCI components presented before tax</label:label>
    <link:loc xlink:href="rol_ifrs_for_smes_2017-03-09.xsd#ifrs_for_smes_2017-03-09_role-420000" xlink:label="loc_7" xlink:type="locator"/>
    <gen:arc xlink:arcrole="http://xbrl.org/arcrole/2008/element-label" xlink:from="loc_7" xlink:to="res_7" xlink:type="arc"/>
    <label:label xlink:label="res_8" xlink:role="http://www.xbrl.org/2008/role/label" xlink:type="resource" xml:lang="en">[510000] Statement of cash flows, direct method</label:label>
    <link:loc xlink:href="rol_ifrs_for_smes_2017-03-09.xsd#ifrs_for_smes_2017-03-09_role-510000" xlink:label="loc_8" xlink:type="locator"/>
    <gen:arc xlink:arcrole="http://xbrl.org/arcrole/2008/element-label" xlink:from="loc_8" xlink:to="res_8" xlink:type="arc"/>
    <label:label xlink:label="res_9" xlink:role="http://www.xbrl.org/2008/role/label" xlink:type="resource" xml:lang="en">[520000] Statement of cash flows, indirect method</label:label>
    <link:loc xlink:href="rol_ifrs_for_smes_2017-03-09.xsd#ifrs_for_smes_2017-03-09_role-520000" xlink:label="loc_9" xlink:type="locator"/>
    <gen:arc xlink:arcrole="http://xbrl.org/arcrole/2008/element-label" xlink:from="loc_9" xlink:to="res_9" xlink:type="arc"/>
    <label:label xlink:label="res_10" xlink:role="http://www.xbrl.org/2008/role/label" xlink:type="resource" xml:lang="en">[610000] Statement of changes in equity</label:label>
    <link:loc xlink:href="rol_ifrs_for_smes_2017-03-09.xsd#ifrs_for_smes_2017-03-09_role-610000" xlink:label="loc_10" xlink:type="locator"/>
    <gen:arc xlink:arcrole="http://xbrl.org/arcrole/2008/element-label" xlink:from="loc_10" xlink:to="res_10" xlink:type="arc"/>
    <label:label xlink:label="res_11" xlink:role="http://www.xbrl.org/2008/role/label" xlink:type="resource" xml:lang="en">[650000] Statement of income and retained earnings, additional disclosures</label:label>
    <link:loc xlink:href="rol_ifrs_for_smes_2017-03-09.xsd#ifrs_for_smes_2017-03-09_role-650000" xlink:label="loc_11" xlink:type="locator"/>
    <gen:arc xlink:arcrole="http://xbrl.org/arcrole/2008/element-label" xlink:from="loc_11" xlink:to="res_11" xlink:type="arc"/>
    <label:label xlink:label="res_12" xlink:role="http://www.xbrl.org/2008/role/label" xlink:type="resource" xml:lang="en">[810000] Notes - Corporate information and statement of IFRS compliance</label:label>
    <link:loc xlink:href="rol_ifrs_for_smes_2017-03-09.xsd#ifrs_for_smes_2017-03-09_role-810000" xlink:label="loc_12" xlink:type="locator"/>
    <gen:arc xlink:arcrole="http://xbrl.org/arcrole/2008/element-label" xlink:from="loc_12" xlink:to="res_12" xlink:type="arc"/>
    <label:label xlink:label="res_13" xlink:role="http://www.xbrl.org/2008/role/label" xlink:type="resource" xml:lang="en">[810000a] Notes - Corporate information and statement of IFRS compliance</label:label>
    <link:loc xlink:href="rol_ifrs_for_smes_2017-03-09.xsd#ifrs_for_smes_2017-03-09_role-810000a" xlink:label="loc_13" xlink:type="locator"/>
    <gen:arc xlink:arcrole="http://xbrl.org/arcrole/2008/element-label" xlink:from="loc_13" xlink:to="res_13" xlink:type="arc"/>
    <label:label xlink:label="res_14" xlink:role="http://www.xbrl.org/2008/role/label" xlink:type="resource" xml:lang="en">[811000] Notes - Accounting policies, changes in accounting estimates and errors</label:label>
    <link:loc xlink:href="rol_ifrs_for_smes_2017-03-09.xsd#ifrs_for_smes_2017-03-09_role-811000" xlink:label="loc_14" xlink:type="locator"/>
    <gen:arc xlink:arcrole="http://xbrl.org/arcrole/2008/element-label" xlink:from="loc_14" xlink:to="res_14" xlink:type="arc"/>
    <label:label xlink:label="res_15" xlink:role="http://www.xbrl.org/2008/role/label" xlink:type="resource" xml:lang="en">[815000] Notes - Events after reporting period</label:label>
    <link:loc xlink:href="rol_ifrs_for_smes_2017-03-09.xsd#ifrs_for_smes_2017-03-09_role-815000" xlink:label="loc_15" xlink:type="locator"/>
    <gen:arc xlink:arcrole="http://xbrl.org/arcrole/2008/element-label" xlink:from="loc_15" xlink:to="res_15" xlink:type="arc"/>
    <label:label xlink:label="res_16" xlink:role="http://www.xbrl.org/2008/role/label" xlink:type="resource" xml:lang="en">[816000] Notes - Hyperinflationary reporting</label:label>
    <link:loc xlink:href="rol_ifrs_for_smes_2017-03-09.xsd#ifrs_for_smes_2017-03-09_role-816000" xlink:label="loc_16" xlink:type="locator"/>
    <gen:arc xlink:arcrole="http://xbrl.org/arcrole/2008/element-label" xlink:from="loc_16" xlink:to="res_16" xlink:type="arc"/>
    <label:label xlink:label="res_17" xlink:role="http://www.xbrl.org/2008/role/label" xlink:type="resource" xml:lang="en">[817000] Notes - Business combinations</label:label>
    <link:loc xlink:href="rol_ifrs_for_smes_2017-03-09.xsd#ifrs_for_smes_2017-03-09_role-817000" xlink:label="loc_17" xlink:type="locator"/>
    <gen:arc xlink:arcrole="http://xbrl.org/arcrole/2008/element-label" xlink:from="loc_17" xlink:to="res_17" xlink:type="arc"/>
    <label:label xlink:label="res_18" xlink:role="http://www.xbrl.org/2008/role/label" xlink:type="resource" xml:lang="en">[818000] Notes - Related party</label:label>
    <link:loc xlink:href="rol_ifrs_for_smes_2017-03-09.xsd#ifrs_for_smes_2017-03-09_role-818000" xlink:label="loc_18" xlink:type="locator"/>
    <gen:arc xlink:arcrole="http://xbrl.org/arcrole/2008/element-label" xlink:from="loc_18" xlink:to="res_18" xlink:type="arc"/>
    <label:label xlink:label="res_19" xlink:role="http://www.xbrl.org/2008/role/label" xlink:type="resource" xml:lang="en">[819100] Notes - First time adoption</label:label>
    <link:loc xlink:href="rol_ifrs_for_smes_2017-03-09.xsd#ifrs_for_smes_2017-03-09_role-819100" xlink:label="loc_19" xlink:type="locator"/>
    <gen:arc xlink:arcrole="http://xbrl.org/arcrole/2008/element-label" xlink:from="loc_19" xlink:to="res_19" xlink:type="arc"/>
    <label:label xlink:label="res_20" xlink:role="http://www.xbrl.org/2008/role/label" xlink:type="resource" xml:lang="en">[822100] Notes - Property, plant and equipment</label:label>
    <link:loc xlink:href="rol_ifrs_for_smes_2017-03-09.xsd#ifrs_for_smes_2017-03-09_role-822100" xlink:label="loc_20" xlink:type="locator"/>
    <gen:arc xlink:arcrole="http://xbrl.org/arcrole/2008/element-label" xlink:from="loc_20" xlink:to="res_20" xlink:type="arc"/>
    <label:label xlink:label="res_21" xlink:role="http://www.xbrl.org/2008/role/label" xlink:type="resource" xml:lang="en">[822390] Notes - Financial instruments</label:label>
    <link:loc xlink:href="rol_ifrs_for_smes_2017-03-09.xsd#ifrs_for_smes_2017-03-09_role-822390" xlink:label="loc_21" xlink:type="locator"/>
    <gen:arc xlink:arcrole="http://xbrl.org/arcrole/2008/element-label" xlink:from="loc_21" xlink:to="res_21" xlink:type="arc"/>
    <label:label xlink:label="res_22" xlink:role="http://www.xbrl.org/2008/role/label" xlink:type="resource" xml:lang="en">[822390a] Notes - Financial instruments</label:label>
    <link:loc xlink:href="rol_ifrs_for_smes_2017-03-09.xsd#ifrs_for_smes_2017-03-09_role-822390a" xlink:label="loc_22" xlink:type="locator"/>
    <gen:arc xlink:arcrole="http://xbrl.org/arcrole/2008/element-label" xlink:from="loc_22" xlink:to="res_22" xlink:type="arc"/>
    <label:label xlink:label="res_23" xlink:role="http://www.xbrl.org/2008/role/label" xlink:type="resource" xml:lang="en">[822390b] Notes - Financial instruments</label:label>
    <link:loc xlink:href="rol_ifrs_for_smes_2017-03-09.xsd#ifrs_for_smes_2017-03-09_role-822390b" xlink:label="loc_23" xlink:type="locator"/>
    <gen:arc xlink:arcrole="http://xbrl.org/arcrole/2008/element-label" xlink:from="loc_23" xlink:to="res_23" xlink:type="arc"/>
    <label:label xlink:label="res_24" xlink:role="http://www.xbrl.org/2008/role/label" xlink:type="resource" xml:lang="en">[822390c] Notes - Financial instruments</label:label>
    <link:loc xlink:href="rol_ifrs_for_smes_2017-03-09.xsd#ifrs_for_smes_2017-03-09_role-822390c" xlink:label="loc_24" xlink:type="locator"/>
    <gen:arc xlink:arcrole="http://xbrl.org/arcrole/2008/element-label" xlink:from="loc_24" xlink:to="res_24" xlink:type="arc"/>
    <label:label xlink:label="res_25" xlink:role="http://www.xbrl.org/2008/role/label" xlink:type="resource" xml:lang="en">[823180] Notes - Intangible assets</label:label>
    <link:loc xlink:href="rol_ifrs_for_smes_2017-03-09.xsd#ifrs_for_smes_2017-03-09_role-823180" xlink:label="loc_25" xlink:type="locator"/>
    <gen:arc xlink:arcrole="http://xbrl.org/arcrole/2008/element-label" xlink:from="loc_25" xlink:to="res_25" xlink:type="arc"/>
    <label:label xlink:label="res_26" xlink:role="http://www.xbrl.org/2008/role/label" xlink:type="resource" xml:lang="en">[824180] Notes - Agriculture</label:label>
    <link:loc xlink:href="rol_ifrs_for_smes_2017-03-09.xsd#ifrs_for_smes_2017-03-09_role-824180" xlink:label="loc_26" xlink:type="locator"/>
    <gen:arc xlink:arcrole="http://xbrl.org/arcrole/2008/element-label" xlink:from="loc_26" xlink:to="res_26" xlink:type="arc"/>
    <label:label xlink:label="res_27" xlink:role="http://www.xbrl.org/2008/role/label" xlink:type="resource" xml:lang="en">[825100] Notes - Investment property</label:label>
    <link:loc xlink:href="rol_ifrs_for_smes_2017-03-09.xsd#ifrs_for_smes_2017-03-09_role-825100" xlink:label="loc_27" xlink:type="locator"/>
    <gen:arc xlink:arcrole="http://xbrl.org/arcrole/2008/element-label" xlink:from="loc_27" xlink:to="res_27" xlink:type="arc"/>
    <label:label xlink:label="res_28" xlink:role="http://www.xbrl.org/2008/role/label" xlink:type="resource" xml:lang="en">[825480] Notes - Consolidated, combined and separate financial statements</label:label>
    <link:loc xlink:href="rol_ifrs_for_smes_2017-03-09.xsd#ifrs_for_smes_2017-03-09_role-825480" xlink:label="loc_28" xlink:type="locator"/>
    <gen:arc xlink:arcrole="http://xbrl.org/arcrole/2008/element-label" xlink:from="loc_28" xlink:to="res_28" xlink:type="arc"/>
    <label:label xlink:label="res_29" xlink:role="http://www.xbrl.org/2008/role/label" xlink:type="resource" xml:lang="en">[825500] Notes - Interests in joint ventures</label:label>
    <link:loc xlink:href="rol_ifrs_for_smes_2017-03-09.xsd#ifrs_for_smes_2017-03-09_role-825500" xlink:label="loc_29" xlink:type="locator"/>
    <gen:arc xlink:arcrole="http://xbrl.org/arcrole/2008/element-label" xlink:from="loc_29" xlink:to="res_29" xlink:type="arc"/>
    <label:label xlink:label="res_30" xlink:role="http://www.xbrl.org/2008/role/label" xlink:type="resource" xml:lang="en">[825600] Notes - Investments in associates</label:label>
    <link:loc xlink:href="rol_ifrs_for_smes_2017-03-09.xsd#ifrs_for_smes_2017-03-09_role-825600" xlink:label="loc_30" xlink:type="locator"/>
    <gen:arc xlink:arcrole="http://xbrl.org/arcrole/2008/element-label" xlink:from="loc_30" xlink:to="res_30" xlink:type="arc"/>
    <label:label xlink:label="res_31" xlink:role="http://www.xbrl.org/2008/role/label" xlink:type="resource" xml:lang="en">[825900] Notes - Non-current assets or disposal groups held for sale</label:label>
    <link:loc xlink:href="rol_ifrs_for_smes_2017-03-09.xsd#ifrs_for_smes_2017-03-09_role-825900" xlink:label="loc_31" xlink:type="locator"/>
    <gen:arc xlink:arcrole="http://xbrl.org/arcrole/2008/element-label" xlink:from="loc_31" xlink:to="res_31" xlink:type="arc"/>
    <label:label xlink:label="res_32" xlink:role="http://www.xbrl.org/2008/role/label" xlink:type="resource" xml:lang="en">[826380] Notes - Inventories</label:label>
    <link:loc xlink:href="rol_ifrs_for_smes_2017-03-09.xsd#ifrs_for_smes_2017-03-09_role-826380" xlink:label="loc_32" xlink:type="locator"/>
    <gen:arc xlink:arcrole="http://xbrl.org/arcrole/2008/element-label" xlink:from="loc_32" xlink:to="res_32" xlink:type="arc"/>
    <label:label xlink:label="res_33" xlink:role="http://www.xbrl.org/2008/role/label" xlink:type="resource" xml:lang="en">[827570] Notes - Other provisions, contingent liabilities and contingent assets</label:label>
    <link:loc xlink:href="rol_ifrs_for_smes_2017-03-09.xsd#ifrs_for_smes_2017-03-09_role-827570" xlink:label="loc_33" xlink:type="locator"/>
    <gen:arc xlink:arcrole="http://xbrl.org/arcrole/2008/element-label" xlink:from="loc_33" xlink:to="res_33" xlink:type="arc"/>
    <label:label xlink:label="res_34" xlink:role="http://www.xbrl.org/2008/role/label" xlink:type="resource" xml:lang="en">[827570a] Notes - Other provisions, contingent liabilities and contingent assets</label:label>
    <link:loc xlink:href="rol_ifrs_for_smes_2017-03-09.xsd#ifrs_for_smes_2017-03-09_role-827570a" xlink:label="loc_34" xlink:type="locator"/>
    <gen:arc xlink:arcrole="http://xbrl.org/arcrole/2008/element-label" xlink:from="loc_34" xlink:to="res_34" xlink:type="arc"/>
    <label:label xlink:label="res_35" xlink:role="http://www.xbrl.org/2008/role/label" xlink:type="resource" xml:lang="en">[827570b] Notes - Other provisions, contingent liabilities and contingent assets</label:label>
    <link:loc xlink:href="rol_ifrs_for_smes_2017-03-09.xsd#ifrs_for_smes_2017-03-09_role-827570b" xlink:label="loc_35" xlink:type="locator"/>
    <gen:arc xlink:arcrole="http://xbrl.org/arcrole/2008/element-label" xlink:from="loc_35" xlink:to="res_35" xlink:type="arc"/>
    <label:label xlink:label="res_36" xlink:role="http://www.xbrl.org/2008/role/label" xlink:type="resource" xml:lang="en">[831110] Notes - Revenue</label:label>
    <link:loc xlink:href="rol_ifrs_for_smes_2017-03-09.xsd#ifrs_for_smes_2017-03-09_role-831110" xlink:label="loc_36" xlink:type="locator"/>
    <gen:arc xlink:arcrole="http://xbrl.org/arcrole/2008/element-label" xlink:from="loc_36" xlink:to="res_36" xlink:type="arc"/>
    <label:label xlink:label="res_37" xlink:role="http://www.xbrl.org/2008/role/label" xlink:type="resource" xml:lang="en">[831400] Notes - Government grants</label:label>
    <link:loc xlink:href="rol_ifrs_for_smes_2017-03-09.xsd#ifrs_for_smes_2017-03-09_role-831400" xlink:label="loc_37" xlink:type="locator"/>
    <gen:arc xlink:arcrole="http://xbrl.org/arcrole/2008/element-label" xlink:from="loc_37" xlink:to="res_37" xlink:type="arc"/>
    <label:label xlink:label="res_38" xlink:role="http://www.xbrl.org/2008/role/label" xlink:type="resource" xml:lang="en">[831710] Notes - Construction contracts</label:label>
    <link:loc xlink:href="rol_ifrs_for_smes_2017-03-09.xsd#ifrs_for_smes_2017-03-09_role-831710" xlink:label="loc_38" xlink:type="locator"/>
    <gen:arc xlink:arcrole="http://xbrl.org/arcrole/2008/element-label" xlink:from="loc_38" xlink:to="res_38" xlink:type="arc"/>
    <label:label xlink:label="res_39" xlink:role="http://www.xbrl.org/2008/role/label" xlink:type="resource" xml:lang="en">[800200] Notes - Analysis of income and expense</label:label>
    <link:loc xlink:href="rol_ifrs_for_smes_2017-03-09.xsd#ifrs_for_smes_2017-03-09_role-800200" xlink:label="loc_39" xlink:type="locator"/>
    <gen:arc xlink:arcrole="http://xbrl.org/arcrole/2008/element-label" xlink:from="loc_39" xlink:to="res_39" xlink:type="arc"/>
    <label:label xlink:label="res_40" xlink:role="http://www.xbrl.org/2008/role/label" xlink:type="resource" xml:lang="en">[800100] Notes - Subclassifications of assets, liabilities and equities</label:label>
    <link:loc xlink:href="rol_ifrs_for_smes_2017-03-09.xsd#ifrs_for_smes_2017-03-09_role-800100" xlink:label="loc_40" xlink:type="locator"/>
    <gen:arc xlink:arcrole="http://xbrl.org/arcrole/2008/element-label" xlink:from="loc_40" xlink:to="res_40" xlink:type="arc"/>
    <label:label xlink:label="res_41" xlink:role="http://www.xbrl.org/2008/role/label" xlink:type="resource" xml:lang="en">[832410] Notes - Impairment of assets</label:label>
    <link:loc xlink:href="rol_ifrs_for_smes_2017-03-09.xsd#ifrs_for_smes_2017-03-09_role-832410" xlink:label="loc_41" xlink:type="locator"/>
    <gen:arc xlink:arcrole="http://xbrl.org/arcrole/2008/element-label" xlink:from="loc_41" xlink:to="res_41" xlink:type="arc"/>
    <label:label xlink:label="res_42" xlink:role="http://www.xbrl.org/2008/role/label" xlink:type="resource" xml:lang="en">[832600] Notes - Leases</label:label>
    <link:loc xlink:href="rol_ifrs_for_smes_2017-03-09.xsd#ifrs_for_smes_2017-03-09_role-832600" xlink:label="loc_42" xlink:type="locator"/>
    <gen:arc xlink:arcrole="http://xbrl.org/arcrole/2008/element-label" xlink:from="loc_42" xlink:to="res_42" xlink:type="arc"/>
    <label:label xlink:label="res_43" xlink:role="http://www.xbrl.org/2008/role/label" xlink:type="resource" xml:lang="en">[832600a] Notes - Leases</label:label>
    <link:loc xlink:href="rol_ifrs_for_smes_2017-03-09.xsd#ifrs_for_smes_2017-03-09_role-832600a" xlink:label="loc_43" xlink:type="locator"/>
    <gen:arc xlink:arcrole="http://xbrl.org/arcrole/2008/element-label" xlink:from="loc_43" xlink:to="res_43" xlink:type="arc"/>
    <label:label xlink:label="res_44" xlink:role="http://www.xbrl.org/2008/role/label" xlink:type="resource" xml:lang="en">[832600b] Notes - Leases</label:label>
    <link:loc xlink:href="rol_ifrs_for_smes_2017-03-09.xsd#ifrs_for_smes_2017-03-09_role-832600b" xlink:label="loc_44" xlink:type="locator"/>
    <gen:arc xlink:arcrole="http://xbrl.org/arcrole/2008/element-label" xlink:from="loc_44" xlink:to="res_44" xlink:type="arc"/>
    <label:label xlink:label="res_45" xlink:role="http://www.xbrl.org/2008/role/label" xlink:type="resource" xml:lang="en">[832600c] Notes - Leases</label:label>
    <link:loc xlink:href="rol_ifrs_for_smes_2017-03-09.xsd#ifrs_for_smes_2017-03-09_role-832600c" xlink:label="loc_45" xlink:type="locator"/>
    <gen:arc xlink:arcrole="http://xbrl.org/arcrole/2008/element-label" xlink:from="loc_45" xlink:to="res_45" xlink:type="arc"/>
    <label:label xlink:label="res_46" xlink:role="http://www.xbrl.org/2008/role/label" xlink:type="resource" xml:lang="en">[834120] Notes - Share-based payment arrangements</label:label>
    <link:loc xlink:href="rol_ifrs_for_smes_2017-03-09.xsd#ifrs_for_smes_2017-03-09_role-834120" xlink:label="loc_46" xlink:type="locator"/>
    <gen:arc xlink:arcrole="http://xbrl.org/arcrole/2008/element-label" xlink:from="loc_46" xlink:to="res_46" xlink:type="arc"/>
    <label:label xlink:label="res_47" xlink:role="http://www.xbrl.org/2008/role/label" xlink:type="resource" xml:lang="en">[834120a] Notes - Share-based payment arrangements</label:label>
    <link:loc xlink:href="rol_ifrs_for_smes_2017-03-09.xsd#ifrs_for_smes_2017-03-09_role-834120a" xlink:label="loc_47" xlink:type="locator"/>
    <gen:arc xlink:arcrole="http://xbrl.org/arcrole/2008/element-label" xlink:from="loc_47" xlink:to="res_47" xlink:type="arc"/>
    <label:label xlink:label="res_48" xlink:role="http://www.xbrl.org/2008/role/label" xlink:type="resource" xml:lang="en">[834480] Notes - Employee benefits</label:label>
    <link:loc xlink:href="rol_ifrs_for_smes_2017-03-09.xsd#ifrs_for_smes_2017-03-09_role-834480" xlink:label="loc_48" xlink:type="locator"/>
    <gen:arc xlink:arcrole="http://xbrl.org/arcrole/2008/element-label" xlink:from="loc_48" xlink:to="res_48" xlink:type="arc"/>
    <label:label xlink:label="res_49" xlink:role="http://www.xbrl.org/2008/role/label" xlink:type="resource" xml:lang="en">[834480a] Notes - Employee benefits</label:label>
    <link:loc xlink:href="rol_ifrs_for_smes_2017-03-09.xsd#ifrs_for_smes_2017-03-09_role-834480a" xlink:label="loc_49" xlink:type="locator"/>
    <gen:arc xlink:arcrole="http://xbrl.org/arcrole/2008/element-label" xlink:from="loc_49" xlink:to="res_49" xlink:type="arc"/>
    <label:label xlink:label="res_50" xlink:role="http://www.xbrl.org/2008/role/label" xlink:type="resource" xml:lang="en">[834480b] Notes - Employee benefits</label:label>
    <link:loc xlink:href="rol_ifrs_for_smes_2017-03-09.xsd#ifrs_for_smes_2017-03-09_role-834480b" xlink:label="loc_50" xlink:type="locator"/>
    <gen:arc xlink:arcrole="http://xbrl.org/arcrole/2008/element-label" xlink:from="loc_50" xlink:to="res_50" xlink:type="arc"/>
    <label:label xlink:label="res_51" xlink:role="http://www.xbrl.org/2008/role/label" xlink:type="resource" xml:lang="en">[835110] Notes - Income taxes</label:label>
    <link:loc xlink:href="rol_ifrs_for_smes_2017-03-09.xsd#ifrs_for_smes_2017-03-09_role-835110" xlink:label="loc_51" xlink:type="locator"/>
    <gen:arc xlink:arcrole="http://xbrl.org/arcrole/2008/element-label" xlink:from="loc_51" xlink:to="res_51" xlink:type="arc"/>
    <label:label xlink:label="res_52" xlink:role="http://www.xbrl.org/2008/role/label" xlink:type="resource" xml:lang="en">[842000] Notes - Effects of changes in foreign exchange rates</label:label>
    <link:loc xlink:href="rol_ifrs_for_smes_2017-03-09.xsd#ifrs_for_smes_2017-03-09_role-842000" xlink:label="loc_52" xlink:type="locator"/>
    <gen:arc xlink:arcrole="http://xbrl.org/arcrole/2008/element-label" xlink:from="loc_52" xlink:to="res_52" xlink:type="arc"/>
    <label:label xlink:label="res_53" xlink:role="http://www.xbrl.org/2008/role/label" xlink:type="resource" xml:lang="en">[851100] Notes - Cash flow statement</label:label>
    <link:loc xlink:href="rol_ifrs_for_smes_2017-03-09.xsd#ifrs_for_smes_2017-03-09_role-851100" xlink:label="loc_53" xlink:type="locator"/>
    <gen:arc xlink:arcrole="http://xbrl.org/arcrole/2008/element-label" xlink:from="loc_53" xlink:to="res_53" xlink:type="arc"/>
    <label:label xlink:label="res_54" xlink:role="http://www.xbrl.org/2008/role/label" xlink:type="resource" xml:lang="en">[861200] Notes - Share capital, reserves and other equity interest</label:label>
    <link:loc xlink:href="rol_ifrs_for_smes_2017-03-09.xsd#ifrs_for_smes_2017-03-09_role-861200" xlink:label="loc_54" xlink:type="locator"/>
    <gen:arc xlink:arcrole="http://xbrl.org/arcrole/2008/element-label" xlink:from="loc_54" xlink:to="res_54" xlink:type="arc"/>
    <label:label xlink:label="res_55" xlink:role="http://www.xbrl.org/2008/role/label" xlink:type="resource" xml:lang="en">[861200a] Notes - Share capital, reserves and other equity interest</label:label>
    <link:loc xlink:href="rol_ifrs_for_smes_2017-03-09.xsd#ifrs_for_smes_2017-03-09_role-861200a" xlink:label="loc_55" xlink:type="locator"/>
    <gen:arc xlink:arcrole="http://xbrl.org/arcrole/2008/element-label" xlink:from="loc_55" xlink:to="res_55" xlink:type="arc"/>
    <label:label xlink:label="res_56" xlink:role="http://www.xbrl.org/2008/role/label" xlink:type="resource" xml:lang="en">[861200b] Notes - Share capital, reserves and other equity interest</label:label>
    <link:loc xlink:href="rol_ifrs_for_smes_2017-03-09.xsd#ifrs_for_smes_2017-03-09_role-861200b" xlink:label="loc_56" xlink:type="locator"/>
    <gen:arc xlink:arcrole="http://xbrl.org/arcrole/2008/element-label" xlink:from="loc_56" xlink:to="res_56" xlink:type="arc"/>
    <label:label xlink:label="res_57" xlink:role="http://www.xbrl.org/2008/role/label" xlink:type="resource" xml:lang="en">[823180a] Notes - Intangible assets</label:label>
    <link:loc xlink:href="rol_ifrs_for_smes_2017-03-09.xsd#ifrs_for_smes_2017-03-09_role-823180a" xlink:label="loc_57" xlink:type="locator"/>
    <gen:arc xlink:arcrole="http://xbrl.org/arcrole/2008/element-label" xlink:from="loc_57" xlink:to="res_57" xlink:type="arc"/>
    <label:label xlink:label="res_58" xlink:role="http://www.xbrl.org/2008/role/label" xlink:type="resource" xml:lang="en">[822100a] Notes - Property, plant and equipment</label:label>
    <link:loc xlink:href="rol_ifrs_for_smes_2017-03-09.xsd#ifrs_for_smes_2017-03-09_role-822100a" xlink:label="loc_58" xlink:type="locator"/>
    <gen:arc xlink:arcrole="http://xbrl.org/arcrole/2008/element-label" xlink:from="loc_58" xlink:to="res_58" xlink:type="arc"/>
  </gen:link>
</link:linkbase>
