<?xml version="1.0" encoding="UTF-8"?><!--
		Taxonomy: 2017-03-09 (Final)
		********************** 
        Copyright (c) 2017 IFRS Foundation
        All rights reserved. Reproduction and use rights are strictly limited. For more information on the IFRS Foundation's copyright and the terms and conditions of use for these files, please refer to http://go.ifrs.org/IFRSTterms.
        The IFRS Foundation has trade marks registered around the world (Marks) including ‘IAS’, ‘IASB’, ‘IFRIC’, ‘IFRS’, the IFRS logo, ‘IFRS for SMEs’, IFRS for SMEs logo, the ‘Hexagon Device’, ‘International Accounting Standards’, ‘International Financial Reporting Standards’, ‘IFRS Taxonomy’ and ‘SIC’. Further details of the IFRS Foundation’s Marks are available from the Licensor on request.
        **********************
-->
<link:linkbase xmlns:link="http://www.xbrl.org/2003/linkbase" xmlns:xlink="http://www.w3.org/1999/xlink" xmlns:xsi="http://www.w3.org/2001/XMLSchema-instance" xsi:schemaLocation="http://www.xbrl.org/2003/linkbase http://www.xbrl.org/2003/xbrl-linkbase-2003-12-31.xsd">
  <link:roleRef roleURI="http://xbrl.ifrs.org/role/ifrs/ifrs_for_smes_2017-03-09_role-834120" xlink:href="rol_ifrs_for_smes_2017-03-09.xsd#ifrs_for_smes_2017-03-09_role-834120" xlink:type="simple"/>
  <link:presentationLink xlink:role="http://xbrl.ifrs.org/role/ifrs/ifrs_for_smes_2017-03-09_role-834120" xlink:type="extended">
    <link:loc xlink:href="../ifrs_for_smes-cor_2017-03-09.xsd#ifrs-smes_NumberOfOutstandingShareOptions" xlink:label="loc_1" xlink:type="locator"/>
    <link:loc xlink:href="../ifrs_for_smes-cor_2017-03-09.xsd#ifrs-smes_DisclosureOfNumberAndWeightedAverageExercisePricesOfShareOptionsExplanatory" xlink:label="loc_2" xlink:type="locator"/>
    <link:presentationArc order="10.0" preferredLabel="http://www.xbrl.org/2003/role/periodStartLabel" xlink:arcrole="http://www.xbrl.org/2003/arcrole/parent-child" xlink:from="loc_2" xlink:to="loc_1" xlink:type="arc"/>
    <link:loc xlink:href="../ifrs_for_smes-cor_2017-03-09.xsd#ifrs-smes_DisclosureOfTermsAndConditionsOfSharebasedPaymentArrangementExplanatory" xlink:label="loc_3" xlink:type="locator"/>
    <link:loc xlink:href="../ifrs_for_smes-cor_2017-03-09.xsd#ifrs-smes_DisclosureOfSharebasedPaymentArrangementsExplanatory" xlink:label="loc_4" xlink:type="locator"/>
    <link:presentationArc order="10.0" xlink:arcrole="http://www.xbrl.org/2003/arcrole/parent-child" xlink:from="loc_4" xlink:to="loc_3" xlink:type="arc"/>
    <link:loc xlink:href="../ifrs_for_smes-cor_2017-03-09.xsd#ifrs-smes_DisclosureOfTermsAndConditionsOfSharebasedPaymentArrangementAbstract" xlink:label="loc_5" xlink:type="locator"/>
    <link:presentationArc order="10.0" xlink:arcrole="http://www.xbrl.org/2003/arcrole/parent-child" xlink:from="loc_3" xlink:to="loc_5" xlink:type="arc"/>
    <link:loc xlink:href="../ifrs_for_smes-cor_2017-03-09.xsd#ifrs-smes_DisclosureOfTermsAndConditionsOfSharebasedPaymentArrangementTable" xlink:label="loc_6" xlink:type="locator"/>
    <link:presentationArc order="10.0" xlink:arcrole="http://www.xbrl.org/2003/arcrole/parent-child" xlink:from="loc_5" xlink:to="loc_6" xlink:type="arc"/>
    <link:loc xlink:href="../ifrs_for_smes-cor_2017-03-09.xsd#ifrs-smes_TypesOfSharebasedPaymentArrangementsAxis" xlink:label="loc_7" xlink:type="locator"/>
    <link:presentationArc order="10.0" xlink:arcrole="http://www.xbrl.org/2003/arcrole/parent-child" xlink:from="loc_6" xlink:to="loc_7" xlink:type="arc"/>
    <link:loc xlink:href="../ifrs_for_smes-cor_2017-03-09.xsd#ifrs-smes_SharebasedPaymentArrangementsMember" xlink:label="loc_8" xlink:type="locator"/>
    <link:presentationArc order="10.0" xlink:arcrole="http://www.xbrl.org/2003/arcrole/parent-child" xlink:from="loc_7" xlink:to="loc_8" xlink:type="arc"/>
    <link:loc xlink:href="../ifrs_for_smes-cor_2017-03-09.xsd#ifrs-smes_ExplanationOfShareOptionsInSharebasedPaymentArrangement" xlink:label="loc_9" xlink:type="locator"/>
    <link:loc xlink:href="../ifrs_for_smes-cor_2017-03-09.xsd#ifrs-smes_DisclosureOfTermsAndConditionsOfSharebasedPaymentArrangementLineItems" xlink:label="loc_10" xlink:type="locator"/>
    <link:presentationArc order="10.0" xlink:arcrole="http://www.xbrl.org/2003/arcrole/parent-child" xlink:from="loc_10" xlink:to="loc_9" xlink:type="arc"/>
    <link:loc xlink:href="../ifrs_for_smes-cor_2017-03-09.xsd#ifrs-smes_DescriptionOfVestingRequirementsForSharebasedPaymentArrangement" xlink:label="loc_11" xlink:type="locator"/>
    <link:presentationArc order="10.0" xlink:arcrole="http://www.xbrl.org/2003/arcrole/parent-child" xlink:from="loc_9" xlink:to="loc_11" xlink:type="arc"/>
    <link:loc xlink:href="../ifrs_for_smes-cor_2017-03-09.xsd#ifrs-smes_NumberOfShareOptionsGrantedInSharebasedPaymentArrangement" xlink:label="loc_12" xlink:type="locator"/>
    <link:presentationArc order="20.0" xlink:arcrole="http://www.xbrl.org/2003/arcrole/parent-child" xlink:from="loc_2" xlink:to="loc_12" xlink:type="arc"/>
    <link:presentationArc order="20.0" xlink:arcrole="http://www.xbrl.org/2003/arcrole/parent-child" xlink:from="loc_4" xlink:to="loc_2" xlink:type="arc"/>
    <link:presentationArc order="20.0" xlink:arcrole="http://www.xbrl.org/2003/arcrole/parent-child" xlink:from="loc_5" xlink:to="loc_10" xlink:type="arc"/>
    <link:loc xlink:href="../ifrs_for_smes-cor_2017-03-09.xsd#ifrs-smes_DescriptionOfMaximumTermOfOptionsGrantedForSharebasedPaymentArrangement" xlink:label="loc_13" xlink:type="locator"/>
    <link:presentationArc order="20.0" xlink:arcrole="http://www.xbrl.org/2003/arcrole/parent-child" xlink:from="loc_9" xlink:to="loc_13" xlink:type="arc"/>
    <link:loc xlink:href="../ifrs_for_smes-cor_2017-03-09.xsd#ifrs-smes_NumberOfShareOptionsForfeitedInSharebasedPaymentArrangement" xlink:label="loc_14" xlink:type="locator"/>
    <link:presentationArc order="30.0" xlink:arcrole="http://www.xbrl.org/2003/arcrole/parent-child" xlink:from="loc_2" xlink:to="loc_14" xlink:type="arc"/>
    <link:loc xlink:href="../ifrs_for_smes-cor_2017-03-09.xsd#ifrs-smes_DescriptionOfMethodOfSettlementForSharebasedPaymentArrangement" xlink:label="loc_15" xlink:type="locator"/>
    <link:presentationArc order="30.0" xlink:arcrole="http://www.xbrl.org/2003/arcrole/parent-child" xlink:from="loc_9" xlink:to="loc_15" xlink:type="arc"/>
    <link:loc xlink:href="../ifrs_for_smes-cor_2017-03-09.xsd#ifrs-smes_DisclosureOfDeterminationOfFairValueOfGoodsOrServicesReceivedOrFairValueOfEquityInstrumentsGrantedOnSharebasedPaymentsExplanatory" xlink:label="loc_16" xlink:type="locator"/>
    <link:presentationArc order="30.0" xlink:arcrole="http://www.xbrl.org/2003/arcrole/parent-child" xlink:from="loc_4" xlink:to="loc_16" xlink:type="arc"/>
    <link:loc xlink:href="../ifrs_for_smes-cor_2017-03-09.xsd#ifrs-smes_NumberOfShareOptionsExercisedInSharebasedPaymentArrangement" xlink:label="loc_17" xlink:type="locator"/>
    <link:presentationArc order="40.0" xlink:arcrole="http://www.xbrl.org/2003/arcrole/parent-child" xlink:from="loc_2" xlink:to="loc_17" xlink:type="arc"/>
    <link:loc xlink:href="../ifrs_for_smes-cor_2017-03-09.xsd#ifrs-smes_DescriptionOfLiabilityMeasurementForCashsettledSharebasedPaymentArrangements" xlink:label="loc_18" xlink:type="locator"/>
    <link:presentationArc order="40.0" xlink:arcrole="http://www.xbrl.org/2003/arcrole/parent-child" xlink:from="loc_4" xlink:to="loc_18" xlink:type="arc"/>
    <link:loc xlink:href="../ifrs_for_smes-cor_2017-03-09.xsd#ifrs-smes_NumberOfShareOptionsExpiredInSharebasedPaymentArrangement" xlink:label="loc_19" xlink:type="locator"/>
    <link:presentationArc order="50.0" xlink:arcrole="http://www.xbrl.org/2003/arcrole/parent-child" xlink:from="loc_2" xlink:to="loc_19" xlink:type="arc"/>
    <link:loc xlink:href="../ifrs_for_smes-cor_2017-03-09.xsd#ifrs-smes_ExplanationOfModificationsModifiedSharebasedPaymentArrangements" xlink:label="loc_20" xlink:type="locator"/>
    <link:presentationArc order="50.0" xlink:arcrole="http://www.xbrl.org/2003/arcrole/parent-child" xlink:from="loc_4" xlink:to="loc_20" xlink:type="arc"/>
    <link:loc xlink:href="../ifrs_for_smes-cor_2017-03-09.xsd#ifrs-smes_NumberOfOutstandingShareOptions" xlink:label="loc_21" xlink:type="locator"/>
    <link:presentationArc order="60.0" preferredLabel="http://www.xbrl.org/2003/role/periodEndLabel" xlink:arcrole="http://www.xbrl.org/2003/arcrole/parent-child" xlink:from="loc_2" xlink:to="loc_21" xlink:type="arc"/>
    <link:loc xlink:href="../ifrs_for_smes-cor_2017-03-09.xsd#ifrs-smes_ExplanationOfRecognitionAndMeasurementOfSharebasedPaymentExpenseOnBasisOfReasonableAllocationOfExpensesRecognisedForGroup" xlink:label="loc_22" xlink:type="locator"/>
    <link:presentationArc order="60.0" xlink:arcrole="http://www.xbrl.org/2003/arcrole/parent-child" xlink:from="loc_4" xlink:to="loc_22" xlink:type="arc"/>
    <link:loc xlink:href="../ifrs_for_smes-cor_2017-03-09.xsd#ifrs-smes_NumberOfShareOptionsExercisableInSharebasedPaymentArrangement" xlink:label="loc_23" xlink:type="locator"/>
    <link:presentationArc order="70.0" xlink:arcrole="http://www.xbrl.org/2003/arcrole/parent-child" xlink:from="loc_2" xlink:to="loc_23" xlink:type="arc"/>
    <link:loc xlink:href="../ifrs_for_smes-cor_2017-03-09.xsd#ifrs-smes_SharebasedPaymentTransactions" xlink:label="loc_24" xlink:type="locator"/>
    <link:presentationArc order="70.0" xlink:arcrole="http://www.xbrl.org/2003/arcrole/parent-child" xlink:from="loc_4" xlink:to="loc_24" xlink:type="arc"/>
    <link:loc xlink:href="../ifrs_for_smes-cor_2017-03-09.xsd#ifrs-smes_WeightedAverageExercisePriceOfShareOptionsOutstandingInSharebasedPaymentArrangement" xlink:label="loc_25" xlink:type="locator"/>
    <link:presentationArc order="80.0" preferredLabel="http://www.xbrl.org/2003/role/periodStartLabel" xlink:arcrole="http://www.xbrl.org/2003/arcrole/parent-child" xlink:from="loc_2" xlink:to="loc_25" xlink:type="arc"/>
    <link:loc xlink:href="../ifrs_for_smes-cor_2017-03-09.xsd#ifrs-smes_LiabilitiesFromSharebasedPaymentTransactions2011" xlink:label="loc_26" xlink:type="locator"/>
    <link:presentationArc order="80.0" xlink:arcrole="http://www.xbrl.org/2003/arcrole/parent-child" xlink:from="loc_4" xlink:to="loc_26" xlink:type="arc"/>
    <link:loc xlink:href="../ifrs_for_smes-cor_2017-03-09.xsd#ifrs-smes_WeightedAverageExercisePriceOfShareOptionsGrantedInSharebasedPaymentArrangement" xlink:label="loc_27" xlink:type="locator"/>
    <link:presentationArc order="90.0" xlink:arcrole="http://www.xbrl.org/2003/arcrole/parent-child" xlink:from="loc_2" xlink:to="loc_27" xlink:type="arc"/>
    <link:loc xlink:href="../ifrs_for_smes-cor_2017-03-09.xsd#ifrs-smes_WeightedAverageExercisePriceOfShareOptionsForfeitedInSharebasedPaymentArrangement" xlink:label="loc_28" xlink:type="locator"/>
    <link:presentationArc order="100.0" xlink:arcrole="http://www.xbrl.org/2003/arcrole/parent-child" xlink:from="loc_2" xlink:to="loc_28" xlink:type="arc"/>
    <link:loc xlink:href="../ifrs_for_smes-cor_2017-03-09.xsd#ifrs-smes_WeightedAverageExercisePriceOfShareOptionsExercisedInSharebasedPaymentArrangement" xlink:label="loc_29" xlink:type="locator"/>
    <link:presentationArc order="110.0" xlink:arcrole="http://www.xbrl.org/2003/arcrole/parent-child" xlink:from="loc_2" xlink:to="loc_29" xlink:type="arc"/>
    <link:loc xlink:href="../ifrs_for_smes-cor_2017-03-09.xsd#ifrs-smes_WeightedAverageExercisePriceOfShareOptionsExpiredInSharebasedPaymentArrangement" xlink:label="loc_30" xlink:type="locator"/>
    <link:presentationArc order="120.0" xlink:arcrole="http://www.xbrl.org/2003/arcrole/parent-child" xlink:from="loc_2" xlink:to="loc_30" xlink:type="arc"/>
    <link:loc xlink:href="../ifrs_for_smes-cor_2017-03-09.xsd#ifrs-smes_WeightedAverageExercisePriceOfShareOptionsOutstandingInSharebasedPaymentArrangement" xlink:label="loc_31" xlink:type="locator"/>
    <link:presentationArc order="130.0" preferredLabel="http://www.xbrl.org/2003/role/periodEndLabel" xlink:arcrole="http://www.xbrl.org/2003/arcrole/parent-child" xlink:from="loc_2" xlink:to="loc_31" xlink:type="arc"/>
    <link:loc xlink:href="../ifrs_for_smes-cor_2017-03-09.xsd#ifrs-smes_WeightedAverageExercisePriceOfShareOptionsExercisableInSharebasedPaymentArrangement" xlink:label="loc_32" xlink:type="locator"/>
    <link:presentationArc order="140.0" xlink:arcrole="http://www.xbrl.org/2003/arcrole/parent-child" xlink:from="loc_2" xlink:to="loc_32" xlink:type="arc"/>
  </link:presentationLink>
</link:linkbase>
